Datetime,Temp_F,Temp_C
2024-01-01 00:55:00,33.8,0.9999999999999984
2024-01-01 01:55:00,30.9,-0.6111111111111119
2024-01-01 02:55:00,26.8,-2.8888888888888884
2024-01-01 03:55:00,24.8,-3.9999999999999996
2024-01-01 04:55:00,21.7,-5.722222222222222
2024-01-01 04:55:00,21.7,-5.722222222222222
2024-01-01 05:55:00,24.6,-4.11111111111111
2024-01-01 06:55:00,18.7,-7.388888888888889
2024-01-01 07:55:00,24.3,-4.277777777777778
2024-01-01 08:55:00,21.7,-5.722222222222222
2024-01-01 09:55:00,18.9,-7.277777777777779
2024-01-01 10:55:00,20.1,-6.61111111111111
2024-01-01 11:55:00,20.1,-6.61111111111111
2024-01-01 12:55:00,19.0,-7.222222222222222
2024-01-01 13:55:00,21.4,-5.888888888888889
2024-01-01 14:55:00,21.6,-5.777777777777777
2024-01-01 15:55:00,30.4,-0.8888888888888896
2024-01-01 16:55:00,41.9,5.499999999999999
2024-01-01 17:55:00,49.6,9.777777777777779
2024-01-01 18:55:00,52.5,11.38888888888889
2024-01-01 19:55:00,52.9,11.61111111111111
2024-01-01 20:55:00,53.1,11.722222222222223
2024-01-01 21:55:00,53.4,11.888888888888888
2024-01-01 22:55:00,50.5,10.277777777777777
2024-01-01 23:55:00,41.0,5.0
2024-01-02 00:55:00,42.1,5.611111111111112
2024-01-02 01:55:00,39.6,4.222222222222223
2024-01-02 02:55:00,30.6,-0.777777777777777
2024-01-02 03:55:00,31.3,-0.3888888888888885
2024-01-02 04:55:00,30.9,-0.6111111111111119
2024-01-02 05:55:00,31.5,-0.2777777777777778
2024-01-02 06:55:00,34.0,1.1111111111111112
2024-01-02 07:55:00,31.6,-0.22222222222222143
2024-01-02 08:55:00,32.2,0.11111111111111269
2024-01-02 09:55:00,30.4,-0.8888888888888896
2024-01-02 10:55:00,30.7,-0.7222222222222227
2024-01-02 11:55:00,31.3,-0.3888888888888885
2024-01-02 12:55:00,31.6,-0.22222222222222143
2024-01-02 13:55:00,29.3,-1.4999999999999996
2024-01-02 14:55:00,30.0,-1.1111111111111112
2024-01-02 15:55:00,35.2,1.7777777777777792
2024-01-02 16:55:00,41.5,5.277777777777778
2024-01-02 17:55:00,40.5,4.722222222222222
2024-01-02 18:55:00,43.2,6.222222222222223
2024-01-02 19:55:00,43.5,6.388888888888888
2024-01-02 20:55:00,44.4,6.8888888888888875
2024-01-02 21:55:00,43.2,6.222222222222223
2024-01-02 22:55:00,41.4,5.222222222222221
2024-01-02 23:55:00,34.3,1.2777777777777761
2024-01-03 00:55:00,32.9,0.4999999999999992
2024-01-03 01:55:00,32.0,0.0
2024-01-03 02:55:00,26.4,-3.1111111111111116
2024-01-03 03:55:00,27.7,-2.3888888888888893
2024-01-03 05:55:00,26.2,-3.2222222222222223
2024-01-03 06:55:00,26.4,-3.1111111111111116
2024-01-03 07:55:00,23.4,-4.777777777777779
2024-01-03 08:55:00,22.5,-5.277777777777778
2024-01-03 09:55:00,21.4,-5.888888888888889
2024-01-03 10:55:00,22.3,-5.388888888888888
2024-01-03 11:55:00,23.0,-5.0
2024-01-03 12:55:00,21.4,-5.888888888888889
2024-01-03 13:55:00,22.6,-5.222222222222221
2024-01-03 14:55:00,24.3,-4.277777777777778
2024-01-03 15:55:00,31.8,-0.11111111111111072
2024-01-03 16:55:00,38.1,3.3888888888888897
2024-01-03 17:55:00,40.8,4.8888888888888875
2024-01-03 18:55:00,43.5,6.388888888888888
2024-01-03 19:55:00,44.6,7.000000000000001
2024-01-03 20:55:00,43.2,6.222222222222223
2024-01-03 21:55:00,42.1,5.611111111111112
2024-01-03 22:55:00,38.3,3.4999999999999982
2024-01-03 23:55:00,37.9,3.277777777777777
2024-01-04 00:55:00,36.9,2.7222222222222214
2024-01-04 01:55:00,36.3,2.388888888888887
2024-01-04 02:55:00,32.7,0.38888888888889045
2024-01-04 03:55:00,31.8,-0.11111111111111072
2024-01-04 04:55:00,28.0,-2.2222222222222223
2024-01-04 05:55:00,25.7,-3.5000000000000004
2024-01-04 06:55:00,26.2,-3.2222222222222223
2024-01-04 07:55:00,26.6,-2.999999999999999
2024-01-04 08:55:00,26.8,-2.8888888888888884
2024-01-04 09:55:00,27.0,-2.7777777777777777
2024-01-04 10:55:00,28.6,-1.888888888888888
2024-01-04 11:55:00,27.0,-2.7777777777777777
2024-01-04 12:55:00,28.0,-2.2222222222222223
2024-01-04 13:55:00,25.9,-3.3888888888888897
2024-01-04 14:55:00,26.4,-3.1111111111111116
2024-01-04 15:55:00,28.4,-2.000000000000001
2024-01-04 16:55:00,30.7,-0.7222222222222227
2024-01-04 17:55:00,33.6,0.8888888888888896
2024-01-04 18:55:00,33.8,0.9999999999999984
2024-01-04 19:55:00,33.6,0.8888888888888896
2024-01-04 20:10:00,33.8,0.9999999999999984
2024-01-04 20:21:00,33.8,0.9999999999999984
2024-01-04 20:55:00,30.9,-0.6111111111111119
2024-01-04 20:57:00,30.2,-1.0000000000000004
2024-01-04 21:27:00,30.2,-1.0000000000000004
2024-01-04 21:43:00,30.2,-1.0000000000000004
2024-01-04 21:55:00,29.8,-1.2222222222222219
2024-01-04 22:53:00,30.0,-1.1111111111111112
2024-01-04 22:54:00,30.2,-1.0000000000000004
2024-01-04 23:55:00,29.7,-1.2777777777777781
2024-01-05 01:56:00,28.8,-1.7777777777777772
2024-01-05 02:56:00,28.8,-1.7777777777777772
2024-01-05 03:58:00,29.1,-1.6111111111111103
2024-01-05 03:59:00,29.1,-1.6111111111111103
2024-01-05 04:54:00,29.3,-1.4999999999999996
2024-01-05 05:59:00,28.6,-1.888888888888888
2024-01-05 06:54:00,28.4,-2.000000000000001
2024-01-05 07:55:00,28.8,-1.7777777777777772
2024-01-05 09:00:00,28.8,-1.7777777777777772
2024-01-05 09:55:00,29.1,-1.6111111111111103
2024-01-05 10:58:00,28.0,-2.2222222222222223
2024-01-05 11:55:00,25.7,-3.5000000000000004
2024-01-05 12:55:00,25.7,-3.5000000000000004
2024-01-05 13:55:00,24.4,-4.222222222222223
2024-01-05 14:55:00,23.2,-4.888888888888889
2024-01-05 15:55:00,29.3,-1.4999999999999996
2024-01-05 16:55:00,32.0,0.0
2024-01-05 17:55:00,34.3,1.2777777777777761
2024-01-05 18:55:00,34.2,1.2222222222222239
2024-01-05 19:55:00,35.2,1.7777777777777792
2024-01-05 20:55:00,34.9,1.6111111111111103
2024-01-05 21:55:00,34.3,1.2777777777777761
2024-01-05 22:55:00,32.9,0.4999999999999992
2024-01-05 23:55:00,32.4,0.22222222222222143
2024-01-06 00:10:00,32.0,0.0
2024-01-06 00:25:00,32.0,0.0
2024-01-06 00:35:00,32.0,0.0
2024-01-06 00:41:00,32.0,0.0
2024-01-06 00:53:00,32.0,0.0
2024-01-06 00:55:00,30.9,-0.6111111111111119
2024-01-06 01:10:00,30.2,-1.0000000000000004
2024-01-06 01:15:00,30.2,-1.0000000000000004
2024-01-06 01:30:00,30.2,-1.0000000000000004
2024-01-06 01:45:00,30.2,-1.0000000000000004
2024-01-06 01:55:00,29.3,-1.4999999999999996
2024-01-06 02:10:00,28.4,-2.000000000000001
2024-01-06 02:27:00,28.4,-2.000000000000001
2024-01-06 02:42:00,28.4,-2.000000000000001
2024-01-06 03:55:00,25.5,-3.611111111111111
2024-01-06 04:55:00,27.5,-2.5
2024-01-06 05:55:00,20.3,-6.499999999999999
2024-01-06 06:55:00,23.4,-4.777777777777779
2024-01-06 07:25:00,24.8,-3.9999999999999996
2024-01-06 07:55:00,23.5,-4.722222222222222
2024-01-06 08:55:00,21.6,-5.777777777777777
2024-01-06 09:55:00,25.5,-3.611111111111111
2024-01-06 10:13:00,26.6,-2.999999999999999
2024-01-06 10:55:00,24.8,-3.9999999999999996
2024-01-06 11:25:00,26.6,-2.999999999999999
2024-01-06 11:40:00,24.8,-3.9999999999999996
2024-01-06 11:55:00,22.1,-5.499999999999999
2024-01-06 12:55:00,23.4,-4.777777777777779
2024-01-06 13:55:00,21.4,-5.888888888888889
2024-01-06 14:25:00,24.8,-3.9999999999999996
2024-01-06 14:40:00,24.8,-3.9999999999999996
2024-01-06 14:55:00,24.3,-4.277777777777778
2024-01-06 15:10:00,24.8,-3.9999999999999996
2024-01-06 15:55:00,26.8,-2.8888888888888884
2024-01-06 16:40:00,26.6,-2.999999999999999
2024-01-06 16:55:00,27.5,-2.5
2024-01-06 17:40:00,28.4,-2.000000000000001
2024-01-06 17:55:00,29.8,-1.2222222222222219
2024-01-06 18:55:00,31.5,-0.2777777777777778
2024-01-06 19:55:00,33.1,0.6111111111111119
2024-01-06 20:55:00,33.6,0.8888888888888896
2024-01-06 21:55:00,32.9,0.4999999999999992
2024-01-06 22:55:00,31.3,-0.3888888888888885
2024-01-06 23:55:00,25.5,-3.611111111111111
2024-01-07 00:55:00,23.4,-4.777777777777779
2024-01-07 01:55:00,22.5,-5.277777777777778
2024-01-07 02:55:00,26.1,-3.277777777777777
2024-01-07 03:55:00,20.5,-6.388888888888888
2024-01-07 04:55:00,23.7,-4.611111111111112
2024-01-07 05:55:00,23.4,-4.777777777777779
2024-01-07 06:55:00,25.3,-3.722222222222222
2024-01-07 07:55:00,20.3,-6.499999999999999
2024-01-07 08:55:00,19.6,-6.8888888888888875
2024-01-07 09:55:00,19.2,-7.111111111111112
2024-01-07 10:55:00,19.9,-6.722222222222223
2024-01-07 11:55:00,21.2,-6.0
2024-01-07 12:55:00,17.6,-7.999999999999999
2024-01-07 13:55:00,18.7,-7.388888888888889
2024-01-07 14:55:00,19.2,-7.111111111111112
2024-01-07 15:55:00,22.6,-5.222222222222221
2024-01-07 16:55:00,27.0,-2.7777777777777777
2024-01-07 17:55:00,31.6,-0.22222222222222143
2024-01-07 18:55:00,32.9,0.4999999999999992
2024-01-07 19:55:00,38.1,3.3888888888888897
2024-01-07 20:55:00,38.7,3.7222222222222237
2024-01-07 21:55:00,39.0,3.888888888888889
2024-01-07 22:55:00,36.5,2.5
2024-01-07 23:55:00,36.3,2.388888888888887
2024-01-08 00:55:00,32.4,0.22222222222222143
2024-01-08 01:55:00,31.1,-0.4999999999999992
2024-01-08 02:55:00,30.0,-1.1111111111111112
2024-01-08 03:55:00,30.9,-0.6111111111111119
2024-01-08 04:55:00,28.4,-2.000000000000001
2024-01-08 05:55:00,26.1,-3.277777777777777
2024-01-08 06:55:00,25.9,-3.3888888888888897
2024-01-08 07:55:00,26.4,-3.1111111111111116
2024-01-08 08:55:00,25.5,-3.611111111111111
2024-01-08 09:03:00,26.6,-2.999999999999999
2024-01-08 09:10:00,26.6,-2.999999999999999
2024-01-08 09:28:00,24.8,-3.9999999999999996
2024-01-08 09:42:00,24.8,-3.9999999999999996
2024-01-08 09:49:00,24.8,-3.9999999999999996
2024-01-08 09:55:00,24.3,-4.277777777777778
2024-01-08 10:27:00,24.8,-3.9999999999999996
2024-01-08 10:55:00,25.2,-3.777777777777778
2024-01-08 11:11:00,24.8,-3.9999999999999996
2024-01-08 11:55:00,23.5,-4.722222222222222
2024-01-08 12:55:00,22.1,-5.499999999999999
2024-01-08 13:55:00,22.8,-5.111111111111111
2024-01-08 14:55:00,22.5,-5.277777777777778
2024-01-08 15:55:00,22.1,-5.499999999999999
2024-01-08 16:55:00,22.8,-5.111111111111111
2024-01-08 17:55:00,23.2,-4.888888888888889
2024-01-08 18:55:00,25.5,-3.611111111111111
2024-01-08 19:55:00,26.6,-2.999999999999999
2024-01-08 20:55:00,27.1,-2.7222222222222214
2024-01-08 21:55:00,27.3,-2.6111111111111107
2024-01-08 22:55:00,26.1,-3.277777777777777
2024-01-08 23:55:00,24.3,-4.277777777777778
2024-01-09 00:55:00,23.5,-4.722222222222222
2024-01-09 01:55:00,22.8,-5.111111111111111
2024-01-09 02:55:00,21.0,-6.111111111111111
2024-01-09 03:55:00,19.9,-6.722222222222223
2024-01-09 04:55:00,20.1,-6.61111111111111
2024-01-09 05:55:00,19.4,-7.000000000000001
2024-01-09 06:55:00,18.1,-7.722222222222221
2024-01-09 07:55:00,12.2,-11.0
2024-01-09 08:55:00,15.8,-9.0
2024-01-09 09:55:00,13.6,-10.222222222222221
2024-01-09 10:55:00,16.2,-8.777777777777779
2024-01-09 11:55:00,12.6,-10.777777777777777
2024-01-09 12:55:00,9.7,-12.38888888888889
2024-01-09 13:55:00,9.7,-12.38888888888889
2024-01-09 14:55:00,15.3,-9.277777777777777
2024-01-09 15:55:00,21.7,-5.722222222222222
2024-01-09 16:55:00,25.3,-3.722222222222222
2024-01-09 17:55:00,30.7,-0.7222222222222227
2024-01-09 18:55:00,33.1,0.6111111111111119
2024-01-09 19:55:00,36.1,2.2777777777777786
2024-01-09 20:55:00,36.1,2.2777777777777786
2024-01-09 21:55:00,36.9,2.7222222222222214
2024-01-09 22:55:00,36.7,2.6111111111111125
2024-01-09 23:55:00,32.4,0.22222222222222143
2024-01-10 00:55:00,27.1,-2.7222222222222214
2024-01-10 01:55:00,25.5,-3.611111111111111
2024-01-10 02:55:00,28.6,-1.888888888888888
2024-01-10 03:55:00,26.1,-3.277777777777777
2024-01-10 04:55:00,30.0,-1.1111111111111112
2024-01-10 05:55:00,36.3,2.388888888888887
2024-01-10 06:55:00,31.6,-0.22222222222222143
2024-01-10 07:55:00,30.6,-0.777777777777777
2024-01-10 08:55:00,30.6,-0.777777777777777
2024-01-10 09:55:00,31.8,-0.11111111111111072
2024-01-10 10:55:00,29.8,-1.2222222222222219
2024-01-10 11:41:00,30.2,-1.0000000000000004
2024-01-10 11:46:00,30.2,-1.0000000000000004
2024-01-10 11:55:00,30.6,-0.777777777777777
2024-01-10 11:56:00,30.2,-1.0000000000000004
2024-01-10 12:04:00,28.4,-2.000000000000001
2024-01-10 12:08:00,28.4,-2.000000000000001
2024-01-10 12:10:00,28.4,-2.000000000000001
2024-01-10 12:55:00,32.2,0.11111111111111269
2024-01-10 13:55:00,30.7,-0.7222222222222227
2024-01-10 14:55:00,27.9,-2.2777777777777786
2024-01-10 15:55:00,33.3,0.7222222222222207
2024-01-10 16:55:00,34.7,1.5000000000000016
2024-01-10 17:41:00,35.6,2.000000000000001
2024-01-10 17:54:00,35.6,2.000000000000001
2024-01-10 17:55:00,36.0,2.2222222222222223
2024-01-10 17:59:00,35.6,2.000000000000001
2024-01-10 18:14:00,35.6,2.000000000000001
2024-01-10 18:41:00,35.6,2.000000000000001
2024-01-10 18:55:00,36.5,2.5
2024-01-10 19:55:00,37.8,3.2222222222222205
2024-01-10 20:21:00,37.4,2.999999999999999
2024-01-10 20:30:00,39.2,4.000000000000002
2024-01-10 20:32:00,39.2,4.000000000000002
2024-01-10 20:33:00,39.2,4.000000000000002
2024-01-10 20:38:00,39.2,4.000000000000002
2024-01-10 20:55:00,39.2,4.000000000000002
2024-01-10 21:55:00,40.1,4.500000000000001
2024-01-10 22:16:00,37.4,2.999999999999999
2024-01-10 22:55:00,36.9,2.7222222222222214
2024-01-10 23:55:00,34.2,1.2222222222222239
2024-01-11 00:55:00,31.3,-0.3888888888888885
2024-01-11 01:55:00,34.7,1.5000000000000016
2024-01-11 02:55:00,33.6,0.8888888888888896
2024-01-11 03:55:00,33.4,0.777777777777777
2024-01-11 04:55:00,29.1,-1.6111111111111103
2024-01-11 05:55:00,31.3,-0.3888888888888885
2024-01-11 06:55:00,33.3,0.7222222222222207
2024-01-11 07:55:00,34.2,1.2222222222222239
2024-01-11 08:55:00,33.6,0.8888888888888896
2024-01-11 09:55:00,35.1,1.722222222222223
2024-01-11 10:55:00,35.4,1.888888888888888
2024-01-11 11:55:00,36.5,2.5
2024-01-11 12:55:00,36.0,2.2222222222222223
2024-01-11 13:55:00,35.6,2.000000000000001
2024-01-11 14:55:00,35.2,1.7777777777777792
2024-01-11 14:59:00,35.6,2.000000000000001
2024-01-11 15:04:00,35.6,2.000000000000001
2024-01-11 15:51:00,28.4,-2.000000000000001
2024-01-11 15:55:00,28.6,-1.888888888888888
2024-01-11 16:55:00,28.0,-2.2222222222222223
2024-01-11 17:55:00,28.8,-1.7777777777777772
2024-01-11 18:55:00,27.9,-2.2777777777777786
2024-01-11 19:55:00,29.1,-1.6111111111111103
2024-01-11 20:55:00,27.3,-2.6111111111111107
2024-01-11 21:55:00,25.0,-3.888888888888889
2024-01-11 22:55:00,23.4,-4.777777777777779
2024-01-11 23:10:00,21.2,-6.0
2024-01-11 23:55:00,19.6,-6.8888888888888875
2024-01-12 00:10:00,19.4,-7.000000000000001
2024-01-12 00:55:00,18.9,-7.277777777777779
2024-01-12 01:10:00,19.4,-7.000000000000001
2024-01-12 01:40:00,19.4,-7.000000000000001
2024-01-12 01:55:00,18.7,-7.388888888888889
2024-01-12 02:45:00,17.6,-7.999999999999999
2024-01-12 02:52:00,17.6,-7.999999999999999
2024-01-12 02:55:00,17.4,-8.111111111111112
2024-01-12 03:18:00,17.6,-7.999999999999999
2024-01-12 03:33:00,15.8,-9.0
2024-01-12 03:52:00,15.8,-9.0
2024-01-12 03:55:00,16.2,-8.777777777777779
2024-01-12 04:08:00,15.8,-9.0
2024-01-12 04:30:00,14.0,-10.0
2024-01-12 04:55:00,14.0,-10.0
2024-01-12 05:10:00,14.0,-10.0
2024-01-12 05:40:00,12.2,-11.0
2024-01-12 05:55:00,12.2,-11.0
2024-01-12 06:10:00,12.2,-11.0
2024-01-12 06:55:00,8.6,-12.999999999999998
2024-01-12 07:10:00,6.8,-14.0
2024-01-12 07:55:00,7.7,-13.5
2024-01-12 08:55:00,5.9,-14.5
2024-01-12 09:55:00,3.9,-15.61111111111111
2024-01-12 10:55:00,5.5,-14.722222222222221
2024-01-12 11:55:00,6.6,-14.11111111111111
2024-01-12 12:55:00,17.6,-7.999999999999999
2024-01-12 13:06:00,18.0,-7.777777777777778
2024-01-12 13:55:00,18.7,-7.388888888888889
2024-01-12 14:55:00,21.2,-6.0
2024-01-12 15:55:00,25.5,-3.611111111111111
2024-01-12 16:46:00,26.6,-2.999999999999999
2024-01-12 16:55:00,27.5,-2.5
2024-01-12 17:55:00,28.6,-1.888888888888888
2024-01-12 18:55:00,28.2,-2.1111111111111116
2024-01-12 19:40:00,30.2,-1.0000000000000004
2024-01-12 19:46:00,32.0,0.0
2024-01-12 19:55:00,32.9,0.4999999999999992
2024-01-12 20:55:00,34.3,1.2777777777777761
2024-01-12 20:57:00,35.6,2.000000000000001
2024-01-12 21:07:00,33.8,0.9999999999999984
2024-01-12 21:55:00,34.0,1.1111111111111112
2024-01-12 22:31:00,33.8,0.9999999999999984
2024-01-12 22:55:00,34.9,1.6111111111111103
2024-01-12 23:55:00,31.1,-0.4999999999999992
2024-01-13 00:19:00,32.0,0.0
2024-01-13 00:55:00,28.9,-1.722222222222223
2024-01-13 01:55:00,27.9,-2.2777777777777786
2024-01-13 02:55:00,26.4,-3.1111111111111116
2024-01-13 03:55:00,24.3,-4.277777777777778
2024-01-13 04:55:00,23.7,-4.611111111111112
2024-01-13 05:55:00,24.8,-3.9999999999999996
2024-01-13 06:55:00,24.1,-4.388888888888888
2024-01-13 07:55:00,25.2,-3.777777777777778
2024-01-13 08:55:00,20.7,-6.277777777777778
2024-01-13 09:55:00,16.2,-8.777777777777779
2024-01-13 10:55:00,7.7,-13.5
2024-01-13 11:55:00,4.6,-15.222222222222221
2024-01-13 12:10:00,3.2,-16.0
2024-01-13 12:25:00,3.2,-16.0
2024-01-13 12:55:00,4.3,-15.388888888888888
2024-01-13 13:25:00,3.2,-16.0
2024-01-13 13:55:00,2.8,-16.22222222222222
2024-01-13 14:03:00,3.2,-16.0
2024-01-13 14:20:00,3.2,-16.0
2024-01-13 14:40:00,1.4,-17.0
2024-01-13 14:55:00,1.4,-17.0
2024-01-13 15:10:00,1.4,-17.0
2024-01-13 15:54:00,1.4,-17.0
2024-01-13 15:55:00,0.9,-17.27777777777778
2024-01-13 16:05:00,1.4,-17.0
2024-01-13 16:34:00,1.4,-17.0
2024-01-13 16:49:00,1.4,-17.0
2024-01-13 16:55:00,2.7,-16.27777777777778
2024-01-13 17:10:00,3.2,-16.0
2024-01-13 17:55:00,4.8,-15.11111111111111
2024-01-13 18:36:00,5.0,-15.0
2024-01-13 18:55:00,5.5,-14.722222222222221
2024-01-13 19:55:00,6.6,-14.11111111111111
2024-01-13 20:10:00,6.8,-14.0
2024-01-13 20:25:00,6.8,-14.0
2024-01-13 20:55:00,7.7,-13.5
2024-01-13 21:10:00,8.6,-12.999999999999998
2024-01-13 21:55:00,9.1,-12.722222222222221
2024-01-13 22:40:00,8.6,-12.999999999999998
2024-01-13 22:55:00,8.1,-13.277777777777777
2024-01-13 23:55:00,5.0,-15.0
2024-01-14 00:55:00,1.9,-16.72222222222222
2024-01-14 01:55:00,-0.4,-18.0
2024-01-14 02:55:00,-1.5,-18.61111111111111
2024-01-14 03:10:00,-2.2,-19.0
2024-01-14 03:25:00,-2.2,-19.0
2024-01-14 03:55:00,-2.4,-19.11111111111111
2024-01-14 04:25:00,-2.2,-19.0
2024-01-14 04:55:00,-3.5,-19.72222222222222
2024-01-14 05:10:00,-4.0,-20.0
2024-01-14 05:55:00,-4.7,-20.38888888888889
2024-01-14 06:25:00,-4.0,-20.0
2024-01-14 06:34:00,-4.0,-20.0
2024-01-14 06:49:00,-4.0,-20.0
2024-01-14 06:55:00,-4.9,-20.5
2024-01-14 07:40:00,-5.8,-20.999999999999996
2024-01-14 07:55:00,-5.4,-20.777777777777775
2024-01-14 08:40:00,-5.8,-20.999999999999996
2024-01-14 08:55:00,-6.2,-21.222222222222225
2024-01-14 09:25:00,-5.8,-20.999999999999996
2024-01-14 09:55:00,-6.3,-21.277777777777775
2024-01-14 10:42:00,-5.8,-20.999999999999996
2024-01-14 10:55:00,-5.6,-20.88888888888889
2024-01-14 11:02:00,-5.8,-20.999999999999996
2024-01-14 11:55:00,-6.0,-21.11111111111111
2024-01-14 12:10:00,-5.8,-20.999999999999996
2024-01-14 12:55:00,-6.2,-21.222222222222225
2024-01-14 13:10:00,-5.8,-20.999999999999996
2024-01-14 13:11:00,-5.8,-20.999999999999996
2024-01-14 13:26:00,-5.8,-20.999999999999996
2024-01-14 13:41:00,-7.6,-22.0
2024-01-14 13:55:00,-8.0,-22.22222222222222
2024-01-14 14:25:00,-7.6,-22.0
2024-01-14 14:55:00,-7.4,-21.88888888888889
2024-01-14 15:10:00,-7.6,-22.0
2024-01-14 15:55:00,-5.6,-20.88888888888889
2024-01-14 16:55:00,-4.2,-20.11111111111111
2024-01-14 17:25:00,-2.2,-19.0
2024-01-14 17:55:00,-1.8,-18.777777777777775
2024-01-14 18:40:00,1.4,-17.0
2024-01-14 18:55:00,1.9,-16.72222222222222
2024-01-14 19:55:00,4.6,-15.222222222222221
2024-01-14 20:55:00,4.8,-15.11111111111111
2024-01-14 21:55:00,8.1,-13.277777777777777
2024-01-14 22:55:00,8.1,-13.277777777777777
2024-01-14 23:55:00,5.7,-14.61111111111111
2024-01-15 00:55:00,4.5,-15.277777777777777
2024-01-15 01:55:00,3.7,-15.722222222222221
2024-01-15 02:55:00,3.6,-15.777777777777777
2024-01-15 03:55:00,1.2,-17.11111111111111
2024-01-15 04:55:00,1.0,-17.22222222222222
2024-01-15 05:55:00,-0.8,-18.22222222222222
2024-01-15 06:55:00,-0.4,-18.0
2024-01-15 07:55:00,-1.3,-18.499999999999996
2024-01-15 08:55:00,0.7,-17.38888888888889
2024-01-15 09:55:00,-1.3,-18.499999999999996
2024-01-15 10:55:00,-1.5,-18.61111111111111
2024-01-15 11:55:00,1.2,-17.11111111111111
2024-01-15 12:55:00,0.9,-17.27777777777778
2024-01-15 13:55:00,2.7,-16.27777777777778
2024-01-15 14:55:00,3.4,-15.88888888888889
2024-01-15 15:29:00,5.0,-15.0
2024-01-15 15:55:00,4.1,-15.499999999999998
2024-01-15 16:10:00,3.2,-16.0
2024-01-15 16:55:00,0.9,-17.27777777777778
2024-01-15 17:02:00,1.4,-17.0
2024-01-15 17:04:00,1.4,-17.0
2024-01-15 17:34:00,1.4,-17.0
2024-01-15 17:55:00,0.7,-17.38888888888889
2024-01-15 18:15:00,-0.4,-18.0
2024-01-15 18:17:00,-0.4,-18.0
2024-01-15 18:32:00,-0.4,-18.0
2024-01-15 18:47:00,-0.4,-18.0
2024-01-15 18:55:00,-0.9,-18.277777777777775
2024-01-15 19:51:00,-0.4,-18.0
2024-01-15 19:55:00,-0.8,-18.22222222222222
2024-01-15 20:46:00,-2.2,-19.0
2024-01-15 20:55:00,-2.4,-19.11111111111111
2024-01-15 21:43:00,-0.4,-18.0
2024-01-15 21:55:00,0.5,-17.5
2024-01-15 22:00:00,1.4,-17.0
2024-01-15 22:30:00,1.4,-17.0
2024-01-15 22:53:00,1.4,-17.0
2024-01-15 22:55:00,1.6,-16.88888888888889
2024-01-15 22:58:00,1.4,-17.0
2024-01-15 23:22:00,1.4,-17.0
2024-01-15 23:37:00,-0.4,-18.0
2024-01-15 23:52:00,-2.2,-19.0
2024-01-15 23:55:00,-1.8,-18.777777777777775
2024-01-16 00:10:00,-4.0,-20.0
2024-01-16 00:55:00,-6.3,-21.277777777777775
2024-01-16 01:55:00,-7.6,-22.0
2024-01-16 02:55:00,-8.3,-22.388888888888886
2024-01-16 03:55:00,-10.5,-23.61111111111111
2024-01-16 04:55:00,-9.9,-23.277777777777775
2024-01-16 05:55:00,-11.9,-24.388888888888886
2024-01-16 06:55:00,-9.2,-22.88888888888889
2024-01-16 07:55:00,-7.8,-22.11111111111111
2024-01-16 08:55:00,-6.3,-21.277777777777775
2024-01-16 09:55:00,-4.0,-20.0
2024-01-16 10:55:00,-3.1,-19.5
2024-01-16 11:55:00,-2.6,-19.22222222222222
2024-01-16 12:55:00,-1.7,-18.722222222222225
2024-01-16 13:55:00,-1.5,-18.61111111111111
2024-01-16 14:55:00,0.7,-17.38888888888889
2024-01-16 15:55:00,9.1,-12.722222222222221
2024-01-16 16:55:00,13.8,-10.11111111111111
2024-01-16 17:55:00,19.0,-7.222222222222222
2024-01-16 18:55:00,23.0,-5.0
2024-01-16 19:55:00,25.0,-3.888888888888889
2024-01-16 20:55:00,26.8,-2.8888888888888884
2024-01-16 21:55:00,26.6,-2.999999999999999
2024-01-16 22:55:00,24.4,-4.222222222222223
2024-01-16 23:55:00,22.3,-5.388888888888888
2024-01-17 00:55:00,21.0,-6.111111111111111
2024-01-17 01:55:00,14.7,-9.61111111111111
2024-01-17 02:55:00,13.8,-10.11111111111111
2024-01-17 03:55:00,15.8,-9.0
2024-01-17 04:55:00,13.1,-10.499999999999998
2024-01-17 05:55:00,13.5,-10.277777777777777
2024-01-17 06:55:00,15.1,-9.388888888888888
2024-01-17 07:55:00,15.6,-9.11111111111111
2024-01-17 08:55:00,15.6,-9.11111111111111
2024-01-17 09:55:00,19.6,-6.8888888888888875
2024-01-17 10:55:00,21.6,-5.777777777777777
2024-01-17 11:55:00,24.8,-3.9999999999999996
2024-01-17 12:55:00,23.9,-4.500000000000001
2024-01-17 13:55:00,25.5,-3.611111111111111
2024-01-17 14:55:00,25.3,-3.722222222222222
2024-01-17 15:55:00,30.9,-0.6111111111111119
2024-01-17 16:55:00,38.7,3.7222222222222237
2024-01-17 17:55:00,45.7,7.6111111111111125
2024-01-17 18:55:00,50.4,10.222222222222221
2024-01-17 19:55:00,52.3,11.277777777777777
2024-01-17 20:55:00,56.5,13.61111111111111
2024-01-17 21:55:00,57.4,14.11111111111111
2024-01-17 22:05:00,57.2,14.000000000000002
2024-01-17 22:55:00,55.6,13.11111111111111
2024-01-17 23:55:00,52.2,11.222222222222223
2024-01-18 00:55:00,47.7,8.722222222222223
2024-01-18 01:55:00,48.0,8.88888888888889
2024-01-18 02:55:00,41.9,5.499999999999999
2024-01-18 03:55:00,35.6,2.000000000000001
2024-01-18 04:55:00,41.4,5.222222222222221
2024-01-18 05:55:00,41.0,5.0
2024-01-18 06:55:00,37.8,3.2222222222222205
2024-01-18 07:55:00,34.7,1.5000000000000016
2024-01-18 08:55:00,30.7,-0.7222222222222227
2024-01-18 09:55:00,23.7,-4.611111111111112
2024-01-18 10:55:00,27.5,-2.5
2024-01-18 11:55:00,27.3,-2.6111111111111107
2024-01-18 12:55:00,28.0,-2.2222222222222223
2024-01-18 13:55:00,32.7,0.38888888888889045
2024-01-18 14:55:00,29.3,-1.4999999999999996
2024-01-18 15:55:00,46.0,7.777777777777778
2024-01-18 16:55:00,48.7,9.277777777777779
2024-01-18 17:55:00,54.0,12.222222222222221
2024-01-18 18:55:00,54.3,12.388888888888888
2024-01-18 19:02:00,55.4,12.999999999999998
2024-01-18 19:06:00,55.4,12.999999999999998
2024-01-18 19:55:00,55.9,13.277777777777777
2024-01-18 20:30:00,55.4,12.999999999999998
2024-01-18 20:55:00,44.6,7.000000000000001
2024-01-18 21:55:00,39.6,4.222222222222223
2024-01-18 22:55:00,37.4,2.999999999999999
2024-01-18 23:55:00,31.5,-0.2777777777777778
2024-01-19 00:55:00,26.2,-3.2222222222222223
2024-01-19 01:55:00,24.4,-4.222222222222223
2024-01-19 02:55:00,22.1,-5.499999999999999
2024-01-19 03:10:00,23.0,-5.0
2024-01-19 03:55:00,20.3,-6.499999999999999
2024-01-19 04:25:00,19.4,-7.000000000000001
2024-01-19 04:55:00,17.1,-8.277777777777777
2024-01-19 05:10:00,15.8,-9.0
2024-01-19 05:55:00,15.1,-9.388888888888888
2024-01-19 06:25:00,14.0,-10.0
2024-01-19 06:41:00,15.8,-9.0
2024-01-19 06:55:00,14.7,-9.61111111111111
2024-01-19 07:07:00,14.0,-10.0
2024-01-19 07:37:00,14.0,-10.0
2024-01-19 07:55:00,14.4,-9.777777777777779
2024-01-19 07:57:00,14.0,-10.0
2024-01-19 08:11:00,14.0,-10.0
2024-01-19 08:47:00,14.0,-10.0
2024-01-19 08:55:00,14.4,-9.777777777777779
2024-01-19 09:16:00,14.0,-10.0
2024-01-19 09:31:00,14.0,-10.0
2024-01-19 09:55:00,14.0,-10.0
2024-01-19 10:40:00,14.0,-10.0
2024-01-19 10:55:00,13.3,-10.388888888888888
2024-01-19 11:19:00,14.0,-10.0
2024-01-19 11:23:00,14.0,-10.0
2024-01-19 11:55:00,12.9,-10.611111111111112
2024-01-19 12:09:00,14.0,-10.0
2024-01-19 12:29:00,12.2,-11.0
2024-01-19 12:55:00,12.9,-10.611111111111112
2024-01-19 13:17:00,12.2,-11.0
2024-01-19 13:32:00,12.2,-11.0
2024-01-19 13:55:00,11.5,-11.38888888888889
2024-01-19 13:56:00,12.2,-11.0
2024-01-19 13:58:00,12.2,-11.0
2024-01-19 14:13:00,12.2,-11.0
2024-01-19 14:28:00,12.2,-11.0
2024-01-19 14:43:00,12.2,-11.0
2024-01-19 14:55:00,11.8,-11.222222222222221
2024-01-19 15:10:00,12.2,-11.0
2024-01-19 15:25:00,12.2,-11.0
2024-01-19 15:40:00,12.2,-11.0
2024-01-19 15:55:00,13.5,-10.277777777777777
2024-01-19 16:06:00,14.0,-10.0
2024-01-19 16:09:00,14.0,-10.0
2024-01-19 16:19:00,14.0,-10.0
2024-01-19 16:55:00,14.9,-9.5
2024-01-19 17:55:00,18.0,-7.777777777777778
2024-01-19 18:55:00,21.7,-5.722222222222222
2024-01-19 19:55:00,25.0,-3.888888888888889
2024-01-19 20:55:00,23.9,-4.500000000000001
2024-01-19 21:55:00,27.0,-2.7777777777777777
2024-01-19 22:55:00,27.0,-2.7777777777777777
2024-01-19 23:55:00,24.6,-4.11111111111111
2024-01-20 00:55:00,23.0,-5.0
2024-01-20 01:55:00,20.8,-6.222222222222221
2024-01-20 02:55:00,21.2,-6.0
2024-01-20 03:55:00,17.6,-7.999999999999999
2024-01-20 04:55:00,19.9,-6.722222222222223
2024-01-20 05:55:00,18.5,-7.5
2024-01-20 06:55:00,16.5,-8.61111111111111
2024-01-20 07:55:00,16.7,-8.5
2024-01-20 08:55:00,16.3,-8.722222222222221
2024-01-20 09:55:00,16.2,-8.777777777777779
2024-01-20 10:55:00,16.9,-8.38888888888889
2024-01-20 11:55:00,15.4,-9.222222222222223
2024-01-20 12:55:00,16.9,-8.38888888888889
2024-01-20 13:55:00,18.3,-7.611111111111111
2024-01-20 14:55:00,20.7,-6.277777777777778
2024-01-20 15:55:00,24.6,-4.11111111111111
2024-01-20 16:55:00,25.7,-3.5000000000000004
2024-01-20 17:55:00,28.8,-1.7777777777777772
2024-01-20 18:55:00,33.4,0.777777777777777
2024-01-20 19:55:00,34.0,1.1111111111111112
2024-01-20 20:55:00,35.4,1.888888888888888
2024-01-20 21:55:00,38.5,3.611111111111111
2024-01-20 22:55:00,35.2,1.7777777777777792
2024-01-20 23:55:00,28.6,-1.888888888888888
2024-01-21 00:55:00,28.2,-2.1111111111111116
2024-01-21 01:55:00,26.8,-2.8888888888888884
2024-01-21 02:55:00,26.4,-3.1111111111111116
2024-01-21 03:55:00,25.7,-3.5000000000000004
2024-01-21 04:55:00,25.2,-3.777777777777778
2024-01-21 05:55:00,24.1,-4.388888888888888
2024-01-21 06:55:00,21.9,-5.611111111111112
2024-01-21 07:55:00,24.6,-4.11111111111111
2024-01-21 08:55:00,28.8,-1.7777777777777772
2024-01-21 09:55:00,29.5,-1.3888888888888888
2024-01-21 10:55:00,30.4,-0.8888888888888896
2024-01-21 11:55:00,30.9,-0.6111111111111119
2024-01-21 12:55:00,31.5,-0.2777777777777778
2024-01-21 13:55:00,35.6,2.000000000000001
2024-01-21 14:55:00,36.0,2.2222222222222223
2024-01-21 15:55:00,37.6,3.1111111111111116
2024-01-21 16:55:00,39.6,4.222222222222223
2024-01-21 17:55:00,43.9,6.61111111111111
2024-01-21 18:55:00,48.4,9.11111111111111
2024-01-21 19:55:00,50.7,10.388888888888891
2024-01-21 20:55:00,51.6,10.88888888888889
2024-01-21 21:55:00,52.7,11.500000000000002
2024-01-21 22:55:00,49.3,9.611111111111109
2024-01-21 23:55:00,44.6,7.000000000000001
2024-01-22 00:55:00,37.8,3.2222222222222205
2024-01-22 01:55:00,41.0,5.0
2024-01-22 02:55:00,36.9,2.7222222222222214
2024-01-22 03:55:00,34.0,1.1111111111111112
2024-01-22 04:55:00,34.7,1.5000000000000016
2024-01-22 05:55:00,30.6,-0.777777777777777
2024-01-22 06:55:00,32.4,0.22222222222222143
2024-01-22 07:55:00,34.2,1.2222222222222239
2024-01-22 08:55:00,32.7,0.38888888888889045
2024-01-22 09:55:00,34.9,1.6111111111111103
2024-01-22 10:55:00,37.4,2.999999999999999
2024-01-22 11:55:00,36.7,2.6111111111111125
2024-01-22 12:55:00,35.4,1.888888888888888
2024-01-22 13:55:00,36.5,2.5
2024-01-22 14:55:00,38.7,3.7222222222222237
2024-01-22 15:55:00,42.4,5.777777777777777
2024-01-22 16:55:00,45.3,7.3888888888888875
2024-01-22 17:55:00,49.5,9.722222222222221
2024-01-22 18:55:00,49.5,9.722222222222221
2024-01-22 19:55:00,51.1,10.611111111111112
2024-01-22 20:55:00,52.3,11.277777777777777
2024-01-22 21:55:00,52.3,11.277777777777777
2024-01-22 22:55:00,50.4,10.222222222222221
2024-01-22 23:55:00,48.6,9.222222222222223
2024-01-23 00:55:00,45.5,7.5
2024-01-23 01:55:00,43.2,6.222222222222223
2024-01-23 02:55:00,37.9,3.277777777777777
2024-01-23 03:55:00,33.3,0.7222222222222207
2024-01-23 04:55:00,39.2,4.000000000000002
2024-01-23 05:55:00,37.6,3.1111111111111116
2024-01-23 06:55:00,38.7,3.7222222222222237
2024-01-23 07:55:00,30.6,-0.777777777777777
2024-01-23 08:55:00,29.3,-1.4999999999999996
2024-01-23 09:55:00,28.8,-1.7777777777777772
2024-01-23 10:55:00,28.4,-2.000000000000001
2024-01-23 11:55:00,29.5,-1.3888888888888888
2024-01-23 12:55:00,31.3,-0.3888888888888885
2024-01-23 13:55:00,28.8,-1.7777777777777772
2024-01-23 14:55:00,31.6,-0.22222222222222143
2024-01-23 15:55:00,36.1,2.2777777777777786
2024-01-23 16:55:00,41.9,5.499999999999999
2024-01-23 17:55:00,44.8,7.111111111111109
2024-01-23 18:55:00,46.4,7.999999999999999
2024-01-23 19:55:00,48.7,9.277777777777779
2024-01-23 20:55:00,50.5,10.277777777777777
2024-01-23 21:55:00,50.7,10.388888888888891
2024-01-23 22:55:00,47.7,8.722222222222223
2024-01-23 23:55:00,43.2,6.222222222222223
2024-01-24 00:55:00,42.4,5.777777777777777
2024-01-24 01:55:00,40.8,4.8888888888888875
2024-01-24 02:55:00,39.0,3.888888888888889
2024-01-24 03:55:00,33.4,0.777777777777777
2024-01-24 04:55:00,32.0,0.0
2024-01-24 05:55:00,28.8,-1.7777777777777772
2024-01-24 06:55:00,27.5,-2.5
2024-01-24 07:55:00,27.3,-2.6111111111111107
2024-01-24 08:55:00,29.8,-1.2222222222222219
2024-01-24 09:55:00,29.7,-1.2777777777777781
2024-01-24 10:55:00,28.2,-2.1111111111111116
2024-01-24 11:55:00,28.0,-2.2222222222222223
2024-01-24 12:55:00,26.1,-3.277777777777777
2024-01-24 13:55:00,24.6,-4.11111111111111
2024-01-24 14:55:00,27.1,-2.7222222222222214
2024-01-24 15:55:00,34.2,1.2222222222222239
2024-01-24 16:55:00,39.7,4.2777777777777795
2024-01-24 17:55:00,49.3,9.611111111111109
2024-01-24 18:55:00,48.7,9.277777777777779
2024-01-24 19:55:00,49.5,9.722222222222221
2024-01-24 20:55:00,50.5,10.277777777777777
2024-01-24 21:55:00,50.7,10.388888888888891
2024-01-24 22:55:00,49.6,9.777777777777779
2024-01-24 23:55:00,45.1,7.277777777777779
2024-01-25 00:55:00,44.2,6.7777777777777795
2024-01-25 01:55:00,41.4,5.222222222222221
2024-01-25 02:26:00,42.8,5.999999999999998
2024-01-25 02:38:00,42.8,5.999999999999998
2024-01-25 02:53:00,41.0,5.0
2024-01-25 02:55:00,41.0,5.0
2024-01-25 03:55:00,36.9,2.7222222222222214
2024-01-25 04:40:00,39.2,4.000000000000002
2024-01-25 04:55:00,37.6,3.1111111111111116
2024-01-25 05:08:00,37.4,2.999999999999999
2024-01-25 05:14:00,37.4,2.999999999999999
2024-01-25 05:49:00,35.6,2.000000000000001
2024-01-25 05:52:00,35.6,2.000000000000001
2024-01-25 05:55:00,35.8,2.1111111111111094
2024-01-25 06:55:00,34.7,1.5000000000000016
2024-01-25 07:55:00,28.4,-2.000000000000001
2024-01-25 08:55:00,29.5,-1.3888888888888888
2024-01-25 09:55:00,29.5,-1.3888888888888888
2024-01-25 10:55:00,27.5,-2.5
2024-01-25 11:55:00,28.0,-2.2222222222222223
2024-01-25 12:55:00,28.0,-2.2222222222222223
2024-01-25 13:55:00,26.1,-3.277777777777777
2024-01-25 14:55:00,29.7,-1.2777777777777781
2024-01-25 15:55:00,32.7,0.38888888888889045
2024-01-25 16:55:00,39.6,4.222222222222223
2024-01-25 17:55:00,42.4,5.777777777777777
2024-01-25 18:55:00,45.5,7.5
2024-01-25 19:55:00,47.3,8.499999999999998
2024-01-25 20:55:00,49.3,9.611111111111109
2024-01-25 21:45:00,50.0,10.0
2024-01-25 22:55:00,47.5,8.61111111111111
2024-01-25 23:55:00,43.7,6.500000000000002
2024-01-26 00:55:00,41.9,5.499999999999999
2024-01-26 01:55:00,42.4,5.777777777777777
2024-01-26 02:55:00,37.8,3.2222222222222205
2024-01-26 03:44:00,37.4,2.999999999999999
2024-01-26 03:54:00,37.4,2.999999999999999
2024-01-26 03:55:00,37.8,3.2222222222222205
2024-01-26 04:10:00,37.4,2.999999999999999
2024-01-26 04:11:00,37.4,2.999999999999999
2024-01-26 04:20:00,37.4,2.999999999999999
2024-01-26 04:30:00,35.6,2.000000000000001
2024-01-26 04:45:00,33.8,0.9999999999999984
2024-01-26 04:55:00,33.8,0.9999999999999984
2024-01-26 05:19:00,33.8,0.9999999999999984
2024-01-26 05:34:00,33.8,0.9999999999999984
2024-01-26 05:35:00,33.8,0.9999999999999984
2024-01-26 05:42:00,33.8,0.9999999999999984
2024-01-26 05:55:00,34.5,1.3888888888888888
2024-01-26 06:10:00,33.8,0.9999999999999984
2024-01-26 06:55:00,33.6,0.8888888888888896
2024-01-26 07:27:00,33.8,0.9999999999999984
2024-01-26 07:55:00,32.9,0.4999999999999992
2024-01-26 08:55:00,32.9,0.4999999999999992
2024-01-26 09:55:00,32.7,0.38888888888889045
2024-01-26 10:55:00,33.1,0.6111111111111119
2024-01-26 11:55:00,33.1,0.6111111111111119
2024-01-26 12:55:00,33.6,0.8888888888888896
2024-01-26 13:15:00,33.8,0.9999999999999984
2024-01-26 13:37:00,33.8,0.9999999999999984
2024-01-26 13:44:00,33.8,0.9999999999999984
2024-01-26 13:55:00,33.4,0.777777777777777
2024-01-26 14:14:00,33.8,0.9999999999999984
2024-01-26 14:29:00,33.8,0.9999999999999984
2024-01-26 14:38:00,33.8,0.9999999999999984
2024-01-26 14:53:00,33.8,0.9999999999999984
2024-01-26 14:55:00,33.6,0.8888888888888896
2024-01-26 15:55:00,33.6,0.8888888888888896
2024-01-26 15:56:00,33.6,0.8888888888888896
2024-01-26 16:32:00,33.8,0.9999999999999984
2024-01-26 16:55:00,34.0,1.1111111111111112
2024-01-26 17:00:00,33.8,0.9999999999999984
2024-01-26 17:55:00,35.6,2.000000000000001
2024-01-26 18:08:00,35.6,2.000000000000001
2024-01-26 18:50:00,37.4,2.999999999999999
2024-01-26 18:55:00,37.8,3.2222222222222205
2024-01-26 19:10:00,39.2,4.000000000000002
2024-01-26 19:40:00,39.2,4.000000000000002
2024-01-26 19:55:00,39.2,4.000000000000002
2024-01-26 20:10:00,39.2,4.000000000000002
2024-01-26 20:40:00,39.2,4.000000000000002
2024-01-26 20:55:00,40.5,4.722222222222222
2024-01-26 21:55:00,39.9,4.388888888888888
2024-01-26 22:55:00,39.4,4.11111111111111
2024-01-26 23:10:00,37.4,2.999999999999999
2024-01-26 23:55:00,36.0,2.2222222222222223
2024-01-27 00:55:00,34.2,1.2222222222222239
2024-01-27 01:55:00,37.6,3.1111111111111116
2024-01-27 02:55:00,34.5,1.3888888888888888
2024-01-27 03:55:00,34.9,1.6111111111111103
2024-01-27 04:55:00,34.3,1.2777777777777761
2024-01-27 05:55:00,32.4,0.22222222222222143
2024-01-27 06:55:00,31.8,-0.11111111111111072
2024-01-27 07:55:00,28.8,-1.7777777777777772
2024-01-27 08:55:00,27.5,-2.5
2024-01-27 09:55:00,28.0,-2.2222222222222223
2024-01-27 10:55:00,27.9,-2.2777777777777786
2024-01-27 11:55:00,26.4,-3.1111111111111116
2024-01-27 12:55:00,25.3,-3.722222222222222
2024-01-27 13:55:00,22.5,-5.277777777777778
2024-01-27 14:55:00,26.2,-3.2222222222222223
2024-01-27 15:55:00,31.1,-0.4999999999999992
2024-01-27 16:55:00,36.5,2.5
2024-01-27 17:55:00,41.5,5.277777777777778
2024-01-27 18:55:00,43.5,6.388888888888888
2024-01-27 19:55:00,44.8,7.111111111111109
2024-01-27 20:55:00,45.7,7.6111111111111125
2024-01-27 21:55:00,45.3,7.3888888888888875
2024-01-27 22:55:00,45.5,7.5
2024-01-27 23:55:00,41.4,5.222222222222221
2024-01-28 00:55:00,39.6,4.222222222222223
2024-01-28 01:55:00,36.5,2.5
2024-01-28 02:55:00,37.8,3.2222222222222205
2024-01-28 03:55:00,29.8,-1.2222222222222219
2024-01-28 04:55:00,27.5,-2.5
2024-01-28 05:55:00,28.8,-1.7777777777777772
2024-01-28 06:55:00,26.6,-2.999999999999999
2024-01-28 07:55:00,27.9,-2.2777777777777786
2024-01-28 08:55:00,28.2,-2.1111111111111116
2024-01-28 09:55:00,27.0,-2.7777777777777777
2024-01-28 10:55:00,28.0,-2.2222222222222223
2024-01-28 11:55:00,29.7,-1.2777777777777781
2024-01-28 12:55:00,30.2,-1.0000000000000004
2024-01-28 13:55:00,32.5,0.2777777777777778
2024-01-28 14:55:00,35.2,1.7777777777777792
2024-01-28 15:55:00,40.8,4.8888888888888875
2024-01-28 16:55:00,48.2,9.000000000000002
2024-01-28 17:55:00,53.2,11.777777777777779
2024-01-28 18:55:00,53.2,11.777777777777779
2024-01-28 19:55:00,54.7,12.611111111111112
2024-01-28 20:55:00,55.8,13.22222222222222
2024-01-28 21:55:00,56.1,13.38888888888889
2024-01-28 22:55:00,55.9,13.277777777777777
2024-01-28 23:55:00,50.7,10.388888888888891
2024-01-29 00:55:00,48.4,9.11111111111111
2024-01-29 01:55:00,44.6,7.000000000000001
2024-01-29 02:55:00,43.9,6.61111111111111
2024-01-29 03:55:00,33.1,0.6111111111111119
2024-01-29 04:55:00,35.2,1.7777777777777792
2024-01-29 05:55:00,34.3,1.2777777777777761
2024-01-29 06:55:00,32.4,0.22222222222222143
2024-01-29 07:55:00,34.0,1.1111111111111112
2024-01-29 08:55:00,34.3,1.2777777777777761
2024-01-29 09:55:00,34.2,1.2222222222222239
2024-01-29 10:55:00,35.4,1.888888888888888
2024-01-29 11:55:00,36.0,2.2222222222222223
2024-01-29 12:55:00,36.9,2.7222222222222214
2024-01-29 13:55:00,38.3,3.4999999999999982
2024-01-29 14:55:00,39.4,4.11111111111111
2024-01-29 15:55:00,42.4,5.777777777777777
2024-01-29 16:55:00,50.5,10.277777777777777
2024-01-29 17:55:00,54.1,12.277777777777779
2024-01-29 18:55:00,55.6,13.11111111111111
2024-01-29 19:55:00,56.8,13.777777777777775
2024-01-29 20:55:00,57.6,14.222222222222223
2024-01-29 21:55:00,56.3,13.499999999999998
2024-01-29 22:55:00,56.3,13.499999999999998
2024-01-29 23:55:00,51.3,10.72222222222222
2024-01-30 00:55:00,49.3,9.611111111111109
2024-01-30 01:55:00,48.9,9.388888888888888
2024-01-30 02:55:00,46.2,7.88888888888889
2024-01-30 03:55:00,39.0,3.888888888888889
2024-01-30 04:55:00,37.6,3.1111111111111116
2024-01-30 05:55:00,41.0,5.0
2024-01-30 06:55:00,33.3,0.7222222222222207
2024-01-30 07:55:00,33.1,0.6111111111111119
2024-01-30 08:55:00,34.3,1.2777777777777761
2024-01-30 09:55:00,31.6,-0.22222222222222143
2024-01-30 10:55:00,32.7,0.38888888888889045
2024-01-30 11:55:00,32.7,0.38888888888889045
2024-01-30 12:55:00,31.1,-0.4999999999999992
2024-01-30 13:55:00,31.3,-0.3888888888888885
2024-01-30 14:55:00,33.4,0.777777777777777
2024-01-30 15:55:00,40.8,4.8888888888888875
2024-01-30 16:55:00,45.9,7.722222222222221
2024-01-30 17:55:00,50.5,10.277777777777777
2024-01-30 18:55:00,55.0,12.777777777777777
2024-01-30 19:55:00,58.6,14.777777777777779
2024-01-30 20:55:00,59.2,15.111111111111112
2024-01-30 21:55:00,59.2,15.111111111111112
2024-01-30 22:55:00,58.1,14.5
2024-01-30 23:55:00,52.7,11.500000000000002
2024-01-31 00:55:00,50.2,10.111111111111112
2024-01-31 01:55:00,48.4,9.11111111111111
2024-01-31 02:55:00,39.6,4.222222222222223
2024-01-31 03:55:00,37.9,3.277777777777777
2024-01-31 04:55:00,38.1,3.3888888888888897
2024-01-31 05:55:00,39.0,3.888888888888889
2024-01-31 06:55:00,32.4,0.22222222222222143
2024-01-31 07:55:00,32.9,0.4999999999999992
2024-01-31 08:55:00,34.9,1.6111111111111103
2024-01-31 09:55:00,32.7,0.38888888888889045
2024-01-31 10:55:00,32.4,0.22222222222222143
2024-01-31 11:55:00,33.4,0.777777777777777
2024-01-31 12:55:00,32.7,0.38888888888889045
2024-01-31 13:55:00,31.6,-0.22222222222222143
2024-01-31 14:55:00,38.1,3.3888888888888897
2024-01-31 15:55:00,43.3,6.277777777777776
2024-01-31 16:55:00,51.4,10.777777777777777
2024-01-31 17:55:00,54.9,12.722222222222221
2024-01-31 18:55:00,58.5,14.722222222222221
2024-01-31 19:55:00,62.2,16.77777777777778
2024-01-31 20:55:00,61.7,16.5
2024-01-31 21:55:00,61.5,16.38888888888889
2024-01-31 22:55:00,58.8,14.888888888888888
2024-01-31 23:55:00,58.3,14.611111111111109
2024-02-01 00:55:00,54.1,12.277777777777779
2024-02-01 01:55:00,46.9,8.277777777777777
2024-02-01 02:55:00,45.3,7.3888888888888875
2024-02-01 03:55:00,39.7,4.2777777777777795
2024-02-01 04:55:00,41.7,5.38888888888889
2024-02-01 05:55:00,39.7,4.2777777777777795
2024-02-01 06:55:00,41.9,5.499999999999999
2024-02-01 07:55:00,39.4,4.11111111111111
2024-02-01 08:55:00,37.8,3.2222222222222205
2024-02-01 09:55:00,35.1,1.722222222222223
2024-02-01 10:55:00,35.6,2.000000000000001
2024-02-01 11:55:00,35.8,2.1111111111111094
2024-02-01 12:55:00,40.8,4.8888888888888875
2024-02-01 13:55:00,40.8,4.8888888888888875
2024-02-01 14:55:00,44.6,7.000000000000001
2024-02-01 15:55:00,47.1,8.38888888888889
2024-02-01 16:55:00,52.5,11.38888888888889
2024-02-01 17:55:00,56.3,13.499999999999998
2024-02-01 18:55:00,57.9,14.388888888888888
2024-02-01 19:55:00,59.2,15.111111111111112
2024-02-01 20:55:00,59.0,15.0
2024-02-01 21:55:00,56.8,13.777777777777775
2024-02-01 22:55:00,57.6,14.222222222222223
2024-02-01 23:55:00,51.3,10.72222222222222
2024-02-02 00:55:00,50.9,10.499999999999998
2024-02-02 01:55:00,50.7,10.388888888888891
2024-02-02 02:55:00,47.5,8.61111111111111
2024-02-02 03:55:00,47.1,8.38888888888889
2024-02-02 04:55:00,42.1,5.611111111111112
2024-02-02 05:55:00,38.3,3.4999999999999982
2024-02-02 06:55:00,37.2,2.8888888888888906
2024-02-02 07:55:00,34.9,1.6111111111111103
2024-02-02 08:55:00,33.8,0.9999999999999984
2024-02-02 09:55:00,34.0,1.1111111111111112
2024-02-02 10:55:00,36.0,2.2222222222222223
2024-02-02 11:55:00,35.6,2.000000000000001
2024-02-02 12:55:00,36.9,2.7222222222222214
2024-02-02 13:55:00,34.5,1.3888888888888888
2024-02-02 14:55:00,39.0,3.888888888888889
2024-02-02 15:55:00,39.0,3.888888888888889
2024-02-02 16:55:00,43.7,6.500000000000002
2024-02-02 17:55:00,47.1,8.38888888888889
2024-02-02 18:55:00,48.7,9.277777777777779
2024-02-02 19:55:00,48.4,9.11111111111111
2024-02-02 20:55:00,49.1,9.5
2024-02-02 21:55:00,48.4,9.11111111111111
2024-02-02 22:55:00,47.1,8.38888888888889
2024-02-02 23:55:00,45.7,7.6111111111111125
2024-02-02 23:58:00,44.6,7.000000000000001
2024-02-03 00:08:00,44.6,7.000000000000001
2024-02-03 00:38:00,42.8,5.999999999999998
2024-02-03 00:53:00,41.0,5.0
2024-02-03 01:27:00,41.0,5.0
2024-02-03 01:29:00,41.0,5.0
2024-02-03 02:12:00,41.0,5.0
2024-02-03 02:16:00,41.0,5.0
2024-02-03 02:31:00,41.0,5.0
2024-02-03 02:57:00,40.5,4.722222222222222
2024-02-03 03:27:00,39.2,4.000000000000002
2024-02-03 04:55:00,36.9,2.7222222222222214
2024-02-03 05:37:00,37.4,2.999999999999999
2024-02-03 05:46:00,37.4,2.999999999999999
2024-02-03 05:55:00,37.9,3.277777777777777
2024-02-03 06:10:00,39.2,4.000000000000002
2024-02-03 06:56:00,38.5,3.611111111111111
2024-02-03 07:30:00,39.2,4.000000000000002
2024-02-03 07:55:00,38.3,3.4999999999999982
2024-02-03 08:11:00,37.4,2.999999999999999
2024-02-03 08:26:00,39.2,4.000000000000002
2024-02-03 08:37:00,39.2,4.000000000000002
2024-02-03 08:55:00,38.5,3.611111111111111
2024-02-03 09:10:00,37.4,2.999999999999999
2024-02-03 09:25:00,37.4,2.999999999999999
2024-02-03 09:40:00,37.4,2.999999999999999
2024-02-03 09:55:00,36.1,2.2777777777777786
2024-02-03 10:10:00,35.6,2.000000000000001
2024-02-03 10:29:00,35.6,2.000000000000001
2024-02-03 10:44:00,35.6,2.000000000000001
2024-02-03 10:55:00,35.4,1.888888888888888
2024-02-03 11:10:00,37.4,2.999999999999999
2024-02-03 11:25:00,37.4,2.999999999999999
2024-02-03 11:40:00,39.2,4.000000000000002
2024-02-03 11:55:00,38.1,3.3888888888888897
2024-02-03 12:10:00,37.4,2.999999999999999
2024-02-03 12:24:00,39.2,4.000000000000002
2024-02-03 12:35:00,37.4,2.999999999999999
2024-02-03 12:50:00,39.2,4.000000000000002
2024-02-03 12:55:00,38.1,3.3888888888888897
2024-02-03 13:10:00,39.2,4.000000000000002
2024-02-03 13:25:00,37.4,2.999999999999999
2024-02-03 13:29:00,37.4,2.999999999999999
2024-02-03 13:31:00,37.4,2.999999999999999
2024-02-03 13:40:00,39.2,4.000000000000002
2024-02-03 13:55:00,38.1,3.3888888888888897
2024-02-03 14:55:00,37.4,2.999999999999999
2024-02-03 15:10:00,37.4,2.999999999999999
2024-02-03 15:25:00,37.4,2.999999999999999
2024-02-03 15:54:00,37.4,2.999999999999999
2024-02-03 15:55:00,36.7,2.6111111111111125
2024-02-03 16:25:00,37.4,2.999999999999999
2024-02-03 16:55:00,37.2,2.8888888888888906
2024-02-03 17:55:00,37.0,2.7777777777777777
2024-02-03 18:41:00,35.6,2.000000000000001
2024-02-03 18:44:00,35.6,2.000000000000001
2024-02-03 18:55:00,33.3,0.7222222222222207
2024-02-03 19:00:00,33.8,0.9999999999999984
2024-02-03 19:12:00,32.0,0.0
2024-02-03 19:18:00,32.0,0.0
2024-02-03 19:24:00,32.0,0.0
2024-02-03 19:41:00,32.0,0.0
2024-02-03 19:55:00,33.6,0.8888888888888896
2024-02-03 20:10:00,32.0,0.0
2024-02-03 20:25:00,32.0,0.0
2024-02-03 20:40:00,33.8,0.9999999999999984
2024-02-03 20:55:00,33.3,0.7222222222222207
2024-02-03 21:00:00,33.8,0.9999999999999984
2024-02-03 21:05:00,33.8,0.9999999999999984
2024-02-03 21:10:00,33.8,0.9999999999999984
2024-02-03 21:25:00,33.8,0.9999999999999984
2024-02-03 21:33:00,33.8,0.9999999999999984
2024-02-03 21:48:00,33.8,0.9999999999999984
2024-02-03 21:55:00,33.4,0.777777777777777
2024-02-03 22:07:00,33.8,0.9999999999999984
2024-02-03 22:20:00,33.8,0.9999999999999984
2024-02-03 22:50:00,33.8,0.9999999999999984
2024-02-03 22:55:00,33.6,0.8888888888888896
2024-02-03 23:55:00,34.7,1.5000000000000016
2024-02-04 00:55:00,34.7,1.5000000000000016
2024-02-04 01:21:00,35.6,2.000000000000001
2024-02-04 01:47:00,33.8,0.9999999999999984
2024-02-04 01:55:00,34.5,1.3888888888888888
2024-02-04 02:10:00,33.8,0.9999999999999984
2024-02-04 02:28:00,33.8,0.9999999999999984
2024-02-04 02:29:00,33.8,0.9999999999999984
2024-02-04 02:32:00,33.8,0.9999999999999984
2024-02-04 02:55:00,33.8,0.9999999999999984
2024-02-04 03:55:00,33.6,0.8888888888888896
2024-02-04 04:55:00,33.8,0.9999999999999984
2024-02-04 05:55:00,33.8,0.9999999999999984
2024-02-04 06:55:00,32.7,0.38888888888889045
2024-02-04 07:55:00,31.1,-0.4999999999999992
2024-02-04 08:55:00,28.9,-1.722222222222223
2024-02-04 09:55:00,27.1,-2.7222222222222214
2024-02-04 10:55:00,28.8,-1.7777777777777772
2024-02-04 11:55:00,25.7,-3.5000000000000004
2024-02-04 12:55:00,26.2,-3.2222222222222223
2024-02-04 13:55:00,26.4,-3.1111111111111116
2024-02-04 14:55:00,27.9,-2.2777777777777786
2024-02-04 15:55:00,32.2,0.11111111111111269
2024-02-04 16:55:00,34.7,1.5000000000000016
2024-02-04 17:55:00,37.2,2.8888888888888906
2024-02-04 18:55:00,40.8,4.8888888888888875
2024-02-04 19:55:00,42.3,5.7222222222222205
2024-02-04 20:55:00,41.7,5.38888888888889
2024-02-04 21:55:00,41.7,5.38888888888889
2024-02-04 22:55:00,43.7,6.500000000000002
2024-02-04 23:55:00,38.7,3.7222222222222237
2024-02-05 00:55:00,36.1,2.2777777777777786
2024-02-05 01:55:00,35.2,1.7777777777777792
2024-02-05 02:55:00,32.5,0.2777777777777778
2024-02-05 03:55:00,32.5,0.2777777777777778
2024-02-05 04:55:00,32.7,0.38888888888889045
2024-02-05 05:55:00,27.1,-2.7222222222222214
2024-02-05 06:25:00,30.2,-1.0000000000000004
2024-02-05 06:40:00,28.4,-2.000000000000001
2024-02-05 06:55:00,28.6,-1.888888888888888
2024-02-05 07:55:00,27.3,-2.6111111111111107
2024-02-05 08:10:00,26.6,-2.999999999999999
2024-02-05 08:25:00,26.6,-2.999999999999999
2024-02-05 08:40:00,24.8,-3.9999999999999996
2024-02-05 08:55:00,25.2,-3.777777777777778
2024-02-05 09:55:00,24.1,-4.388888888888888
2024-02-05 10:55:00,24.1,-4.388888888888888
2024-02-05 11:55:00,23.9,-4.500000000000001
2024-02-05 12:55:00,23.4,-4.777777777777779
2024-02-05 13:55:00,23.5,-4.722222222222222
2024-02-05 14:55:00,25.3,-3.722222222222222
2024-02-05 15:55:00,32.0,0.0
2024-02-05 16:55:00,34.5,1.3888888888888888
2024-02-05 17:55:00,36.5,2.5
2024-02-05 18:55:00,40.3,4.61111111111111
2024-02-05 19:55:00,41.4,5.222222222222221
2024-02-05 20:55:00,39.9,4.388888888888888
2024-02-05 21:55:00,44.6,7.000000000000001
2024-02-05 22:55:00,42.8,5.999999999999998
2024-02-05 23:55:00,40.8,4.8888888888888875
2024-02-06 00:55:00,41.7,5.38888888888889
2024-02-06 01:55:00,36.3,2.388888888888887
2024-02-06 02:55:00,39.4,4.11111111111111
2024-02-06 03:55:00,32.0,0.0
2024-02-06 04:55:00,32.4,0.22222222222222143
2024-02-06 05:55:00,32.5,0.2777777777777778
2024-02-06 06:55:00,33.8,0.9999999999999984
2024-02-06 07:55:00,32.9,0.4999999999999992
2024-02-06 08:55:00,33.8,0.9999999999999984
2024-02-06 09:55:00,34.3,1.2777777777777761
2024-02-06 10:55:00,32.9,0.4999999999999992
2024-02-06 11:55:00,34.2,1.2222222222222239
2024-02-06 12:55:00,33.3,0.7222222222222207
2024-02-06 13:55:00,33.4,0.777777777777777
2024-02-06 14:55:00,35.6,2.000000000000001
2024-02-06 15:55:00,39.4,4.11111111111111
2024-02-06 16:16:00,42.8,5.999999999999998
2024-02-06 16:55:00,51.8,10.999999999999998
2024-02-06 16:59:00,51.8,10.999999999999998
2024-02-06 17:05:00,51.8,10.999999999999998
2024-02-06 17:30:00,55.4,12.999999999999998
2024-02-06 17:55:00,57.7,14.277777777777779
2024-02-06 18:10:00,59.5,15.277777777777777
2024-02-06 18:55:00,62.1,16.72222222222222
2024-02-06 19:44:00,62.6,17.0
2024-02-06 19:55:00,63.3,17.388888888888886
2024-02-06 20:55:00,54.7,12.611111111111112
2024-02-06 21:55:00,59.2,15.111111111111112
2024-02-06 22:55:00,53.6,12.0
2024-02-06 23:55:00,50.2,10.111111111111112
2024-02-07 00:55:00,47.8,8.777777777777777
2024-02-07 01:55:00,53.8,12.111111111111109
2024-02-07 02:55:00,50.9,10.499999999999998
2024-02-07 03:55:00,47.7,8.722222222222223
2024-02-07 04:31:00,50.0,10.0
2024-02-07 04:55:00,48.4,9.11111111111111
2024-02-07 05:55:00,44.4,6.8888888888888875
2024-02-07 06:55:00,43.2,6.222222222222223
2024-02-07 07:55:00,38.5,3.611111111111111
2024-02-07 08:55:00,42.8,5.999999999999998
2024-02-07 09:55:00,37.6,3.1111111111111116
2024-02-07 10:55:00,41.9,5.499999999999999
2024-02-07 11:55:00,41.4,5.222222222222221
2024-02-07 12:55:00,37.8,3.2222222222222205
2024-02-07 13:55:00,36.1,2.2777777777777786
2024-02-07 14:55:00,39.0,3.888888888888889
2024-02-07 15:55:00,44.8,7.111111111111109
2024-02-07 16:55:00,46.0,7.777777777777778
2024-02-07 17:11:00,50.0,10.0
2024-02-07 17:12:00,50.0,10.0
2024-02-07 17:19:00,46.4,7.999999999999999
2024-02-07 17:29:00,50.0,10.0
2024-02-07 17:55:00,48.4,9.11111111111111
2024-02-07 18:20:00,51.8,10.999999999999998
2024-02-07 18:55:00,52.7,11.500000000000002
2024-02-07 19:55:00,53.6,12.0
2024-02-07 20:55:00,53.1,11.722222222222223
2024-02-07 21:55:00,51.3,10.72222222222222
2024-02-07 22:55:00,50.5,10.277777777777777
2024-02-07 23:22:00,44.6,7.000000000000001
2024-02-07 23:35:00,41.0,5.0
2024-02-07 23:55:00,42.4,5.777777777777777
2024-02-08 00:55:00,40.8,4.8888888888888875
2024-02-08 01:50:00,42.8,5.999999999999998
2024-02-08 01:55:00,42.8,5.999999999999998
2024-02-08 02:05:00,42.8,5.999999999999998
2024-02-08 02:55:00,41.4,5.222222222222221
2024-02-08 03:55:00,42.3,5.7222222222222205
2024-02-08 04:55:00,42.6,5.888888888888889
2024-02-08 05:55:00,41.4,5.222222222222221
2024-02-08 06:55:00,41.5,5.277777777777778
2024-02-08 07:55:00,40.6,4.777777777777779
2024-02-08 08:21:00,41.0,5.0
2024-02-08 08:55:00,40.8,4.8888888888888875
2024-02-08 09:55:00,40.3,4.61111111111111
2024-02-08 10:55:00,41.7,5.38888888888889
2024-02-08 11:55:00,36.3,2.388888888888887
2024-02-08 12:11:00,39.2,4.000000000000002
2024-02-08 12:55:00,40.8,4.8888888888888875
2024-02-08 13:55:00,36.5,2.5
2024-02-08 14:55:00,41.5,5.277777777777778
2024-02-08 15:55:00,41.5,5.277777777777778
2024-02-08 16:55:00,46.4,7.999999999999999
2024-02-08 17:55:00,49.5,9.722222222222221
2024-02-08 18:55:00,50.2,10.111111111111112
2024-02-08 19:52:00,50.0,10.0
2024-02-08 19:55:00,49.5,9.722222222222221
2024-02-08 19:57:00,50.0,10.0
2024-02-08 20:34:00,50.0,10.0
2024-02-08 20:55:00,49.8,9.888888888888888
2024-02-08 21:47:00,48.2,9.000000000000002
2024-02-08 21:55:00,49.1,9.5
2024-02-08 22:55:00,48.0,8.88888888888889
2024-02-08 23:24:00,48.2,9.000000000000002
2024-02-08 23:55:00,46.4,7.999999999999999
2024-02-09 00:55:00,42.3,5.7222222222222205
2024-02-09 01:55:00,39.4,4.11111111111111
2024-02-09 02:55:00,39.4,4.11111111111111
2024-02-09 03:55:00,37.0,2.7777777777777777
2024-02-09 04:55:00,31.5,-0.2777777777777778
2024-02-09 05:55:00,27.9,-2.2777777777777786
2024-02-09 06:55:00,30.2,-1.0000000000000004
2024-02-09 07:55:00,29.5,-1.3888888888888888
2024-02-09 08:55:00,30.0,-1.1111111111111112
2024-02-09 09:55:00,28.0,-2.2222222222222223
2024-02-09 10:55:00,29.7,-1.2777777777777781
2024-02-09 11:55:00,31.3,-0.3888888888888885
2024-02-09 12:15:00,32.0,0.0
2024-02-09 12:28:00,32.0,0.0
2024-02-09 12:43:00,32.0,0.0
2024-02-09 12:55:00,30.2,-1.0000000000000004
2024-02-09 13:10:00,30.2,-1.0000000000000004
2024-02-09 13:32:00,30.2,-1.0000000000000004
2024-02-09 13:47:00,30.2,-1.0000000000000004
2024-02-09 13:55:00,29.7,-1.2777777777777781
2024-02-09 14:10:00,30.2,-1.0000000000000004
2024-02-09 14:25:00,30.2,-1.0000000000000004
2024-02-09 14:40:00,30.2,-1.0000000000000004
2024-02-09 14:55:00,30.2,-1.0000000000000004
2024-02-09 15:10:00,30.2,-1.0000000000000004
2024-02-09 15:30:00,30.2,-1.0000000000000004
2024-02-09 15:55:00,30.7,-0.7222222222222227
2024-02-09 16:16:00,30.2,-1.0000000000000004
2024-02-09 16:55:00,31.6,-0.22222222222222143
2024-02-09 17:25:00,32.0,0.0
2024-02-09 17:47:00,32.0,0.0
2024-02-09 17:55:00,32.9,0.4999999999999992
2024-02-09 18:10:00,33.8,0.9999999999999984
2024-02-09 18:21:00,33.8,0.9999999999999984
2024-02-09 18:36:00,33.8,0.9999999999999984
2024-02-09 18:55:00,34.9,1.6111111111111103
2024-02-09 19:10:00,33.8,0.9999999999999984
2024-02-09 19:25:00,35.6,2.000000000000001
2024-02-09 19:40:00,37.4,2.999999999999999
2024-02-09 19:55:00,37.0,2.7777777777777777
2024-02-09 20:10:00,35.6,2.000000000000001
2024-02-09 20:25:00,37.4,2.999999999999999
2024-02-09 20:55:00,38.8,3.777777777777776
2024-02-09 21:55:00,37.0,2.7777777777777777
2024-02-09 22:55:00,37.0,2.7777777777777777
2024-02-09 23:55:00,37.4,2.999999999999999
2024-02-10 00:55:00,36.1,2.2777777777777786
2024-02-10 01:55:00,33.6,0.8888888888888896
2024-02-10 02:55:00,33.6,0.8888888888888896
2024-02-10 03:18:00,33.8,0.9999999999999984
2024-02-10 03:24:00,33.8,0.9999999999999984
2024-02-10 03:25:00,33.8,0.9999999999999984
2024-02-10 03:37:00,33.8,0.9999999999999984
2024-02-10 03:55:00,32.9,0.4999999999999992
2024-02-10 04:10:00,32.0,0.0
2024-02-10 04:40:00,32.0,0.0
2024-02-10 04:55:00,32.0,0.0
2024-02-10 05:55:00,32.2,0.11111111111111269
2024-02-10 06:55:00,28.4,-2.000000000000001
2024-02-10 07:55:00,30.0,-1.1111111111111112
2024-02-10 08:40:00,30.2,-1.0000000000000004
2024-02-10 08:55:00,30.4,-0.8888888888888896
2024-02-10 09:25:00,30.2,-1.0000000000000004
2024-02-10 09:55:00,29.3,-1.4999999999999996
2024-02-10 10:10:00,30.2,-1.0000000000000004
2024-02-10 10:39:00,30.2,-1.0000000000000004
2024-02-10 10:51:00,30.2,-1.0000000000000004
2024-02-10 10:55:00,29.7,-1.2777777777777781
2024-02-10 11:04:00,30.2,-1.0000000000000004
2024-02-10 11:55:00,30.0,-1.1111111111111112
2024-02-10 12:08:00,30.2,-1.0000000000000004
2024-02-10 12:30:00,30.2,-1.0000000000000004
2024-02-10 12:43:00,30.2,-1.0000000000000004
2024-02-10 12:55:00,29.5,-1.3888888888888888
2024-02-10 13:14:00,30.2,-1.0000000000000004
2024-02-10 13:22:00,30.2,-1.0000000000000004
2024-02-10 13:33:00,30.2,-1.0000000000000004
2024-02-10 13:49:00,30.2,-1.0000000000000004
2024-02-10 13:52:00,30.2,-1.0000000000000004
2024-02-10 13:55:00,29.3,-1.4999999999999996
2024-02-10 14:00:00,28.4,-2.000000000000001
2024-02-10 14:03:00,28.4,-2.000000000000001
2024-02-10 14:10:00,30.2,-1.0000000000000004
2024-02-10 14:20:00,30.2,-1.0000000000000004
2024-02-10 14:30:00,30.2,-1.0000000000000004
2024-02-10 14:40:00,30.2,-1.0000000000000004
2024-02-10 14:55:00,29.5,-1.3888888888888888
2024-02-10 15:12:00,30.2,-1.0000000000000004
2024-02-10 15:33:00,28.4,-2.000000000000001
2024-02-10 15:55:00,29.1,-1.6111111111111103
2024-02-10 16:08:00,28.4,-2.000000000000001
2024-02-10 16:23:00,28.4,-2.000000000000001
2024-02-10 16:41:00,30.2,-1.0000000000000004
2024-02-10 16:55:00,29.8,-1.2222222222222219
2024-02-10 17:08:00,30.2,-1.0000000000000004
2024-02-10 17:23:00,30.2,-1.0000000000000004
2024-02-10 17:38:00,30.2,-1.0000000000000004
2024-02-10 17:55:00,30.6,-0.777777777777777
2024-02-10 18:12:00,30.2,-1.0000000000000004
2024-02-10 18:44:00,30.2,-1.0000000000000004
2024-02-10 18:55:00,30.4,-0.8888888888888896
2024-02-10 19:19:00,30.2,-1.0000000000000004
2024-02-10 19:34:00,30.2,-1.0000000000000004
2024-02-10 19:49:00,32.0,0.0
2024-02-10 19:55:00,31.1,-0.4999999999999992
2024-02-10 20:10:00,32.0,0.0
2024-02-10 20:40:00,32.0,0.0
2024-02-10 20:55:00,31.5,-0.2777777777777778
2024-02-10 21:10:00,32.0,0.0
2024-02-10 21:40:00,30.2,-1.0000000000000004
2024-02-10 21:55:00,30.7,-0.7222222222222227
2024-02-10 21:59:00,30.2,-1.0000000000000004
2024-02-10 22:10:00,30.2,-1.0000000000000004
2024-02-10 22:25:00,30.2,-1.0000000000000004
2024-02-10 22:40:00,28.4,-2.000000000000001
2024-02-10 22:50:00,28.4,-2.000000000000001
2024-02-10 22:55:00,28.6,-1.888888888888888
2024-02-10 23:10:00,28.4,-2.000000000000001
2024-02-10 23:25:00,28.4,-2.000000000000001
2024-02-10 23:55:00,28.2,-2.1111111111111116
2024-02-11 00:02:00,28.4,-2.000000000000001
2024-02-11 00:17:00,28.4,-2.000000000000001
2024-02-11 00:34:00,28.4,-2.000000000000001
2024-02-11 00:42:00,28.4,-2.000000000000001
2024-02-11 00:55:00,27.9,-2.2777777777777786
2024-02-11 01:10:00,28.4,-2.000000000000001
2024-02-11 01:25:00,28.4,-2.000000000000001
2024-02-11 01:55:00,28.0,-2.2222222222222223
2024-02-11 02:10:00,28.4,-2.000000000000001
2024-02-11 02:21:00,28.4,-2.000000000000001
2024-02-11 02:36:00,28.4,-2.000000000000001
2024-02-11 02:55:00,27.9,-2.2777777777777786
2024-02-11 03:55:00,26.8,-2.8888888888888884
2024-02-11 04:55:00,26.6,-2.999999999999999
2024-02-11 05:55:00,26.6,-2.999999999999999
2024-02-11 06:55:00,23.5,-4.722222222222222
2024-02-11 07:40:00,24.8,-3.9999999999999996
2024-02-11 07:55:00,24.6,-4.11111111111111
2024-02-11 08:25:00,24.8,-3.9999999999999996
2024-02-11 08:40:00,24.8,-3.9999999999999996
2024-02-11 08:55:00,24.4,-4.222222222222223
2024-02-11 09:25:00,23.0,-5.0
2024-02-11 09:55:00,21.9,-5.611111111111112
2024-02-11 10:10:00,21.2,-6.0
2024-02-11 10:55:00,21.9,-5.611111111111112
2024-02-11 11:55:00,22.8,-5.111111111111111
2024-02-11 12:55:00,22.3,-5.388888888888888
2024-02-11 13:40:00,21.2,-6.0
2024-02-11 13:55:00,20.5,-6.388888888888888
2024-02-11 14:25:00,17.6,-7.999999999999999
2024-02-11 14:55:00,18.5,-7.5
2024-02-11 15:40:00,21.2,-6.0
2024-02-11 15:55:00,21.6,-5.777777777777777
2024-02-11 16:55:00,25.2,-3.777777777777778
2024-02-11 17:25:00,24.8,-3.9999999999999996
2024-02-11 17:55:00,26.6,-2.999999999999999
2024-02-11 18:25:00,28.4,-2.000000000000001
2024-02-11 18:55:00,29.8,-1.2222222222222219
2024-02-11 19:55:00,32.0,0.0
2024-02-11 20:10:00,33.8,0.9999999999999984
2024-02-11 20:55:00,33.8,0.9999999999999984
2024-02-11 21:55:00,33.8,0.9999999999999984
2024-02-11 22:55:00,33.6,0.8888888888888896
2024-02-11 23:55:00,32.7,0.38888888888889045
2024-02-12 00:55:00,29.3,-1.4999999999999996
2024-02-12 01:55:00,29.3,-1.4999999999999996
2024-02-12 02:55:00,23.5,-4.722222222222222
2024-02-12 03:55:00,27.0,-2.7777777777777777
2024-02-12 04:55:00,23.9,-4.500000000000001
2024-02-12 05:55:00,23.5,-4.722222222222222
2024-02-12 06:55:00,23.5,-4.722222222222222
2024-02-12 07:55:00,22.8,-5.111111111111111
2024-02-12 08:55:00,21.7,-5.722222222222222
2024-02-12 09:55:00,22.3,-5.388888888888888
2024-02-12 10:55:00,21.7,-5.722222222222222
2024-02-12 11:55:00,21.2,-6.0
2024-02-12 12:55:00,20.3,-6.499999999999999
2024-02-12 13:55:00,22.3,-5.388888888888888
2024-02-12 14:55:00,26.4,-3.1111111111111116
2024-02-12 15:55:00,35.2,1.7777777777777792
2024-02-12 16:55:00,39.4,4.11111111111111
2024-02-12 17:55:00,39.9,4.388888888888888
2024-02-12 18:55:00,41.4,5.222222222222221
2024-02-12 19:55:00,44.1,6.722222222222223
2024-02-12 20:55:00,43.3,6.277777777777776
2024-02-12 21:55:00,45.5,7.5
2024-02-12 22:55:00,43.9,6.61111111111111
2024-02-12 23:55:00,38.5,3.611111111111111
2024-02-13 00:55:00,34.0,1.1111111111111112
2024-02-13 01:55:00,36.5,2.5
2024-02-13 02:55:00,33.3,0.7222222222222207
2024-02-13 03:55:00,29.1,-1.6111111111111103
2024-02-13 04:55:00,32.5,0.2777777777777778
2024-02-13 05:55:00,26.8,-2.8888888888888884
2024-02-13 06:55:00,25.0,-3.888888888888889
2024-02-13 07:55:00,25.7,-3.5000000000000004
2024-02-13 08:55:00,25.2,-3.777777777777778
2024-02-13 09:55:00,27.1,-2.7222222222222214
2024-02-13 10:55:00,28.4,-2.000000000000001
2024-02-13 11:55:00,31.6,-0.22222222222222143
2024-02-13 12:55:00,34.3,1.2777777777777761
2024-02-13 13:55:00,29.1,-1.6111111111111103
2024-02-13 14:55:00,34.2,1.2222222222222239
2024-02-13 15:55:00,41.5,5.277777777777778
2024-02-13 16:55:00,44.1,6.722222222222223
2024-02-13 17:55:00,44.2,6.7777777777777795
2024-02-13 18:55:00,43.9,6.61111111111111
2024-02-13 19:55:00,45.1,7.277777777777779
2024-02-13 20:55:00,46.8,8.22222222222222
2024-02-13 21:55:00,46.9,8.277777777777777
2024-02-13 22:55:00,44.2,6.7777777777777795
2024-02-13 23:55:00,43.5,6.388888888888888
2024-02-14 00:55:00,38.1,3.3888888888888897
2024-02-14 01:55:00,36.0,2.2222222222222223
2024-02-14 02:55:00,35.2,1.7777777777777792
2024-02-14 03:55:00,30.6,-0.777777777777777
2024-02-14 04:55:00,35.2,1.7777777777777792
2024-02-14 05:55:00,29.8,-1.2222222222222219
2024-02-14 06:55:00,30.2,-1.0000000000000004
2024-02-14 07:55:00,25.5,-3.611111111111111
2024-02-14 08:55:00,25.3,-3.722222222222222
2024-02-14 09:55:00,26.2,-3.2222222222222223
2024-02-14 10:55:00,24.6,-4.11111111111111
2024-02-14 11:55:00,22.6,-5.222222222222221
2024-02-14 12:55:00,25.5,-3.611111111111111
2024-02-14 13:55:00,25.7,-3.5000000000000004
2024-02-14 14:55:00,36.5,2.5
2024-02-14 15:55:00,47.3,8.499999999999998
2024-02-14 16:55:00,50.9,10.499999999999998
2024-02-14 17:04:00,51.8,10.999999999999998
2024-02-14 17:41:00,51.8,10.999999999999998
2024-02-14 17:55:00,52.3,11.277777777777777
2024-02-14 18:55:00,52.7,11.500000000000002
2024-02-14 19:44:00,55.4,12.999999999999998
2024-02-14 19:55:00,53.2,11.777777777777779
2024-02-14 20:55:00,54.1,12.277777777777779
2024-02-14 20:58:00,53.6,12.0
2024-02-14 21:10:00,53.6,12.0
2024-02-14 21:34:00,51.8,10.999999999999998
2024-02-14 21:35:00,51.8,10.999999999999998
2024-02-14 21:55:00,53.4,11.888888888888888
2024-02-14 22:15:00,53.6,12.0
2024-02-14 22:27:00,53.6,12.0
2024-02-14 22:55:00,52.7,11.500000000000002
2024-02-14 23:55:00,50.5,10.277777777777777
2024-02-15 00:55:00,43.5,6.388888888888888
2024-02-15 01:55:00,41.9,5.499999999999999
2024-02-15 02:55:00,36.0,2.2222222222222223
2024-02-15 03:55:00,35.4,1.888888888888888
2024-02-15 04:55:00,34.2,1.2222222222222239
2024-02-15 05:55:00,35.4,1.888888888888888
2024-02-15 06:55:00,33.1,0.6111111111111119
2024-02-15 07:55:00,32.0,0.0
2024-02-15 08:55:00,30.6,-0.777777777777777
2024-02-15 09:55:00,30.9,-0.6111111111111119
2024-02-15 10:55:00,28.6,-1.888888888888888
2024-02-15 11:55:00,28.8,-1.7777777777777772
2024-02-15 12:55:00,25.7,-3.5000000000000004
2024-02-15 13:10:00,24.8,-3.9999999999999996
2024-02-15 13:55:00,27.3,-2.6111111111111107
2024-02-15 14:55:00,29.1,-1.6111111111111103
2024-02-15 15:57:00,33.8,0.9999999999999984
2024-02-15 17:55:00,37.6,3.1111111111111116
2024-02-15 18:55:00,45.1,7.277777777777779
2024-02-15 21:19:00,57.2,14.000000000000002
2024-02-15 22:21:00,57.2,14.000000000000002
2024-02-15 22:31:00,55.4,12.999999999999998
2024-02-15 23:55:00,52.9,11.61111111111111
2024-02-16 00:55:00,47.5,8.61111111111111
2024-02-16 01:55:00,46.2,7.88888888888889
2024-02-16 02:55:00,46.2,7.88888888888889
2024-02-16 03:55:00,41.2,5.1111111111111125
2024-02-16 04:55:00,37.4,2.999999999999999
2024-02-16 05:55:00,35.6,2.000000000000001
2024-02-16 06:55:00,31.5,-0.2777777777777778
2024-02-16 07:55:00,35.1,1.722222222222223
2024-02-16 08:55:00,33.6,0.8888888888888896
2024-02-16 09:55:00,32.5,0.2777777777777778
2024-02-16 10:55:00,30.6,-0.777777777777777
2024-02-16 11:55:00,30.6,-0.777777777777777
2024-02-16 12:25:00,30.2,-1.0000000000000004
2024-02-16 12:47:00,28.4,-2.000000000000001
2024-02-16 12:55:00,27.5,-2.5
2024-02-16 13:10:00,28.4,-2.000000000000001
2024-02-16 13:25:00,28.4,-2.000000000000001
2024-02-16 13:55:00,28.0,-2.2222222222222223
2024-02-16 14:33:00,28.4,-2.000000000000001
2024-02-16 14:55:00,27.9,-2.2777777777777786
2024-02-16 15:55:00,27.7,-2.3888888888888893
2024-02-16 16:55:00,27.7,-2.3888888888888893
2024-02-16 17:10:00,26.6,-2.999999999999999
2024-02-16 17:11:00,26.6,-2.999999999999999
2024-02-16 17:12:00,26.6,-2.999999999999999
2024-02-16 17:17:00,26.6,-2.999999999999999
2024-02-16 17:32:00,28.4,-2.000000000000001
2024-02-16 17:36:00,28.4,-2.000000000000001
2024-02-16 17:40:00,28.4,-2.000000000000001
2024-02-16 17:46:00,28.4,-2.000000000000001
2024-02-16 17:55:00,27.9,-2.2777777777777786
2024-02-16 18:55:00,27.5,-2.5
2024-02-16 19:22:00,26.6,-2.999999999999999
2024-02-16 19:42:00,26.6,-2.999999999999999
2024-02-16 19:55:00,27.5,-2.5
2024-02-16 20:14:00,26.6,-2.999999999999999
2024-02-16 21:55:00,28.6,-1.888888888888888
2024-02-16 22:55:00,29.7,-1.2777777777777781
2024-02-16 23:54:00,29.3,-1.4999999999999996
2024-02-17 00:55:00,29.3,-1.4999999999999996
2024-02-17 01:55:00,27.1,-2.7222222222222214
2024-02-17 02:55:00,26.4,-3.1111111111111116
2024-02-17 03:56:00,25.7,-3.5000000000000004
2024-02-17 04:57:00,22.6,-5.222222222222221
2024-02-17 05:44:00,21.2,-6.0
2024-02-17 05:55:00,21.6,-5.777777777777777
2024-02-17 06:03:00,21.2,-6.0
2024-02-17 06:15:00,23.0,-5.0
2024-02-17 06:40:00,21.2,-6.0
2024-02-17 06:45:00,21.2,-6.0
2024-02-17 06:55:00,21.0,-6.111111111111111
2024-02-17 07:10:00,21.2,-6.0
2024-02-17 07:25:00,21.2,-6.0
2024-02-17 07:40:00,21.2,-6.0
2024-02-17 07:55:00,19.4,-7.000000000000001
2024-02-17 08:25:00,19.4,-7.000000000000001
2024-02-17 08:40:00,19.4,-7.000000000000001
2024-02-17 08:55:00,18.9,-7.277777777777779
2024-02-17 09:10:00,17.6,-7.999999999999999
2024-02-17 09:25:00,17.6,-7.999999999999999
2024-02-17 09:37:00,17.6,-7.999999999999999
2024-02-17 09:55:00,17.4,-8.111111111111112
2024-02-17 10:05:00,17.6,-7.999999999999999
2024-02-17 10:20:00,17.6,-7.999999999999999
2024-02-17 10:35:00,17.6,-7.999999999999999
2024-02-17 10:55:00,17.2,-8.222222222222223
2024-02-17 11:25:00,17.6,-7.999999999999999
2024-02-17 11:55:00,16.3,-8.722222222222221
2024-02-17 12:25:00,15.8,-9.0
2024-02-17 12:40:00,15.8,-9.0
2024-02-17 12:55:00,15.4,-9.222222222222223
2024-02-17 13:18:00,15.8,-9.0
2024-02-17 13:33:00,15.8,-9.0
2024-02-17 13:55:00,15.3,-9.277777777777777
2024-02-17 14:40:00,15.8,-9.0
2024-02-17 14:55:00,16.0,-8.88888888888889
2024-02-17 15:25:00,15.8,-9.0
2024-02-17 15:55:00,17.2,-8.222222222222223
2024-02-17 16:10:00,17.6,-7.999999999999999
2024-02-17 16:25:00,17.6,-7.999999999999999
2024-02-17 16:52:00,17.6,-7.999999999999999
2024-02-17 16:55:00,18.1,-7.722222222222221
2024-02-17 17:55:00,21.2,-6.0
2024-02-17 18:55:00,23.9,-4.500000000000001
2024-02-17 19:09:00,24.8,-3.9999999999999996
2024-02-17 19:55:00,25.5,-3.611111111111111
2024-02-17 20:55:00,28.4,-2.000000000000001
2024-02-17 21:55:00,30.7,-0.7222222222222227
2024-02-17 22:55:00,31.6,-0.22222222222222143
2024-02-17 23:55:00,30.9,-0.6111111111111119
2024-02-18 00:55:00,25.3,-3.722222222222222
2024-02-18 01:55:00,24.1,-4.388888888888888
2024-02-18 02:55:00,17.6,-7.999999999999999
2024-02-18 03:55:00,19.2,-7.111111111111112
2024-02-18 04:55:00,19.4,-7.000000000000001
2024-02-18 05:55:00,18.5,-7.5
2024-02-18 06:55:00,21.9,-5.611111111111112
2024-02-18 07:55:00,19.4,-7.000000000000001
2024-02-18 08:55:00,19.0,-7.222222222222222
2024-02-18 09:55:00,18.1,-7.722222222222221
2024-02-18 10:55:00,14.7,-9.61111111111111
2024-02-18 11:55:00,15.4,-9.222222222222223
2024-02-18 12:55:00,15.4,-9.222222222222223
2024-02-18 13:55:00,23.5,-4.722222222222222
2024-02-18 14:55:00,21.7,-5.722222222222222
2024-02-18 15:55:00,32.5,0.2777777777777778
2024-02-18 16:55:00,36.0,2.2222222222222223
2024-02-18 17:55:00,39.7,4.2777777777777795
2024-02-18 18:55:00,40.5,4.722222222222222
2024-02-18 19:55:00,45.0,7.222222222222222
2024-02-18 20:55:00,42.8,5.999999999999998
2024-02-18 21:55:00,44.1,6.722222222222223
2024-02-18 22:55:00,42.1,5.611111111111112
2024-02-18 23:55:00,39.2,4.000000000000002
2024-02-19 00:55:00,36.9,2.7222222222222214
2024-02-19 01:55:00,36.5,2.5
2024-02-19 02:55:00,33.4,0.777777777777777
2024-02-19 03:55:00,44.4,6.8888888888888875
2024-02-19 04:55:00,43.3,6.277777777777776
2024-02-19 05:55:00,39.4,4.11111111111111
2024-02-19 06:55:00,43.5,6.388888888888888
2024-02-19 07:55:00,40.5,4.722222222222222
2024-02-19 08:55:00,41.2,5.1111111111111125
2024-02-19 09:55:00,42.1,5.611111111111112
2024-02-19 10:55:00,39.6,4.222222222222223
2024-02-19 11:55:00,37.0,2.7777777777777777
2024-02-19 12:55:00,35.4,1.888888888888888
2024-02-19 13:55:00,36.5,2.5
2024-02-19 14:55:00,38.8,3.777777777777776
2024-02-19 15:55:00,45.3,7.3888888888888875
2024-02-19 16:55:00,49.5,9.722222222222221
2024-02-19 17:55:00,51.4,10.777777777777777
2024-02-19 18:55:00,52.9,11.61111111111111
2024-02-19 19:55:00,55.9,13.277777777777777
2024-02-19 20:55:00,58.5,14.722222222222221
2024-02-19 21:55:00,59.5,15.277777777777777
2024-02-19 22:55:00,60.3,15.72222222222222
2024-02-19 23:55:00,56.3,13.499999999999998
2024-02-20 00:55:00,47.7,8.722222222222223
2024-02-20 01:55:00,48.0,8.88888888888889
2024-02-20 02:55:00,42.8,5.999999999999998
2024-02-20 03:55:00,34.2,1.2222222222222239
2024-02-20 04:55:00,37.6,3.1111111111111116
2024-02-20 05:55:00,35.8,2.1111111111111094
2024-02-20 06:55:00,32.7,0.38888888888889045
2024-02-20 07:55:00,32.4,0.22222222222222143
2024-02-20 08:55:00,30.9,-0.6111111111111119
2024-02-20 09:55:00,31.6,-0.22222222222222143
2024-02-20 10:55:00,34.0,1.1111111111111112
2024-02-20 11:55:00,35.8,2.1111111111111094
2024-02-20 12:55:00,34.5,1.3888888888888888
2024-02-20 13:55:00,36.5,2.5
2024-02-20 14:55:00,42.4,5.777777777777777
2024-02-20 15:55:00,48.4,9.11111111111111
2024-02-20 16:55:00,53.1,11.722222222222223
2024-02-20 17:55:00,57.6,14.222222222222223
2024-02-20 18:55:00,63.7,17.61111111111111
2024-02-20 18:57:00,64.4,18.000000000000004
2024-02-20 18:59:00,64.4,18.000000000000004
2024-02-20 19:05:00,64.4,18.000000000000004
2024-02-20 19:55:00,64.2,17.88888888888889
2024-02-20 20:10:00,64.4,18.000000000000004
2024-02-20 20:55:00,63.3,17.388888888888886
2024-02-20 21:13:00,66.2,19.0
2024-02-20 21:26:00,64.4,18.000000000000004
2024-02-20 21:55:00,63.9,17.72222222222222
2024-02-20 22:55:00,65.8,18.777777777777775
2024-02-20 23:55:00,60.4,15.777777777777777
2024-02-21 00:55:00,57.9,14.388888888888888
2024-02-21 01:55:00,56.3,13.499999999999998
2024-02-21 02:55:00,56.3,13.499999999999998
2024-02-21 03:55:00,56.1,13.38888888888889
2024-02-21 04:55:00,53.1,11.722222222222223
2024-02-21 04:56:00,53.6,12.0
2024-02-21 05:55:00,54.3,12.388888888888888
2024-02-21 06:26:00,53.6,12.0
2024-02-21 06:55:00,54.0,12.222222222222221
2024-02-21 07:32:00,51.8,10.999999999999998
2024-02-21 07:55:00,52.5,11.38888888888889
2024-02-21 08:55:00,48.6,9.222222222222223
2024-02-21 09:55:00,50.5,10.277777777777777
2024-02-21 10:55:00,48.0,8.88888888888889
2024-02-21 11:55:00,49.3,9.611111111111109
2024-02-21 12:27:00,48.2,9.000000000000002
2024-02-21 12:55:00,51.6,10.88888888888889
2024-02-21 13:55:00,48.4,9.11111111111111
2024-02-21 14:55:00,43.3,6.277777777777776
2024-02-21 15:55:00,44.2,6.7777777777777795
2024-02-21 16:55:00,53.6,12.0
2024-02-21 17:28:00,53.6,12.0
2024-02-21 17:53:00,60.8,15.999999999999998
2024-02-21 17:55:00,60.3,15.72222222222222
2024-02-21 18:39:00,62.6,17.0
2024-02-21 18:55:00,61.5,16.38888888888889
2024-02-21 19:55:00,58.6,14.777777777777779
2024-02-21 20:55:00,60.6,15.88888888888889
2024-02-21 21:08:00,60.8,15.999999999999998
2024-02-21 21:55:00,58.6,14.777777777777779
2024-02-21 21:59:00,60.8,15.999999999999998
2024-02-21 22:14:00,53.6,12.0
2024-02-21 22:55:00,52.0,11.11111111111111
2024-02-21 23:18:00,55.4,12.999999999999998
2024-02-21 23:55:00,54.7,12.611111111111112
2024-02-22 00:26:00,53.6,12.0
2024-02-22 00:27:00,53.6,12.0
2024-02-22 00:55:00,53.1,11.722222222222223
2024-02-22 01:47:00,51.8,10.999999999999998
2024-02-22 01:55:00,52.9,11.61111111111111
2024-02-22 02:33:00,51.8,10.999999999999998
2024-02-22 02:55:00,50.5,10.277777777777777
2024-02-22 03:55:00,47.5,8.61111111111111
2024-02-22 04:55:00,41.0,5.0
2024-02-22 05:55:00,39.9,4.388888888888888
2024-02-22 06:55:00,40.8,4.8888888888888875
2024-02-22 07:55:00,36.0,2.2222222222222223
2024-02-22 08:55:00,35.6,2.000000000000001
2024-02-22 09:55:00,31.8,-0.11111111111111072
2024-02-22 10:55:00,33.4,0.777777777777777
2024-02-22 11:55:00,30.6,-0.777777777777777
2024-02-22 12:55:00,30.4,-0.8888888888888896
2024-02-22 13:55:00,32.0,0.0
2024-02-22 14:55:00,36.7,2.6111111111111125
2024-02-22 15:55:00,39.7,4.2777777777777795
2024-02-22 16:55:00,43.2,6.222222222222223
2024-02-22 17:55:00,45.9,7.722222222222221
2024-02-22 18:55:00,44.4,6.8888888888888875
2024-02-22 19:42:00,44.6,7.000000000000001
2024-02-22 19:45:00,44.6,7.000000000000001
2024-02-22 19:48:00,44.6,7.000000000000001
2024-02-22 20:17:00,46.4,7.999999999999999
2024-02-22 20:55:00,44.8,7.111111111111109
2024-02-22 21:25:00,41.0,5.0
2024-02-22 21:26:00,39.2,4.000000000000002
2024-02-22 21:36:00,42.8,5.999999999999998
2024-02-22 21:55:00,43.7,6.500000000000002
2024-02-22 21:56:00,44.6,7.000000000000001
2024-02-22 22:05:00,44.6,7.000000000000001
2024-02-22 22:21:00,44.6,7.000000000000001
2024-02-22 22:30:00,44.6,7.000000000000001
2024-02-22 22:55:00,44.8,7.111111111111109
2024-02-22 23:55:00,46.2,7.88888888888889
2024-02-23 00:55:00,38.7,3.7222222222222237
2024-02-23 01:19:00,39.2,4.000000000000002
2024-02-23 01:42:00,39.2,4.000000000000002
2024-02-23 01:43:00,39.2,4.000000000000002
2024-02-23 01:55:00,37.9,3.277777777777777
2024-02-23 01:56:00,37.4,2.999999999999999
2024-02-23 02:55:00,32.9,0.4999999999999992
2024-02-23 03:55:00,31.8,-0.11111111111111072
2024-02-23 04:55:00,35.1,1.722222222222223
2024-02-23 06:55:00,31.3,-0.3888888888888885
2024-02-23 07:55:00,30.0,-1.1111111111111112
2024-02-23 08:55:00,26.4,-3.1111111111111116
2024-02-23 09:55:00,26.1,-3.277777777777777
2024-02-23 10:55:00,28.6,-1.888888888888888
2024-02-23 12:55:00,30.2,-1.0000000000000004
2024-02-23 13:55:00,33.1,0.6111111111111119
2024-02-23 14:55:00,31.6,-0.22222222222222143
2024-02-23 15:55:00,37.2,2.8888888888888906
2024-02-23 16:55:00,43.7,6.500000000000002
2024-02-23 17:55:00,45.9,7.722222222222221
2024-02-23 18:55:00,48.6,9.222222222222223
2024-02-23 19:55:00,49.1,9.5
2024-02-23 20:55:00,50.5,10.277777777777777
2024-02-23 21:55:00,51.3,10.72222222222222
2024-02-23 22:55:00,51.6,10.88888888888889
2024-02-23 23:55:00,50.0,10.0
2024-02-24 00:55:00,43.9,6.61111111111111
2024-02-24 01:55:00,43.3,6.277777777777776
2024-02-24 02:55:00,39.0,3.888888888888889
2024-02-24 03:55:00,35.4,1.888888888888888
2024-02-24 04:55:00,35.6,2.000000000000001
2024-02-24 05:55:00,38.1,3.3888888888888897
2024-02-24 06:55:00,31.3,-0.3888888888888885
2024-02-24 07:55:00,26.1,-3.277777777777777
2024-02-24 08:55:00,28.8,-1.7777777777777772
2024-02-24 09:55:00,25.0,-3.888888888888889
2024-02-24 10:55:00,25.3,-3.722222222222222
2024-02-24 11:55:00,23.5,-4.722222222222222
2024-02-24 12:55:00,25.9,-3.3888888888888897
2024-02-24 13:55:00,25.7,-3.5000000000000004
2024-02-24 14:55:00,34.0,1.1111111111111112
2024-02-24 15:55:00,39.0,3.888888888888889
2024-02-24 16:55:00,49.5,9.722222222222221
2024-02-24 17:55:00,55.0,12.777777777777777
2024-02-24 18:55:00,57.9,14.388888888888888
2024-02-24 19:55:00,61.2,16.222222222222225
2024-02-24 20:55:00,62.6,17.0
2024-02-24 21:55:00,63.5,17.5
2024-02-24 22:55:00,62.8,17.11111111111111
2024-02-24 23:55:00,60.1,15.61111111111111
2024-02-25 00:55:00,55.9,13.277777777777777
2024-02-25 01:55:00,52.7,11.500000000000002
2024-02-25 02:55:00,50.9,10.499999999999998
2024-02-25 03:55:00,45.1,7.277777777777779
2024-02-25 04:55:00,46.4,7.999999999999999
2024-02-25 05:55:00,39.4,4.11111111111111
2024-02-25 06:55:00,48.4,9.11111111111111
2024-02-25 07:55:00,35.6,2.000000000000001
2024-02-25 08:55:00,34.0,1.1111111111111112
2024-02-25 09:55:00,36.5,2.5
2024-02-25 10:55:00,37.4,2.999999999999999
2024-02-25 11:55:00,35.4,1.888888888888888
2024-02-25 12:55:00,39.2,4.000000000000002
2024-02-25 13:55:00,39.7,4.2777777777777795
2024-02-25 14:55:00,43.9,6.61111111111111
2024-02-25 15:55:00,52.5,11.38888888888889
2024-02-25 16:55:00,55.9,13.277777777777777
2024-02-25 17:55:00,59.0,15.0
2024-02-25 18:55:00,63.3,17.388888888888886
2024-02-25 19:51:00,64.4,18.000000000000004
2024-02-25 19:55:00,64.0,17.77777777777778
2024-02-25 20:21:00,64.4,18.000000000000004
2024-02-25 20:55:00,61.3,16.277777777777775
2024-02-25 20:57:00,62.6,17.0
2024-02-25 21:35:00,66.2,19.0
2024-02-25 21:55:00,64.8,18.22222222222222
2024-02-25 22:55:00,63.7,17.61111111111111
2024-02-25 23:00:00,64.4,18.000000000000004
2024-02-25 23:31:00,66.2,19.0
2024-02-25 23:55:00,66.4,19.111111111111114
2024-02-26 00:12:00,60.8,15.999999999999998
2024-02-26 00:55:00,58.8,14.888888888888888
2024-02-26 01:55:00,52.0,11.11111111111111
2024-02-26 02:55:00,54.1,12.277777777777779
2024-02-26 03:55:00,53.8,12.111111111111109
2024-02-26 04:04:00,53.6,12.0
2024-02-26 04:55:00,55.6,13.11111111111111
2024-02-26 05:55:00,54.3,12.388888888888888
2024-02-26 06:36:00,55.4,12.999999999999998
2024-02-26 06:55:00,54.7,12.611111111111112
2024-02-26 07:55:00,51.6,10.88888888888889
2024-02-26 08:55:00,52.7,11.500000000000002
2024-02-26 09:55:00,51.4,10.777777777777777
2024-02-26 10:55:00,47.5,8.61111111111111
2024-02-26 11:55:00,48.2,9.000000000000002
2024-02-26 12:55:00,43.2,6.222222222222223
2024-02-26 13:55:00,46.2,7.88888888888889
2024-02-26 14:55:00,53.1,11.722222222222223
2024-02-26 15:55:00,57.0,13.88888888888889
2024-02-26 16:55:00,61.7,16.5
2024-02-26 16:56:00,62.6,17.0
2024-02-26 17:55:00,60.6,15.88888888888889
2024-02-26 18:38:00,62.6,17.0
2024-02-26 18:55:00,60.8,15.999999999999998
2024-02-26 19:08:00,60.8,15.999999999999998
2024-02-26 19:47:00,60.8,15.999999999999998
2024-02-26 19:50:00,60.8,15.999999999999998
2024-02-26 19:55:00,60.1,15.61111111111111
2024-02-26 20:17:00,64.4,18.000000000000004
2024-02-26 20:32:00,64.4,18.000000000000004
2024-02-26 20:34:00,64.4,18.000000000000004
2024-02-26 20:55:00,64.8,18.22222222222222
2024-02-26 21:55:00,64.8,18.22222222222222
2024-02-26 22:55:00,63.5,17.5
2024-02-26 23:55:00,57.0,13.88888888888889
2024-02-27 00:55:00,55.4,12.999999999999998
2024-02-27 01:55:00,54.0,12.222222222222221
2024-02-27 02:55:00,50.4,10.222222222222221
2024-02-27 03:55:00,48.4,9.11111111111111
2024-02-27 04:55:00,48.0,8.88888888888889
2024-02-27 05:55:00,46.6,8.111111111111112
2024-02-27 06:55:00,46.8,8.22222222222222
2024-02-27 07:55:00,45.0,7.222222222222222
2024-02-27 08:55:00,44.8,7.111111111111109
2024-02-27 09:55:00,44.4,6.8888888888888875
2024-02-27 10:55:00,43.2,6.222222222222223
2024-02-27 11:55:00,43.5,6.388888888888888
2024-02-27 12:55:00,41.5,5.277777777777778
2024-02-27 13:55:00,43.2,6.222222222222223
2024-02-27 14:55:00,45.7,7.6111111111111125
2024-02-27 15:55:00,47.1,8.38888888888889
2024-02-27 16:55:00,51.8,10.999999999999998
2024-02-27 17:04:00,53.6,12.0
2024-02-27 17:06:00,53.6,12.0
2024-02-27 17:07:00,53.6,12.0
2024-02-27 17:45:00,39.2,4.000000000000002
2024-02-27 17:46:00,39.2,4.000000000000002
2024-02-27 17:55:00,37.8,3.2222222222222205
2024-02-27 18:23:00,33.8,0.9999999999999984
2024-02-27 18:30:00,32.0,0.0
2024-02-27 18:38:00,32.0,0.0
2024-02-27 18:55:00,30.9,-0.6111111111111119
2024-02-27 19:11:00,30.2,-1.0000000000000004
2024-02-27 19:40:00,33.8,0.9999999999999984
2024-02-27 19:55:00,35.6,2.000000000000001
2024-02-27 20:55:00,35.1,1.722222222222223
2024-02-27 21:50:00,37.4,2.999999999999999
2024-02-27 21:55:00,36.5,2.5
2024-02-27 22:04:00,37.4,2.999999999999999
2024-02-27 22:52:00,33.8,0.9999999999999984
2024-02-27 22:53:00,33.8,0.9999999999999984
2024-02-27 22:55:00,33.3,0.7222222222222207
2024-02-27 23:06:00,32.0,0.0
2024-02-27 23:15:00,32.0,0.0
2024-02-27 23:26:00,32.0,0.0
2024-02-27 23:55:00,31.1,-0.4999999999999992
2024-02-28 00:10:00,32.0,0.0
2024-02-28 00:55:00,29.8,-1.2222222222222219
2024-02-28 01:15:00,30.2,-1.0000000000000004
2024-02-28 01:16:00,30.2,-1.0000000000000004
2024-02-28 01:31:00,28.4,-2.000000000000001
2024-02-28 01:36:00,28.4,-2.000000000000001
2024-02-28 01:37:00,28.4,-2.000000000000001
2024-02-28 01:38:00,26.6,-2.999999999999999
2024-02-28 01:53:00,26.6,-2.999999999999999
2024-02-28 01:55:00,26.8,-2.8888888888888884
2024-02-28 02:25:00,24.8,-3.9999999999999996
2024-02-28 02:28:00,24.8,-3.9999999999999996
2024-02-28 02:43:00,24.8,-3.9999999999999996
2024-02-28 02:51:00,24.8,-3.9999999999999996
2024-02-28 02:55:00,24.6,-4.11111111111111
2024-02-28 03:55:00,23.7,-4.611111111111112
2024-02-28 04:13:00,23.0,-5.0
2024-02-28 04:55:00,22.3,-5.388888888888888
2024-02-28 05:55:00,21.2,-6.0
2024-02-28 06:45:00,21.2,-6.0
2024-02-28 06:55:00,21.2,-6.0
2024-02-28 07:58:00,19.9,-6.722222222222223
2024-02-28 08:51:00,19.4,-7.000000000000001
2024-02-28 08:55:00,18.9,-7.277777777777779
2024-02-28 09:55:00,14.4,-9.777777777777779
2024-02-28 10:37:00,15.8,-9.0
2024-02-28 11:55:00,17.6,-7.999999999999999
2024-02-28 12:55:00,18.0,-7.777777777777778
2024-02-28 13:40:00,17.6,-7.999999999999999
2024-02-28 13:48:00,17.6,-7.999999999999999
2024-02-28 13:55:00,18.0,-7.777777777777778
2024-02-28 14:55:00,18.9,-7.277777777777779
2024-02-28 15:10:00,19.4,-7.000000000000001
2024-02-28 15:28:00,19.4,-7.000000000000001
2024-02-28 15:33:00,19.4,-7.000000000000001
2024-02-28 15:55:00,19.8,-6.777777777777777
2024-02-28 17:12:00,23.7,-4.611111111111112
2024-02-28 17:55:00,27.3,-2.6111111111111107
2024-02-28 18:55:00,32.7,0.38888888888889045
2024-02-28 19:55:00,34.9,1.6111111111111103
2024-02-28 20:55:00,40.6,4.777777777777779
2024-02-28 21:55:00,44.6,7.000000000000001
2024-02-28 22:55:00,44.4,6.8888888888888875
2024-02-28 23:55:00,42.8,5.999999999999998
2024-02-29 00:55:00,37.6,3.1111111111111116
2024-02-29 01:55:00,35.1,1.722222222222223
2024-02-29 02:55:00,32.9,0.4999999999999992
2024-02-29 03:55:00,35.1,1.722222222222223
2024-02-29 04:55:00,29.3,-1.4999999999999996
2024-02-29 05:55:00,29.3,-1.4999999999999996
2024-02-29 06:55:00,30.2,-1.0000000000000004
2024-02-29 07:55:00,26.2,-3.2222222222222223
2024-02-29 08:55:00,27.1,-2.7222222222222214
2024-02-29 09:55:00,27.1,-2.7222222222222214
2024-02-29 10:55:00,25.7,-3.5000000000000004
2024-02-29 11:55:00,28.0,-2.2222222222222223
2024-02-29 12:55:00,25.5,-3.611111111111111
2024-02-29 13:55:00,27.1,-2.7222222222222214
2024-02-29 14:55:00,36.7,2.6111111111111125
2024-02-29 15:55:00,45.0,7.222222222222222
2024-02-29 16:55:00,52.5,11.38888888888889
2024-02-29 17:55:00,55.9,13.277777777777777
2024-02-29 18:55:00,59.4,15.222222222222221
2024-02-29 19:55:00,61.7,16.5
2024-02-29 20:55:00,60.1,15.61111111111111
2024-02-29 21:55:00,57.6,14.222222222222223
2024-02-29 22:55:00,62.1,16.72222222222222
2024-02-29 23:55:00,58.3,14.611111111111109
2024-03-01 00:55:00,51.1,10.611111111111112
2024-03-01 01:55:00,54.3,12.388888888888888
2024-03-01 02:55:00,51.8,10.999999999999998
2024-03-01 03:55:00,49.5,9.722222222222221
2024-03-01 04:55:00,45.5,7.5
2024-03-01 05:55:00,48.2,9.000000000000002
2024-03-01 06:55:00,40.8,4.8888888888888875
2024-03-01 07:55:00,41.9,5.499999999999999
2024-03-01 08:55:00,35.8,2.1111111111111094
2024-03-01 09:55:00,38.7,3.7222222222222237
2024-03-01 10:55:00,32.9,0.4999999999999992
2024-03-01 11:55:00,36.0,2.2222222222222223
2024-03-01 12:55:00,32.2,0.11111111111111269
2024-03-01 13:55:00,35.6,2.000000000000001
2024-03-01 14:55:00,45.1,7.277777777777779
2024-03-01 15:55:00,52.9,11.61111111111111
2024-03-01 16:55:00,56.7,13.722222222222223
2024-03-01 17:16:00,59.0,15.0
2024-03-01 17:34:00,59.0,15.0
2024-03-01 17:42:00,59.0,15.0
2024-03-01 17:45:00,59.0,15.0
2024-03-01 17:55:00,59.5,15.277777777777777
2024-03-01 18:37:00,62.6,17.0
2024-03-01 18:55:00,61.5,16.38888888888889
2024-03-01 19:55:00,62.2,16.77777777777778
2024-03-01 20:55:00,60.6,15.88888888888889
2024-03-01 21:55:00,62.4,16.88888888888889
2024-03-01 22:55:00,64.4,18.000000000000004
2024-03-01 23:55:00,63.3,17.388888888888886
2024-03-02 00:55:00,57.4,14.11111111111111
2024-03-02 01:55:00,57.2,14.000000000000002
2024-03-02 02:55:00,55.9,13.277777777777777
2024-03-02 03:55:00,49.6,9.777777777777779
2024-03-02 04:55:00,51.1,10.611111111111112
2024-03-02 05:55:00,53.4,11.888888888888888
2024-03-02 06:55:00,53.2,11.777777777777779
2024-03-02 07:55:00,49.3,9.611111111111109
2024-03-02 08:55:00,50.7,10.388888888888891
2024-03-02 09:55:00,44.4,6.8888888888888875
2024-03-02 10:55:00,47.3,8.499999999999998
2024-03-02 11:55:00,46.8,8.22222222222222
2024-03-02 12:55:00,37.8,3.2222222222222205
2024-03-02 13:55:00,43.5,6.388888888888888
2024-03-02 14:55:00,50.9,10.499999999999998
2024-03-02 15:55:00,55.0,12.777777777777777
2024-03-02 16:37:00,59.0,15.0
2024-03-02 16:55:00,59.7,15.38888888888889
2024-03-02 17:55:00,59.4,15.222222222222221
2024-03-02 18:17:00,60.8,15.999999999999998
2024-03-02 18:55:00,62.2,16.77777777777778
2024-03-02 19:55:00,59.7,15.38888888888889
2024-03-02 20:55:00,65.1,18.388888888888886
2024-03-02 21:55:00,64.9,18.277777777777782
2024-03-02 22:55:00,64.0,17.77777777777778
2024-03-02 23:55:00,61.5,16.38888888888889
2024-03-03 00:55:00,56.7,13.722222222222223
2024-03-03 01:55:00,55.6,13.11111111111111
2024-03-03 02:55:00,52.9,11.61111111111111
2024-03-03 03:55:00,52.5,11.38888888888889
2024-03-03 04:55:00,52.0,11.11111111111111
2024-03-03 05:55:00,54.0,12.222222222222221
2024-03-03 06:55:00,52.7,11.500000000000002
2024-03-03 07:55:00,51.4,10.777777777777777
2024-03-03 08:55:00,49.3,9.611111111111109
2024-03-03 09:55:00,48.4,9.11111111111111
2024-03-03 10:55:00,47.8,8.777777777777777
2024-03-03 11:55:00,44.4,6.8888888888888875
2024-03-03 12:24:00,41.0,5.0
2024-03-03 12:55:00,36.3,2.388888888888887
2024-03-03 13:55:00,39.6,4.222222222222223
2024-03-03 14:55:00,41.0,5.0
2024-03-03 15:55:00,44.1,6.722222222222223
2024-03-03 16:55:00,47.3,8.499999999999998
2024-03-03 17:55:00,48.2,9.000000000000002
2024-03-03 18:14:00,50.0,10.0
2024-03-03 18:55:00,51.4,10.777777777777777
2024-03-03 19:55:00,54.3,12.388888888888888
2024-03-03 20:55:00,54.3,12.388888888888888
2024-03-03 20:56:00,55.4,12.999999999999998
2024-03-03 21:35:00,55.4,12.999999999999998
2024-03-03 21:55:00,56.5,13.61111111111111
2024-03-03 22:01:00,57.2,14.000000000000002
2024-03-03 22:36:00,55.4,12.999999999999998
2024-03-03 22:55:00,56.8,13.777777777777775
2024-03-03 22:56:00,57.2,14.000000000000002
2024-03-03 23:55:00,59.2,15.111111111111112
2024-03-04 00:55:00,51.8,10.999999999999998
2024-03-04 01:55:00,47.3,8.499999999999998
2024-03-04 02:55:00,46.2,7.88888888888889
2024-03-04 03:55:00,38.7,3.7222222222222237
2024-03-04 04:55:00,38.1,3.3888888888888897
2024-03-04 05:55:00,33.6,0.8888888888888896
2024-03-04 06:55:00,30.9,-0.6111111111111119
2024-03-04 07:55:00,31.1,-0.4999999999999992
2024-03-04 08:55:00,29.5,-1.3888888888888888
2024-03-04 09:55:00,27.7,-2.3888888888888893
2024-03-04 10:55:00,27.0,-2.7777777777777777
2024-03-04 11:55:00,24.1,-4.388888888888888
2024-03-04 12:55:00,25.7,-3.5000000000000004
2024-03-04 13:55:00,26.1,-3.277777777777777
2024-03-04 14:55:00,32.2,0.11111111111111269
2024-03-04 15:55:00,34.0,1.1111111111111112
2024-03-04 16:55:00,36.9,2.7222222222222214
2024-03-04 17:55:00,40.1,4.500000000000001
2024-03-04 18:41:00,41.0,5.0
2024-03-04 18:55:00,41.0,5.0
2024-03-04 19:55:00,42.4,5.777777777777777
2024-03-04 20:55:00,44.2,6.7777777777777795
2024-03-04 20:56:00,44.4,6.8888888888888875
2024-03-04 21:55:00,46.0,7.777777777777778
2024-03-04 22:55:00,45.0,7.222222222222222
2024-03-04 23:55:00,43.0,6.111111111111111
2024-03-05 00:55:00,38.3,3.4999999999999982
2024-03-05 01:55:00,36.0,2.2222222222222223
2024-03-05 02:55:00,35.6,2.000000000000001
2024-03-05 03:55:00,37.8,3.2222222222222205
2024-03-05 04:55:00,35.8,2.1111111111111094
2024-03-05 05:55:00,35.8,2.1111111111111094
2024-03-05 06:55:00,29.5,-1.3888888888888888
2024-03-05 07:55:00,30.2,-1.0000000000000004
2024-03-05 08:55:00,31.3,-0.3888888888888885
2024-03-05 09:55:00,30.9,-0.6111111111111119
2024-03-05 10:55:00,28.6,-1.888888888888888
2024-03-05 11:55:00,27.5,-2.5
2024-03-05 12:55:00,25.5,-3.611111111111111
2024-03-05 13:55:00,26.8,-2.8888888888888884
2024-03-05 14:55:00,31.1,-0.4999999999999992
2024-03-05 15:55:00,33.3,0.7222222222222207
2024-03-05 16:55:00,36.7,2.6111111111111125
2024-03-05 17:55:00,38.7,3.7222222222222237
2024-03-05 18:55:00,41.4,5.222222222222221
2024-03-05 19:34:00,42.8,5.999999999999998
2024-03-05 19:55:00,42.8,5.999999999999998
2024-03-05 20:55:00,42.3,5.7222222222222205
2024-03-05 21:55:00,40.3,4.61111111111111
2024-03-05 22:55:00,43.2,6.222222222222223
2024-03-05 23:55:00,38.1,3.3888888888888897
2024-03-06 00:55:00,37.4,2.999999999999999
2024-03-06 01:55:00,35.4,1.888888888888888
2024-03-06 02:55:00,35.6,2.000000000000001
2024-03-06 03:55:00,35.4,1.888888888888888
2024-03-06 04:55:00,33.6,0.8888888888888896
2024-03-06 05:55:00,34.0,1.1111111111111112
2024-03-06 06:55:00,32.0,0.0
2024-03-06 07:55:00,32.7,0.38888888888889045
2024-03-06 08:55:00,25.9,-3.3888888888888897
2024-03-06 09:55:00,24.1,-4.388888888888888
2024-03-06 10:55:00,24.6,-4.11111111111111
2024-03-06 11:55:00,24.1,-4.388888888888888
2024-03-06 12:55:00,22.5,-5.277777777777778
2024-03-06 13:55:00,24.4,-4.222222222222223
2024-03-06 14:55:00,31.5,-0.2777777777777778
2024-03-06 15:55:00,35.4,1.888888888888888
2024-03-06 16:55:00,44.2,6.7777777777777795
2024-03-06 17:55:00,53.8,12.111111111111109
2024-03-06 18:14:00,57.2,14.000000000000002
2024-03-06 18:55:00,54.0,12.222222222222221
2024-03-06 18:58:00,53.8,12.111111111111109
2024-03-06 19:55:00,54.9,12.722222222222221
2024-03-06 20:24:00,59.0,15.0
2024-03-06 20:25:00,60.8,15.999999999999998
2024-03-06 20:42:00,60.8,15.999999999999998
2024-03-06 20:47:00,60.8,15.999999999999998
2024-03-06 20:55:00,57.7,14.277777777777779
2024-03-06 21:15:00,60.8,15.999999999999998
2024-03-06 21:19:00,59.0,15.0
2024-03-06 21:55:00,58.8,14.888888888888888
2024-03-06 22:12:00,60.8,15.999999999999998
2024-03-06 22:15:00,60.8,15.999999999999998
2024-03-06 22:43:00,60.8,15.999999999999998
2024-03-06 22:55:00,58.8,14.888888888888888
2024-03-06 23:55:00,57.4,14.11111111111111
2024-03-07 00:55:00,54.3,12.388888888888888
2024-03-07 01:55:00,51.1,10.611111111111112
2024-03-07 02:55:00,46.8,8.22222222222222
2024-03-07 03:55:00,49.8,9.888888888888888
2024-03-07 04:55:00,48.0,8.88888888888889
2024-03-07 05:55:00,46.4,7.999999999999999
2024-03-07 06:55:00,42.4,5.777777777777777
2024-03-07 07:26:00,41.0,5.0
2024-03-07 07:43:00,39.2,4.000000000000002
2024-03-07 07:55:00,38.5,3.611111111111111
2024-03-07 08:55:00,37.6,3.1111111111111116
2024-03-07 09:55:00,36.3,2.388888888888887
2024-03-07 10:55:00,35.6,2.000000000000001
2024-03-07 11:55:00,34.7,1.5000000000000016
2024-03-07 12:55:00,32.2,0.11111111111111269
2024-03-07 13:55:00,34.7,1.5000000000000016
2024-03-07 14:55:00,40.6,4.777777777777779
2024-03-07 15:55:00,45.3,7.3888888888888875
2024-03-07 16:55:00,47.8,8.777777777777777
2024-03-07 17:55:00,47.7,8.722222222222223
2024-03-07 18:45:00,50.0,10.0
2024-03-07 18:55:00,47.5,8.61111111111111
2024-03-07 19:06:00,44.6,7.000000000000001
2024-03-07 19:23:00,42.8,5.999999999999998
2024-03-07 19:34:00,44.6,7.000000000000001
2024-03-07 19:45:00,44.8,7.111111111111109
2024-03-07 19:45:00,44.8,7.111111111111109
2024-03-07 19:55:00,44.8,7.111111111111109
2024-03-07 20:55:00,43.3,6.277777777777776
2024-03-07 21:10:00,42.8,5.999999999999998
2024-03-07 21:25:00,46.4,7.999999999999999
2024-03-07 21:55:00,41.7,5.38888888888889
2024-03-07 22:07:00,41.0,5.0
2024-03-07 22:12:00,41.0,5.0
2024-03-07 22:26:00,39.2,4.000000000000002
2024-03-07 22:34:00,37.4,2.999999999999999
2024-03-07 22:51:00,35.6,2.000000000000001
2024-03-07 22:55:00,35.2,1.7777777777777792
2024-03-07 23:01:00,35.6,2.000000000000001
2024-03-07 23:16:00,37.4,2.999999999999999
2024-03-07 23:31:00,37.4,2.999999999999999
2024-03-07 23:46:00,37.4,2.999999999999999
2024-03-07 23:55:00,37.2,2.8888888888888906
2024-03-08 00:40:00,35.6,2.000000000000001
2024-03-08 00:47:00,35.6,2.000000000000001
2024-03-08 00:55:00,34.9,1.6111111111111103
2024-03-08 01:20:00,35.6,2.000000000000001
2024-03-08 01:49:00,33.8,0.9999999999999984
2024-03-08 01:55:00,33.4,0.777777777777777
2024-03-08 02:03:00,33.8,0.9999999999999984
2024-03-08 02:20:00,32.0,0.0
2024-03-08 02:50:00,33.8,0.9999999999999984
2024-03-08 02:55:00,32.7,0.38888888888889045
2024-03-08 03:43:00,33.8,0.9999999999999984
2024-03-08 03:55:00,33.8,0.9999999999999984
2024-03-08 04:10:00,33.8,0.9999999999999984
2024-03-08 04:22:00,33.8,0.9999999999999984
2024-03-08 04:25:00,33.8,0.9999999999999984
2024-03-08 04:40:00,33.8,0.9999999999999984
2024-03-08 04:55:00,33.1,0.6111111111111119
2024-03-08 05:10:00,33.8,0.9999999999999984
2024-03-08 05:25:00,32.0,0.0
2024-03-08 05:30:00,32.0,0.0
2024-03-08 05:43:00,32.0,0.0
2024-03-08 05:55:00,31.1,-0.4999999999999992
2024-03-08 06:05:00,32.0,0.0
2024-03-08 06:15:00,32.0,0.0
2024-03-08 06:30:00,30.2,-1.0000000000000004
2024-03-08 06:45:00,30.2,-1.0000000000000004
2024-03-08 06:55:00,30.7,-0.7222222222222227
2024-03-08 07:00:00,30.2,-1.0000000000000004
2024-03-08 07:15:00,30.2,-1.0000000000000004
2024-03-08 07:55:00,30.7,-0.7222222222222227
2024-03-08 08:10:00,30.2,-1.0000000000000004
2024-03-08 08:19:00,30.2,-1.0000000000000004
2024-03-08 08:33:00,30.2,-1.0000000000000004
2024-03-08 08:46:00,30.2,-1.0000000000000004
2024-03-08 08:47:00,30.2,-1.0000000000000004
2024-03-08 08:55:00,29.7,-1.2777777777777781
2024-03-08 09:10:00,28.4,-2.000000000000001
2024-03-08 09:16:00,28.4,-2.000000000000001
2024-03-08 09:18:00,30.2,-1.0000000000000004
2024-03-08 09:22:00,30.2,-1.0000000000000004
2024-03-08 09:55:00,28.6,-1.888888888888888
2024-03-08 10:55:00,27.5,-2.5
2024-03-08 11:39:00,26.6,-2.999999999999999
2024-03-08 11:55:00,27.1,-2.7222222222222214
2024-03-08 12:02:00,26.6,-2.999999999999999
2024-03-08 12:55:00,27.0,-2.7777777777777777
2024-03-08 13:55:00,27.3,-2.6111111111111107
2024-03-08 14:18:00,26.6,-2.999999999999999
2024-03-08 14:55:00,28.2,-2.1111111111111116
2024-03-08 15:55:00,28.2,-2.1111111111111116
2024-03-08 16:55:00,28.6,-1.888888888888888
2024-03-08 17:28:00,30.2,-1.0000000000000004
2024-03-08 17:55:00,32.5,0.2777777777777778
2024-03-08 18:46:00,32.0,0.0
2024-03-08 18:55:00,31.3,-0.3888888888888885
2024-03-08 19:09:00,30.2,-1.0000000000000004
2024-03-08 19:39:00,30.2,-1.0000000000000004
2024-03-08 19:55:00,32.2,0.11111111111111269
2024-03-08 20:10:00,32.0,0.0
2024-03-08 20:38:00,32.0,0.0
2024-03-08 20:53:00,32.0,0.0
2024-03-08 20:55:00,32.5,0.2777777777777778
2024-03-08 21:10:00,32.0,0.0
2024-03-08 21:40:00,33.8,0.9999999999999984
2024-03-08 21:55:00,33.8,0.9999999999999984
2024-03-08 22:55:00,35.4,1.888888888888888
2024-03-08 23:10:00,33.8,0.9999999999999984
2024-03-08 23:55:00,32.5,0.2777777777777778
2024-03-09 00:55:00,29.7,-1.2777777777777781
2024-03-09 01:55:00,30.4,-0.8888888888888896
2024-03-09 02:55:00,30.0,-1.1111111111111112
2024-03-09 03:55:00,29.7,-1.2777777777777781
2024-03-09 04:55:00,29.7,-1.2777777777777781
2024-03-09 05:40:00,30.2,-1.0000000000000004
2024-03-09 05:55:00,29.7,-1.2777777777777781
2024-03-09 06:10:00,30.2,-1.0000000000000004
2024-03-09 06:55:00,28.8,-1.7777777777777772
2024-03-09 07:10:00,28.4,-2.000000000000001
2024-03-09 07:25:00,28.4,-2.000000000000001
2024-03-09 07:55:00,27.7,-2.3888888888888893
2024-03-09 08:55:00,26.1,-3.277777777777777
2024-03-09 09:55:00,20.7,-6.277777777777778
2024-03-09 10:55:00,17.6,-7.999999999999999
2024-03-09 11:55:00,20.5,-6.388888888888888
2024-03-09 12:55:00,20.3,-6.499999999999999
2024-03-09 13:55:00,22.1,-5.499999999999999
2024-03-09 14:55:00,28.4,-2.000000000000001
2024-03-09 15:55:00,32.5,0.2777777777777778
2024-03-09 16:55:00,35.8,2.1111111111111094
2024-03-09 17:55:00,39.6,4.222222222222223
2024-03-09 18:55:00,42.3,5.7222222222222205
2024-03-09 19:55:00,44.8,7.111111111111109
2024-03-09 20:55:00,47.5,8.61111111111111
2024-03-09 21:55:00,48.6,9.222222222222223
2024-03-09 22:55:00,50.4,10.222222222222221
2024-03-09 23:55:00,48.7,9.277777777777779
2024-03-10 00:55:00,43.3,6.277777777777776
2024-03-10 01:55:00,40.1,4.500000000000001
2024-03-10 02:55:00,38.7,3.7222222222222237
2024-03-10 03:55:00,37.8,3.2222222222222205
2024-03-10 04:55:00,28.4,-2.000000000000001
2024-03-10 17:55:00,55.4,12.999999999999998
2024-03-10 18:55:00,58.1,14.5
2024-03-10 19:55:00,61.2,16.222222222222225
2024-03-10 20:55:00,61.5,16.38888888888889
2024-03-10 21:55:00,63.0,17.22222222222222
2024-03-10 22:55:00,64.4,18.000000000000004
2024-03-10 23:55:00,59.7,15.38888888888889
2024-03-11 00:55:00,54.1,12.277777777777779
2024-03-11 01:55:00,50.9,10.499999999999998
2024-03-11 02:55:00,50.0,10.0
2024-03-11 03:55:00,51.3,10.72222222222222
2024-03-11 04:55:00,36.0,2.2222222222222223
2024-03-11 05:55:00,37.4,2.999999999999999
2024-03-11 06:55:00,36.3,2.388888888888887
2024-03-11 07:55:00,36.1,2.2777777777777786
2024-03-11 08:55:00,36.3,2.388888888888887
2024-03-11 09:55:00,36.0,2.2222222222222223
2024-03-11 10:55:00,37.0,2.7777777777777777
2024-03-11 11:55:00,39.6,4.222222222222223
2024-03-11 12:55:00,33.8,0.9999999999999984
2024-03-11 13:55:00,38.1,3.3888888888888897
2024-03-11 14:55:00,40.8,4.8888888888888875
2024-03-11 15:55:00,49.8,9.888888888888888
2024-03-11 16:55:00,54.7,12.611111111111112
2024-03-11 17:55:00,54.3,12.388888888888888
2024-03-11 18:55:00,59.2,15.111111111111112
2024-03-11 19:55:00,59.2,15.111111111111112
2024-03-11 20:55:00,59.5,15.277777777777777
2024-03-11 21:55:00,62.6,17.0
2024-03-11 22:55:00,63.5,17.5
2024-03-11 23:55:00,62.6,17.0
2024-03-12 00:55:00,54.0,12.222222222222221
2024-03-12 01:55:00,50.9,10.499999999999998
2024-03-12 02:55:00,50.2,10.111111111111112
2024-03-12 03:55:00,48.0,8.88888888888889
2024-03-12 04:55:00,52.2,11.222222222222223
2024-03-12 05:55:00,49.6,9.777777777777779
2024-03-12 06:55:00,46.8,8.22222222222222
2024-03-12 07:55:00,41.5,5.277777777777778
2024-03-12 08:55:00,48.2,9.000000000000002
2024-03-12 09:55:00,43.7,6.500000000000002
2024-03-12 10:55:00,38.7,3.7222222222222237
2024-03-12 11:55:00,37.2,2.8888888888888906
2024-03-12 12:55:00,34.7,1.5000000000000016
2024-03-12 13:55:00,34.5,1.3888888888888888
2024-03-12 14:55:00,47.7,8.722222222222223
2024-03-12 15:55:00,50.7,10.388888888888891
2024-03-12 16:55:00,54.7,12.611111111111112
2024-03-12 17:55:00,56.1,13.38888888888889
2024-03-12 18:55:00,56.7,13.722222222222223
2024-03-12 19:55:00,58.3,14.611111111111109
2024-03-12 20:55:00,59.2,15.111111111111112
2024-03-12 21:23:00,59.0,15.0
2024-03-12 21:38:00,60.8,15.999999999999998
2024-03-12 21:55:00,65.1,18.388888888888886
2024-03-12 22:55:00,63.3,17.388888888888886
2024-03-12 23:55:00,60.3,15.72222222222222
2024-03-13 00:55:00,54.7,12.611111111111112
2024-03-13 01:55:00,53.6,12.0
2024-03-13 02:55:00,51.8,10.999999999999998
2024-03-13 03:55:00,48.6,9.222222222222223
2024-03-13 04:55:00,46.6,8.111111111111112
2024-03-13 05:55:00,46.8,8.22222222222222
2024-03-13 06:55:00,47.5,8.61111111111111
2024-03-13 07:55:00,47.3,8.499999999999998
2024-03-13 08:55:00,42.6,5.888888888888889
2024-03-13 09:55:00,42.3,5.7222222222222205
2024-03-13 10:55:00,40.1,4.500000000000001
2024-03-13 11:55:00,38.8,3.777777777777776
2024-03-13 12:55:00,38.5,3.611111111111111
2024-03-13 13:55:00,39.6,4.222222222222223
2024-03-13 14:55:00,45.3,7.3888888888888875
2024-03-13 15:55:00,47.5,8.61111111111111
2024-03-13 16:55:00,49.1,9.5
2024-03-13 17:55:00,50.9,10.499999999999998
2024-03-13 18:53:00,50.0,10.0
2024-03-13 18:55:00,48.2,9.000000000000002
2024-03-13 19:16:00,46.4,7.999999999999999
2024-03-13 19:31:00,46.4,7.999999999999999
2024-03-13 19:35:00,48.2,9.000000000000002
2024-03-13 19:55:00,50.0,10.0
2024-03-13 20:55:00,46.9,8.277777777777777
2024-03-13 21:55:00,45.3,7.3888888888888875
2024-03-13 22:55:00,46.6,8.111111111111112
2024-03-13 23:55:00,43.5,6.388888888888888
2024-03-14 00:55:00,43.3,6.277777777777776
2024-03-14 01:25:00,42.8,5.999999999999998
2024-03-14 01:55:00,41.7,5.38888888888889
2024-03-14 02:55:00,39.9,4.388888888888888
2024-03-14 03:05:00,39.2,4.000000000000002
2024-03-14 03:18:00,41.0,5.0
2024-03-14 03:28:00,41.0,5.0
2024-03-14 03:35:00,41.0,5.0
2024-03-14 03:50:00,39.2,4.000000000000002
2024-03-14 03:55:00,39.7,4.2777777777777795
2024-03-14 04:55:00,38.5,3.611111111111111
2024-03-14 05:10:00,37.4,2.999999999999999
2024-03-14 05:26:00,33.8,0.9999999999999984
2024-03-14 05:55:00,34.2,1.2222222222222239
2024-03-14 06:02:00,33.8,0.9999999999999984
2024-03-14 06:55:00,33.8,0.9999999999999984
2024-03-14 07:10:00,33.8,0.9999999999999984
2024-03-14 07:12:00,33.8,0.9999999999999984
2024-03-14 07:20:00,33.8,0.9999999999999984
2024-03-14 07:55:00,31.8,-0.11111111111111072
2024-03-14 08:52:00,34.0,1.1111111111111112
2024-03-14 08:55:00,34.0,1.1111111111111112
2024-03-14 09:55:00,34.3,1.2777777777777761
2024-03-14 10:04:00,33.8,0.9999999999999984
2024-03-14 10:28:00,33.8,0.9999999999999984
2024-03-14 10:55:00,32.9,0.4999999999999992
2024-03-14 11:26:00,33.8,0.9999999999999984
2024-03-14 11:55:00,33.1,0.6111111111111119
2024-03-14 12:25:00,33.8,0.9999999999999984
2024-03-14 12:55:00,33.1,0.6111111111111119
2024-03-14 13:06:00,32.0,0.0
2024-03-14 13:15:00,32.0,0.0
2024-03-14 13:55:00,31.1,-0.4999999999999992
2024-03-14 13:56:00,32.0,0.0
2024-03-14 14:55:00,31.6,-0.22222222222222143
2024-03-14 15:14:00,32.0,0.0
2024-03-14 15:29:00,32.0,0.0
2024-03-14 15:34:00,32.0,0.0
2024-03-14 15:55:00,33.6,0.8888888888888896
2024-03-14 16:50:00,33.8,0.9999999999999984
2024-03-14 16:55:00,34.5,1.3888888888888888
2024-03-14 17:29:00,35.6,2.000000000000001
2024-03-14 17:36:00,33.8,0.9999999999999984
2024-03-14 17:47:00,33.8,0.9999999999999984
2024-03-14 17:55:00,34.7,1.5000000000000016
2024-03-14 18:21:00,35.6,2.000000000000001
2024-03-14 18:50:00,35.6,2.000000000000001
2024-03-14 18:55:00,35.2,1.7777777777777792
2024-03-14 19:55:00,33.4,0.777777777777777
2024-03-14 20:55:00,33.6,0.8888888888888896
2024-03-14 21:05:00,35.6,2.000000000000001
2024-03-14 21:24:00,33.8,0.9999999999999984
2024-03-14 21:31:00,33.8,0.9999999999999984
2024-03-14 21:39:00,33.8,0.9999999999999984
2024-03-14 21:49:00,33.8,0.9999999999999984
2024-03-14 21:55:00,33.1,0.6111111111111119
2024-03-14 22:10:00,33.8,0.9999999999999984
2024-03-14 22:25:00,33.8,0.9999999999999984
2024-03-14 22:40:00,33.8,0.9999999999999984
2024-03-14 22:40:00,33.8,0.9999999999999984
2024-03-14 22:48:00,33.8,0.9999999999999984
2024-03-14 22:55:00,33.6,0.8888888888888896
2024-03-14 23:09:00,33.8,0.9999999999999984
2024-03-14 23:20:00,33.8,0.9999999999999984
2024-03-14 23:30:00,33.8,0.9999999999999984
2024-03-14 23:55:00,33.3,0.7222222222222207
2024-03-15 00:55:00,32.4,0.22222222222222143
2024-03-15 01:06:00,32.0,0.0
2024-03-15 01:21:00,32.0,0.0
2024-03-15 01:30:00,32.0,0.0
2024-03-15 01:56:00,32.2,0.11111111111111269
2024-03-15 02:26:00,32.0,0.0
2024-03-15 02:55:00,32.2,0.11111111111111269
2024-03-15 03:38:00,32.0,0.0
2024-03-15 03:55:00,32.4,0.22222222222222143
2024-03-15 04:55:00,32.0,0.0
2024-03-15 05:55:00,32.4,0.22222222222222143
2024-03-15 06:55:00,32.7,0.38888888888889045
2024-03-15 07:55:00,32.5,0.2777777777777778
2024-03-15 08:55:00,32.2,0.11111111111111269
2024-03-15 09:55:00,32.0,0.0
2024-03-15 10:55:00,31.6,-0.22222222222222143
2024-03-15 11:55:00,30.6,-0.777777777777777
2024-03-15 12:40:00,30.2,-1.0000000000000004
2024-03-15 12:55:00,30.4,-0.8888888888888896
2024-03-15 13:25:00,30.2,-1.0000000000000004
2024-03-15 13:40:00,30.2,-1.0000000000000004
2024-03-15 13:50:00,30.2,-1.0000000000000004
2024-03-15 13:55:00,30.4,-0.8888888888888896
2024-03-15 14:10:00,30.2,-1.0000000000000004
2024-03-15 14:58:00,30.9,-0.6111111111111119
2024-03-15 15:55:00,31.6,-0.22222222222222143
2024-03-15 16:29:00,32.0,0.0
2024-03-15 16:55:00,32.4,0.22222222222222143
2024-03-15 17:51:00,32.0,0.0
2024-03-15 17:55:00,32.2,0.11111111111111269
2024-03-15 18:39:00,33.8,0.9999999999999984
2024-03-15 19:10:00,33.8,0.9999999999999984
2024-03-15 19:40:00,33.8,0.9999999999999984
2024-03-15 19:55:00,34.0,1.1111111111111112
2024-03-15 20:16:00,33.8,0.9999999999999984
2024-03-15 20:23:00,33.8,0.9999999999999984
2024-03-15 20:53:00,33.8,0.9999999999999984
2024-03-15 20:55:00,33.6,0.8888888888888896
2024-03-15 21:55:00,35.4,1.888888888888888
2024-03-15 22:25:00,35.6,2.000000000000001
2024-03-15 22:55:00,34.2,1.2222222222222239
2024-03-15 23:55:00,33.8,0.9999999999999984
2024-03-16 00:55:00,32.4,0.22222222222222143
2024-03-16 01:55:00,30.6,-0.777777777777777
2024-03-16 02:55:00,29.8,-1.2222222222222219
2024-03-16 03:55:00,28.8,-1.7777777777777772
2024-03-16 04:40:00,28.4,-2.000000000000001
2024-03-16 04:55:00,28.2,-2.1111111111111116
2024-03-16 05:40:00,32.0,0.0
2024-03-16 05:55:00,32.0,0.0
2024-03-16 06:40:00,32.0,0.0
2024-03-16 06:55:00,30.6,-0.777777777777777
2024-03-16 07:55:00,28.0,-2.2222222222222223
2024-03-16 08:55:00,28.0,-2.2222222222222223
2024-03-16 09:55:00,28.2,-2.1111111111111116
2024-03-16 10:55:00,30.7,-0.7222222222222227
2024-03-16 11:55:00,29.3,-1.4999999999999996
2024-03-16 12:55:00,29.7,-1.2777777777777781
2024-03-16 13:55:00,32.5,0.2777777777777778
2024-03-16 14:55:00,36.7,2.6111111111111125
2024-03-16 15:55:00,39.9,4.388888888888888
2024-03-16 16:55:00,37.8,3.2222222222222205
2024-03-16 17:55:00,40.5,4.722222222222222
2024-03-16 18:55:00,39.7,4.2777777777777795
2024-03-16 19:55:00,41.2,5.1111111111111125
2024-03-16 20:55:00,40.6,4.777777777777779
2024-03-16 21:55:00,41.0,5.0
2024-03-16 22:55:00,39.9,4.388888888888888
2024-03-16 23:55:00,39.2,4.000000000000002
2024-03-17 00:55:00,38.3,3.4999999999999982
2024-03-17 01:55:00,35.8,2.1111111111111094
2024-03-17 02:55:00,38.3,3.4999999999999982
2024-03-17 03:55:00,37.6,3.1111111111111116
2024-03-17 04:06:00,37.4,2.999999999999999
2024-03-17 04:13:00,37.4,2.999999999999999
2024-03-17 04:28:00,37.4,2.999999999999999
2024-03-17 04:55:00,37.4,2.999999999999999
2024-03-17 05:55:00,37.8,3.2222222222222205
2024-03-17 06:55:00,37.9,3.277777777777777
2024-03-17 07:55:00,37.8,3.2222222222222205
2024-03-17 08:55:00,36.7,2.6111111111111125
2024-03-17 09:55:00,37.0,2.7777777777777777
2024-03-17 10:10:00,35.6,2.000000000000001
2024-03-17 10:40:00,35.6,2.000000000000001
2024-03-17 10:55:00,37.0,2.7777777777777777
2024-03-17 11:55:00,37.2,2.8888888888888906
2024-03-17 12:55:00,38.5,3.611111111111111
2024-03-17 13:55:00,36.7,2.6111111111111125
2024-03-17 14:55:00,37.4,2.999999999999999
2024-03-17 15:55:00,39.6,4.222222222222223
2024-03-17 16:55:00,39.4,4.11111111111111
2024-03-17 17:55:00,38.5,3.611111111111111
2024-03-17 18:55:00,40.5,4.722222222222222
2024-03-17 19:55:00,40.3,4.61111111111111
2024-03-17 20:55:00,42.3,5.7222222222222205
2024-03-17 21:55:00,41.7,5.38888888888889
2024-03-17 22:55:00,41.5,5.277777777777778
2024-03-17 23:55:00,41.4,5.222222222222221
2024-03-18 00:55:00,38.8,3.777777777777776
2024-03-18 01:55:00,39.0,3.888888888888889
2024-03-18 02:55:00,37.9,3.277777777777777
2024-03-18 03:55:00,36.3,2.388888888888887
2024-03-18 04:55:00,37.8,3.2222222222222205
2024-03-18 05:55:00,39.2,4.000000000000002
2024-03-18 06:55:00,37.8,3.2222222222222205
2024-03-18 07:55:00,37.8,3.2222222222222205
2024-03-18 08:55:00,38.3,3.4999999999999982
2024-03-18 09:55:00,38.7,3.7222222222222237
2024-03-18 10:55:00,31.6,-0.22222222222222143
2024-03-18 11:55:00,34.2,1.2222222222222239
2024-03-18 12:55:00,32.5,0.2777777777777778
2024-03-18 13:55:00,31.5,-0.2777777777777778
2024-03-18 14:55:00,36.1,2.2777777777777786
2024-03-18 15:55:00,41.7,5.38888888888889
2024-03-18 16:55:00,43.5,6.388888888888888
2024-03-18 17:55:00,44.4,6.8888888888888875
2024-03-18 18:55:00,46.8,8.22222222222222
2024-03-18 19:55:00,48.0,8.88888888888889
2024-03-18 20:55:00,49.3,9.611111111111109
2024-03-18 21:55:00,51.4,10.777777777777777
2024-03-18 22:55:00,52.0,11.11111111111111
2024-03-18 23:55:00,51.8,10.999999999999998
2024-03-19 00:55:00,49.5,9.722222222222221
2024-03-19 01:55:00,45.7,7.6111111111111125
2024-03-19 02:55:00,43.2,6.222222222222223
2024-03-19 03:55:00,41.9,5.499999999999999
2024-03-19 04:55:00,36.1,2.2777777777777786
2024-03-19 05:55:00,35.6,2.000000000000001
2024-03-19 06:55:00,33.8,0.9999999999999984
2024-03-19 07:55:00,36.1,2.2777777777777786
2024-03-19 08:55:00,34.9,1.6111111111111103
2024-03-19 09:55:00,34.3,1.2777777777777761
2024-03-19 10:55:00,35.6,2.000000000000001
2024-03-19 11:55:00,36.9,2.7222222222222214
2024-03-19 12:55:00,36.3,2.388888888888887
2024-03-19 13:55:00,37.8,3.2222222222222205
2024-03-19 14:55:00,37.8,3.2222222222222205
2024-03-19 15:55:00,52.7,11.500000000000002
2024-03-19 16:55:00,54.5,12.5
2024-03-19 17:55:00,57.4,14.11111111111111
2024-03-19 18:55:00,58.6,14.777777777777779
2024-03-19 19:55:00,59.0,15.0
2024-03-19 20:55:00,57.0,13.88888888888889
2024-03-19 21:55:00,60.1,15.61111111111111
2024-03-19 22:55:00,61.3,16.277777777777775
2024-03-19 23:55:00,55.4,12.999999999999998
2024-03-20 00:55:00,55.0,12.777777777777777
2024-03-20 01:55:00,50.9,10.499999999999998
2024-03-20 02:55:00,51.4,10.777777777777777
2024-03-20 03:55:00,48.7,9.277777777777779
2024-03-20 04:55:00,44.4,6.8888888888888875
2024-03-20 05:55:00,45.9,7.722222222222221
2024-03-20 06:55:00,38.7,3.7222222222222237
2024-03-20 07:55:00,38.3,3.4999999999999982
2024-03-20 08:55:00,36.7,2.6111111111111125
2024-03-20 09:55:00,35.8,2.1111111111111094
2024-03-20 10:55:00,38.5,3.611111111111111
2024-03-20 11:55:00,37.4,2.999999999999999
2024-03-20 12:55:00,37.9,3.277777777777777
2024-03-20 13:55:00,39.9,4.388888888888888
2024-03-20 14:55:00,48.4,9.11111111111111
2024-03-20 15:55:00,52.5,11.38888888888889
2024-03-20 16:55:00,55.4,12.999999999999998
2024-03-20 17:55:00,58.5,14.722222222222221
2024-03-20 18:55:00,58.5,14.722222222222221
2024-03-20 19:14:00,60.8,15.999999999999998
2024-03-20 19:31:00,60.8,15.999999999999998
2024-03-20 19:55:00,60.8,15.999999999999998
2024-03-20 20:11:00,60.8,15.999999999999998
2024-03-20 20:55:00,59.7,15.38888888888889
2024-03-20 21:55:00,59.7,15.38888888888889
2024-03-20 22:55:00,61.9,16.61111111111111
2024-03-20 23:55:00,56.3,13.499999999999998
2024-03-21 00:55:00,53.6,12.0
2024-03-21 01:55:00,50.2,10.111111111111112
2024-03-21 02:55:00,47.8,8.777777777777777
2024-03-21 03:55:00,47.5,8.61111111111111
2024-03-21 04:55:00,46.6,8.111111111111112
2024-03-21 05:55:00,42.3,5.7222222222222205
2024-03-21 06:55:00,42.6,5.888888888888889
2024-03-21 07:55:00,37.4,2.999999999999999
2024-03-21 08:55:00,36.0,2.2222222222222223
2024-03-21 09:55:00,35.6,2.000000000000001
2024-03-21 10:55:00,34.2,1.2222222222222239
2024-03-21 11:55:00,38.3,3.4999999999999982
2024-03-21 12:55:00,32.4,0.22222222222222143
2024-03-21 13:55:00,42.8,5.999999999999998
2024-03-21 14:55:00,48.6,9.222222222222223
2024-03-21 15:55:00,54.5,12.5
2024-03-21 16:55:00,59.2,15.111111111111112
2024-03-21 17:55:00,59.5,15.277777777777777
2024-03-21 18:55:00,59.4,15.222222222222221
2024-03-21 19:55:00,60.4,15.777777777777777
2024-03-21 20:55:00,63.5,17.5
2024-03-21 21:55:00,63.7,17.61111111111111
2024-03-21 22:55:00,64.6,18.111111111111107
2024-03-21 23:55:00,63.7,17.61111111111111
2024-03-22 00:55:00,62.2,16.77777777777778
2024-03-22 01:55:00,48.6,9.222222222222223
2024-03-22 02:55:00,49.6,9.777777777777779
2024-03-22 03:55:00,44.8,7.111111111111109
2024-03-22 04:55:00,43.2,6.222222222222223
2024-03-22 05:55:00,46.8,8.22222222222222
2024-03-22 06:55:00,50.2,10.111111111111112
2024-03-22 07:55:00,51.6,10.88888888888889
2024-03-22 08:55:00,50.0,10.0
2024-03-22 09:55:00,41.0,5.0
2024-03-22 10:55:00,37.2,2.8888888888888906
2024-03-22 11:55:00,35.6,2.000000000000001
2024-03-22 12:55:00,33.8,0.9999999999999984
2024-03-22 13:55:00,36.9,2.7222222222222214
2024-03-22 14:55:00,43.0,6.111111111111111
2024-03-22 15:55:00,47.3,8.499999999999998
2024-03-22 16:27:00,46.4,7.999999999999999
2024-03-22 16:55:00,48.6,9.222222222222223
2024-03-22 17:43:00,50.0,10.0
2024-03-22 17:55:00,52.2,11.222222222222223
2024-03-22 18:55:00,53.6,12.0
2024-03-22 19:40:00,55.4,12.999999999999998
2024-03-22 19:55:00,55.6,13.11111111111111
2024-03-22 20:04:00,57.2,14.000000000000002
2024-03-22 20:55:00,58.1,14.5
2024-03-22 21:55:00,58.8,14.888888888888888
2024-03-22 22:55:00,56.1,13.38888888888889
2024-03-22 23:55:00,53.1,11.722222222222223
2024-03-23 00:55:00,50.9,10.499999999999998
2024-03-23 01:55:00,45.3,7.3888888888888875
2024-03-23 02:55:00,44.2,6.7777777777777795
2024-03-23 03:55:00,44.8,7.111111111111109
2024-03-23 04:55:00,41.4,5.222222222222221
2024-03-23 05:55:00,40.3,4.61111111111111
2024-03-23 06:55:00,38.1,3.3888888888888897
2024-03-23 07:55:00,36.7,2.6111111111111125
2024-03-23 07:57:00,36.7,2.6111111111111125
2024-03-23 08:55:00,32.7,0.38888888888889045
2024-03-23 09:55:00,31.6,-0.22222222222222143
2024-03-23 10:55:00,31.1,-0.4999999999999992
2024-03-23 11:55:00,28.4,-2.000000000000001
2024-03-23 12:55:00,31.8,-0.11111111111111072
2024-03-23 13:55:00,35.2,1.7777777777777792
2024-03-23 14:55:00,40.1,4.500000000000001
2024-03-23 15:55:00,45.1,7.277777777777779
2024-03-23 16:55:00,50.5,10.277777777777777
2024-03-23 17:55:00,56.7,13.722222222222223
2024-03-23 18:55:00,58.6,14.777777777777779
2024-03-23 19:55:00,63.9,17.72222222222222
2024-03-23 20:13:00,64.4,18.000000000000004
2024-03-23 20:24:00,64.4,18.000000000000004
2024-03-23 20:40:00,62.6,17.0
2024-03-23 20:55:00,61.7,16.5
2024-03-23 21:55:00,66.4,19.111111111111114
2024-03-23 22:11:00,64.4,18.000000000000004
2024-03-23 22:15:00,64.4,18.000000000000004
2024-03-23 22:55:00,64.0,17.77777777777778
2024-03-23 22:57:00,64.4,18.000000000000004
2024-03-23 23:55:00,62.4,16.88888888888889
2024-03-24 00:55:00,58.8,14.888888888888888
2024-03-24 01:55:00,56.3,13.499999999999998
2024-03-24 02:55:00,51.1,10.611111111111112
2024-03-24 03:55:00,49.8,9.888888888888888
2024-03-24 04:55:00,52.2,11.222222222222223
2024-03-24 05:55:00,43.2,6.222222222222223
2024-03-24 06:55:00,50.7,10.388888888888891
2024-03-24 07:55:00,44.8,7.111111111111109
2024-03-24 08:55:00,45.3,7.3888888888888875
2024-03-24 09:55:00,44.8,7.111111111111109
2024-03-24 10:55:00,41.9,5.499999999999999
2024-03-24 11:55:00,38.8,3.777777777777776
2024-03-24 12:55:00,39.6,4.222222222222223
2024-03-24 13:55:00,40.6,4.777777777777779
2024-03-24 14:55:00,44.2,6.7777777777777795
2024-03-24 15:55:00,46.8,8.22222222222222
2024-03-24 16:55:00,51.1,10.611111111111112
2024-03-24 17:55:00,54.1,12.277777777777779
2024-03-24 18:55:00,55.9,13.277777777777777
2024-03-24 19:55:00,49.6,9.777777777777779
2024-03-24 20:55:00,53.8,12.111111111111109
2024-03-24 20:56:00,53.6,12.0
2024-03-24 22:37:00,48.2,9.000000000000002
2024-03-24 22:55:00,48.6,9.222222222222223
2024-03-24 23:55:00,42.1,5.611111111111112
2024-03-25 00:55:00,43.2,6.222222222222223
2024-03-25 01:55:00,40.6,4.777777777777779
2024-03-25 02:33:00,39.2,4.000000000000002
2024-03-25 02:55:00,36.1,2.2777777777777786
2024-03-25 03:10:00,37.4,2.999999999999999
2024-03-25 03:55:00,33.4,0.777777777777777
2024-03-25 04:55:00,31.5,-0.2777777777777778
2024-03-25 05:55:00,30.2,-1.0000000000000004
2024-03-25 06:55:00,28.0,-2.2222222222222223
2024-03-25 07:55:00,26.2,-3.2222222222222223
2024-03-25 08:55:00,25.9,-3.3888888888888897
2024-03-25 09:55:00,24.1,-4.388888888888888
2024-03-25 10:55:00,23.5,-4.722222222222222
2024-03-25 11:55:00,23.9,-4.500000000000001
2024-03-25 12:55:00,22.8,-5.111111111111111
2024-03-25 13:55:00,22.6,-5.222222222222221
2024-03-25 14:55:00,23.7,-4.611111111111112
2024-03-25 15:55:00,25.7,-3.5000000000000004
2024-03-25 16:47:00,28.4,-2.000000000000001
2024-03-25 16:58:00,29.1,-1.6111111111111103
2024-03-25 17:55:00,30.7,-0.7222222222222227
2024-03-25 17:58:00,30.9,-0.6111111111111119
2024-03-25 18:55:00,28.4,-2.000000000000001
2024-03-25 19:55:00,29.7,-1.2777777777777781
2024-03-25 20:13:00,30.2,-1.0000000000000004
2024-03-25 20:30:00,28.4,-2.000000000000001
2024-03-25 20:55:00,27.0,-2.7777777777777777
2024-03-25 21:30:00,28.4,-2.000000000000001
2024-03-25 21:55:00,30.2,-1.0000000000000004
2024-03-25 22:48:00,30.2,-1.0000000000000004
2024-03-25 22:55:00,30.0,-1.1111111111111112
2024-03-25 23:55:00,29.7,-1.2777777777777781
2024-03-26 00:55:00,28.9,-1.722222222222223
2024-03-26 01:55:00,28.8,-1.7777777777777772
2024-03-26 02:55:00,28.8,-1.7777777777777772
2024-03-26 03:55:00,27.5,-2.5
2024-03-26 04:55:00,26.6,-2.999999999999999
2024-03-26 05:55:00,25.7,-3.5000000000000004
2024-03-26 06:55:00,25.5,-3.611111111111111
2024-03-26 07:55:00,22.1,-5.499999999999999
2024-03-26 08:55:00,18.5,-7.5
2024-03-26 09:55:00,18.7,-7.388888888888889
2024-03-26 10:55:00,16.9,-8.38888888888889
2024-03-26 11:55:00,17.2,-8.222222222222223
2024-03-26 12:55:00,15.8,-9.0
2024-03-26 13:55:00,20.8,-6.222222222222221
2024-03-26 14:26:00,23.0,-5.0
2024-03-26 14:41:00,23.0,-5.0
2024-03-26 14:55:00,24.4,-4.222222222222223
2024-03-26 15:39:00,28.4,-2.000000000000001
2024-03-26 15:57:00,30.0,-1.1111111111111112
2024-03-26 16:55:00,31.5,-0.2777777777777778
2024-03-26 17:55:00,37.0,2.7777777777777777
2024-03-26 18:55:00,41.4,5.222222222222221
2024-03-26 19:55:00,43.2,6.222222222222223
2024-03-26 20:52:00,42.8,5.999999999999998
2024-03-26 20:55:00,42.1,5.611111111111112
2024-03-26 21:00:00,42.8,5.999999999999998
2024-03-26 21:20:00,37.4,2.999999999999999
2024-03-26 21:32:00,39.2,4.000000000000002
2024-03-26 21:44:00,42.8,5.999999999999998
2024-03-26 21:55:00,40.6,4.777777777777779
2024-03-26 22:55:00,40.8,4.8888888888888875
2024-03-26 23:25:00,37.4,2.999999999999999
2024-03-26 23:55:00,38.3,3.4999999999999982
2024-03-27 00:55:00,34.9,1.6111111111111103
2024-03-27 01:55:00,30.9,-0.6111111111111119
2024-03-27 02:55:00,31.6,-0.22222222222222143
2024-03-27 03:55:00,30.4,-0.8888888888888896
2024-03-27 04:55:00,33.4,0.777777777777777
2024-03-27 05:55:00,27.9,-2.2777777777777786
2024-03-27 06:55:00,25.5,-3.611111111111111
2024-03-27 07:55:00,25.7,-3.5000000000000004
2024-03-27 08:55:00,25.9,-3.3888888888888897
2024-03-27 09:55:00,25.5,-3.611111111111111
2024-03-27 10:55:00,25.5,-3.611111111111111
2024-03-27 11:55:00,26.4,-3.1111111111111116
2024-03-27 12:55:00,29.1,-1.6111111111111103
2024-03-27 13:55:00,29.7,-1.2777777777777781
2024-03-27 14:55:00,35.4,1.888888888888888
2024-03-27 15:55:00,41.9,5.499999999999999
2024-03-27 16:55:00,46.6,8.111111111111112
2024-03-27 17:55:00,47.3,8.499999999999998
2024-03-27 18:55:00,46.4,7.999999999999999
2024-03-27 19:13:00,50.0,10.0
2024-03-27 19:55:00,46.6,8.111111111111112
2024-03-27 20:55:00,49.6,9.777777777777779
2024-03-27 21:55:00,49.6,9.777777777777779
2024-03-27 22:55:00,50.5,10.277777777777777
2024-03-27 23:55:00,49.6,9.777777777777779
2024-03-28 00:21:00,50.0,10.0
2024-03-28 00:55:00,48.2,9.000000000000002
2024-03-28 01:55:00,42.6,5.888888888888889
2024-03-28 02:55:00,41.2,5.1111111111111125
2024-03-28 03:55:00,40.3,4.61111111111111
2024-03-28 04:55:00,35.1,1.722222222222223
2024-03-28 05:55:00,37.0,2.7777777777777777
2024-03-28 06:55:00,35.1,1.722222222222223
2024-03-28 07:55:00,30.0,-1.1111111111111112
2024-03-28 08:55:00,29.3,-1.4999999999999996
2024-03-28 09:55:00,25.9,-3.3888888888888897
2024-03-28 10:55:00,27.5,-2.5
2024-03-28 11:55:00,25.7,-3.5000000000000004
2024-03-28 12:55:00,25.9,-3.3888888888888897
2024-03-28 13:55:00,34.3,1.2777777777777761
2024-03-28 14:55:00,35.1,1.722222222222223
2024-03-28 15:55:00,46.8,8.22222222222222
2024-03-28 16:55:00,50.4,10.222222222222221
2024-03-28 17:55:00,55.6,13.11111111111111
2024-03-28 18:25:00,60.8,15.999999999999998
2024-03-28 18:55:00,61.9,16.61111111111111
2024-03-28 19:22:00,62.6,17.0
2024-03-28 19:55:00,63.9,17.72222222222222
2024-03-28 20:55:00,63.5,17.5
2024-03-28 21:55:00,66.9,19.388888888888893
2024-03-28 22:55:00,63.3,17.388888888888886
2024-03-28 23:55:00,62.4,16.88888888888889
2024-03-29 00:55:00,57.7,14.277777777777779
2024-03-29 01:55:00,51.3,10.72222222222222
2024-03-29 02:55:00,50.5,10.277777777777777
2024-03-29 03:55:00,51.4,10.777777777777777
2024-03-29 04:55:00,51.4,10.777777777777777
2024-03-29 05:55:00,52.5,11.38888888888889
2024-03-29 06:55:00,54.5,12.5
2024-03-29 07:55:00,53.8,12.111111111111109
2024-03-29 08:55:00,54.3,12.388888888888888
2024-03-29 09:55:00,54.0,12.222222222222221
2024-03-29 10:55:00,47.5,8.61111111111111
2024-03-29 11:55:00,43.9,6.61111111111111
2024-03-29 12:55:00,49.1,9.5
2024-03-29 13:55:00,45.7,7.6111111111111125
2024-03-29 14:55:00,50.9,10.499999999999998
2024-03-29 15:55:00,53.2,11.777777777777779
2024-03-29 16:55:00,53.8,12.111111111111109
2024-03-29 17:55:00,55.6,13.11111111111111
2024-03-29 18:55:00,57.7,14.277777777777779
2024-03-29 19:55:00,59.4,15.222222222222221
2024-03-29 20:55:00,61.5,16.38888888888889
2024-03-29 21:19:00,66.2,19.0
2024-03-29 21:55:00,62.1,16.72222222222222
2024-03-29 22:12:00,62.6,17.0
2024-03-29 22:22:00,62.6,17.0
2024-03-29 22:55:00,63.0,17.22222222222222
2024-03-29 23:55:00,62.6,17.0
2024-03-30 00:34:00,60.8,15.999999999999998
2024-03-30 00:55:00,53.1,11.722222222222223
2024-03-30 01:55:00,48.6,9.222222222222223
2024-03-30 02:55:00,43.2,6.222222222222223
2024-03-30 03:55:00,41.7,5.38888888888889
2024-03-30 04:55:00,41.2,5.1111111111111125
2024-03-30 05:55:00,38.7,3.7222222222222237
2024-03-30 06:55:00,39.9,4.388888888888888
2024-03-30 07:55:00,37.9,3.277777777777777
2024-03-30 08:40:00,37.4,2.999999999999999
2024-03-30 08:55:00,36.9,2.7222222222222214
2024-03-30 09:55:00,36.7,2.6111111111111125
2024-03-30 10:55:00,39.9,4.388888888888888
2024-03-30 11:55:00,35.6,2.000000000000001
2024-03-30 12:55:00,31.5,-0.2777777777777778
2024-03-30 13:55:00,35.1,1.722222222222223
2024-03-30 14:10:00,35.6,2.000000000000001
2024-03-30 14:55:00,37.2,2.8888888888888906
2024-03-30 15:40:00,41.0,5.0
2024-03-30 15:55:00,44.2,6.7777777777777795
2024-03-30 16:10:00,44.6,7.000000000000001
2024-03-30 16:55:00,46.8,8.22222222222222
2024-03-30 17:10:00,48.2,9.000000000000002
2024-03-30 17:40:00,48.2,9.000000000000002
2024-03-30 17:55:00,48.4,9.11111111111111
2024-03-30 18:55:00,53.1,11.722222222222223
2024-03-30 19:55:00,58.5,14.722222222222221
2024-03-30 20:55:00,61.5,16.38888888888889
2024-03-30 21:38:00,60.8,15.999999999999998
2024-03-30 21:55:00,62.2,16.77777777777778
2024-03-30 21:59:00,62.6,17.0
2024-03-30 22:12:00,60.8,15.999999999999998
2024-03-31 00:55:00,64.0,17.77777777777778
2024-03-31 01:55:00,57.4,14.11111111111111
2024-03-31 02:55:00,51.3,10.72222222222222
2024-03-31 03:55:00,45.1,7.277777777777779
2024-03-31 04:55:00,46.8,8.22222222222222
2024-03-31 05:55:00,42.3,5.7222222222222205
2024-03-31 06:55:00,39.6,4.222222222222223
2024-03-31 07:55:00,38.3,3.4999999999999982
2024-03-31 08:55:00,38.8,3.777777777777776
2024-03-31 09:55:00,39.0,3.888888888888889
2024-03-31 10:55:00,34.2,1.2222222222222239
2024-03-31 11:55:00,34.7,1.5000000000000016
2024-03-31 12:55:00,38.3,3.4999999999999982
2024-03-31 13:55:00,41.2,5.1111111111111125
2024-03-31 14:55:00,46.9,8.277777777777777
2024-03-31 15:55:00,60.4,15.777777777777777
2024-03-31 16:55:00,61.5,16.38888888888889
2024-03-31 17:55:00,59.4,15.222222222222221
2024-03-31 18:55:00,65.1,18.388888888888886
2024-03-31 19:49:00,68.0,20.0
2024-03-31 19:55:00,67.1,19.499999999999996
2024-03-31 20:40:00,69.8,20.999999999999996
2024-03-31 20:55:00,68.7,20.38888888888889
2024-03-31 21:12:00,69.8,20.999999999999996
2024-03-31 21:30:00,68.0,20.0
2024-03-31 21:55:00,68.0,20.0
2024-03-31 22:08:00,68.0,20.0
2024-03-31 22:50:00,68.0,20.0
2024-03-31 22:55:00,67.5,19.72222222222222
2024-04-01 00:55:00,60.8,15.999999999999998
2024-04-01 01:55:00,56.8,13.777777777777775
2024-04-01 02:55:00,55.2,12.88888888888889
2024-04-01 03:55:00,53.4,11.888888888888888
2024-04-01 04:55:00,52.9,11.61111111111111
2024-04-01 05:55:00,50.5,10.277777777777777
2024-04-01 06:55:00,46.6,8.111111111111112
2024-04-01 07:55:00,44.1,6.722222222222223
2024-04-01 08:55:00,40.5,4.722222222222222
2024-04-01 09:55:00,39.0,3.888888888888889
2024-04-01 10:55:00,32.0,0.0
2024-04-01 11:55:00,34.9,1.6111111111111103
2024-04-01 12:55:00,37.2,2.8888888888888906
2024-04-01 13:55:00,37.9,3.277777777777777
2024-04-01 14:55:00,42.6,5.888888888888889
2024-04-01 15:55:00,44.8,7.111111111111109
2024-04-01 16:55:00,48.4,9.11111111111111
2024-04-01 17:55:00,48.7,9.277777777777779
2024-04-01 18:55:00,47.8,8.777777777777777
2024-04-01 19:17:00,44.6,7.000000000000001
2024-04-01 19:32:00,42.8,5.999999999999998
2024-04-01 19:33:00,41.0,5.0
2024-04-01 19:48:00,41.0,5.0
2024-04-01 19:55:00,40.6,4.777777777777779
2024-04-01 20:14:00,39.2,4.000000000000002
2024-04-01 20:44:00,37.4,2.999999999999999
2024-04-01 20:55:00,37.4,2.999999999999999
2024-04-01 21:10:00,39.2,4.000000000000002
2024-04-01 21:13:00,39.2,4.000000000000002
2024-04-01 21:35:00,39.2,4.000000000000002
2024-04-01 21:42:00,39.2,4.000000000000002
2024-04-01 21:55:00,40.1,4.500000000000001
2024-04-01 22:55:00,41.0,5.0
2024-04-01 22:56:00,41.0,5.0
2024-04-01 23:11:00,37.4,2.999999999999999
2024-04-01 23:18:00,37.4,2.999999999999999
2024-04-01 23:33:00,39.2,4.000000000000002
2024-04-01 23:55:00,38.5,3.611111111111111
2024-04-02 00:55:00,38.1,3.3888888888888897
2024-04-02 01:55:00,41.4,5.222222222222221
2024-04-02 02:55:00,39.0,3.888888888888889
2024-04-02 03:11:00,39.2,4.000000000000002
2024-04-02 03:19:00,39.2,4.000000000000002
2024-04-02 03:55:00,37.2,2.8888888888888906
2024-04-02 04:55:00,38.3,3.4999999999999982
2024-04-02 05:10:00,39.2,4.000000000000002
2024-04-02 05:25:00,39.2,4.000000000000002
2024-04-02 05:55:00,37.9,3.277777777777777
2024-04-02 06:55:00,34.7,1.5000000000000016
2024-04-02 07:35:00,35.6,2.000000000000001
2024-04-02 07:43:00,33.8,0.9999999999999984
2024-04-02 07:55:00,37.8,3.2222222222222205
2024-04-02 08:06:00,37.4,2.999999999999999
2024-04-02 08:18:00,37.4,2.999999999999999
2024-04-02 08:55:00,36.0,2.2222222222222223
2024-04-02 09:55:00,35.4,1.888888888888888
2024-04-02 10:55:00,34.9,1.6111111111111103
2024-04-02 11:55:00,36.7,2.6111111111111125
2024-04-02 12:55:00,36.9,2.7222222222222214
2024-04-02 13:55:00,40.5,4.722222222222222
2024-04-02 14:55:00,41.0,5.0
2024-04-02 15:55:00,44.1,6.722222222222223
2024-04-02 16:55:00,47.7,8.722222222222223
2024-04-02 17:55:00,49.6,9.777777777777779
2024-04-02 18:55:00,52.7,11.500000000000002
2024-04-02 19:36:00,51.8,10.999999999999998
2024-04-02 19:55:00,54.0,12.222222222222221
2024-04-02 20:55:00,54.7,12.611111111111112
2024-04-02 21:55:00,58.5,14.722222222222221
2024-04-02 22:44:00,59.0,15.0
2024-04-02 22:55:00,58.1,14.5
2024-04-02 23:55:00,54.7,12.611111111111112
2024-04-03 00:55:00,52.0,11.11111111111111
2024-04-03 01:55:00,50.4,10.222222222222221
2024-04-03 02:55:00,46.8,8.22222222222222
2024-04-03 03:55:00,50.4,10.222222222222221
2024-04-03 04:55:00,39.7,4.2777777777777795
2024-04-03 05:55:00,38.5,3.611111111111111
2024-04-03 06:55:00,37.0,2.7777777777777777
2024-04-03 07:55:00,40.1,4.500000000000001
2024-04-03 08:55:00,39.9,4.388888888888888
2024-04-03 09:55:00,41.2,5.1111111111111125
2024-04-03 10:55:00,47.3,8.499999999999998
2024-04-03 11:55:00,39.9,4.388888888888888
2024-04-03 12:55:00,34.0,1.1111111111111112
2024-04-03 13:55:00,47.7,8.722222222222223
2024-04-03 14:55:00,52.5,11.38888888888889
2024-04-03 15:55:00,59.5,15.277777777777777
2024-04-03 16:19:00,60.8,15.999999999999998
2024-04-03 16:55:00,61.7,16.5
2024-04-03 17:55:00,63.1,17.27777777777778
2024-04-03 18:55:00,63.5,17.5
2024-04-03 19:22:00,64.4,18.000000000000004
2024-04-03 19:55:00,68.5,20.27777777777778
2024-04-03 20:44:00,66.2,19.0
2024-04-03 20:55:00,66.9,19.388888888888893
2024-04-03 22:55:00,65.3,18.499999999999996
2024-04-03 23:55:00,65.3,18.499999999999996
2024-04-04 00:55:00,63.0,17.22222222222222
2024-04-04 01:55:00,59.0,15.0
2024-04-04 02:55:00,57.0,13.88888888888889
2024-04-04 03:46:00,53.6,12.0
2024-04-04 03:55:00,56.7,13.722222222222223
2024-04-04 04:55:00,46.8,8.22222222222222
2024-04-04 05:55:00,46.0,7.777777777777778
2024-04-04 06:55:00,40.3,4.61111111111111
2024-04-04 07:55:00,37.9,3.277777777777777
2024-04-04 08:55:00,39.9,4.388888888888888
2024-04-04 09:55:00,39.4,4.11111111111111
2024-04-04 10:55:00,39.2,4.000000000000002
2024-04-04 12:55:00,39.0,3.888888888888889
2024-04-04 13:55:00,44.8,7.111111111111109
2024-04-04 14:55:00,53.2,11.777777777777779
2024-04-04 15:55:00,59.4,15.222222222222221
2024-04-04 16:55:00,63.1,17.27777777777778
2024-04-04 17:55:00,68.4,20.222222222222225
2024-04-04 18:38:00,69.8,20.999999999999996
2024-04-04 18:39:00,69.8,20.999999999999996
2024-04-04 18:42:00,71.6,21.999999999999996
2024-04-04 18:55:00,71.1,21.722222222222218
2024-04-04 19:55:00,73.4,23.000000000000004
2024-04-04 20:34:00,73.4,23.000000000000004
2024-04-04 20:55:00,72.7,22.61111111111111
2024-04-04 21:11:00,73.4,23.000000000000004
2024-04-04 21:21:00,71.6,21.999999999999996
2024-04-04 21:55:00,72.0,22.22222222222222
2024-04-04 22:45:00,73.4,23.000000000000004
2024-04-04 22:55:00,72.7,22.61111111111111
2024-04-04 23:55:00,71.1,21.722222222222218
2024-04-05 00:55:00,68.7,20.38888888888889
2024-04-05 01:55:00,59.2,15.111111111111112
2024-04-05 02:55:00,59.5,15.277777777777777
2024-04-05 03:55:00,60.4,15.777777777777777
2024-04-05 04:55:00,50.9,10.499999999999998
2024-04-05 05:55:00,47.8,8.777777777777777
2024-04-05 06:55:00,45.7,7.6111111111111125
2024-04-05 07:55:00,44.2,6.7777777777777795
2024-04-05 08:55:00,44.2,6.7777777777777795
2024-04-05 09:55:00,42.3,5.7222222222222205
2024-04-05 10:55:00,40.3,4.61111111111111
2024-04-05 11:55:00,39.4,4.11111111111111
2024-04-05 12:55:00,41.2,5.1111111111111125
2024-04-05 13:55:00,44.6,7.000000000000001
2024-04-05 14:55:00,50.5,10.277777777777777
2024-04-05 15:55:00,59.0,15.0
2024-04-05 16:55:00,64.9,18.277777777777782
2024-04-05 17:55:00,66.0,18.88888888888889
2024-04-05 18:27:00,66.2,19.0
2024-04-05 18:30:00,64.4,18.000000000000004
2024-04-05 18:36:00,64.4,18.000000000000004
2024-04-05 18:55:00,69.1,20.611111111111107
2024-04-05 19:53:00,73.4,23.000000000000004
2024-04-05 19:55:00,73.4,23.000000000000004
2024-04-05 20:55:00,69.4,20.777777777777782
2024-04-05 21:55:00,73.0,22.77777777777778
2024-04-05 22:55:00,72.3,22.388888888888886
2024-04-05 23:55:00,68.9,20.500000000000004
2024-04-06 00:55:00,67.5,19.72222222222222
2024-04-06 01:55:00,60.1,15.61111111111111
2024-04-06 02:55:00,54.9,12.722222222222221
2024-04-06 03:55:00,51.8,10.999999999999998
2024-04-06 04:55:00,56.7,13.722222222222223
2024-04-06 05:55:00,54.5,12.5
2024-04-06 06:55:00,47.3,8.499999999999998
2024-04-06 07:55:00,47.8,8.777777777777777
2024-04-06 08:55:00,43.2,6.222222222222223
2024-04-06 09:55:00,49.5,9.722222222222221
2024-04-06 10:55:00,48.6,9.222222222222223
2024-04-06 11:03:00,46.4,7.999999999999999
2024-04-06 11:04:00,46.4,7.999999999999999
2024-04-06 11:12:00,44.6,7.000000000000001
2024-04-06 11:45:00,46.4,7.999999999999999
2024-04-06 11:55:00,46.6,8.111111111111112
2024-04-06 12:55:00,47.1,8.38888888888889
2024-04-06 13:55:00,46.0,7.777777777777778
2024-04-06 14:44:00,50.0,10.0
2024-04-06 14:55:00,49.8,9.888888888888888
2024-04-06 15:08:00,51.8,10.999999999999998
2024-04-06 15:43:00,50.0,10.0
2024-04-06 15:55:00,49.5,9.722222222222221
2024-04-06 16:21:00,48.2,9.000000000000002
2024-04-06 16:41:00,46.4,7.999999999999999
2024-04-06 16:55:00,43.5,6.388888888888888
2024-04-06 17:02:00,44.6,7.000000000000001
2024-04-06 17:16:00,48.2,9.000000000000002
2024-04-06 17:55:00,48.7,9.277777777777779
2024-04-06 18:55:00,51.4,10.777777777777777
2024-04-06 19:55:00,52.7,11.500000000000002
2024-04-06 20:55:00,52.2,11.222222222222223
2024-04-06 21:55:00,51.3,10.72222222222222
2024-04-06 22:04:00,50.0,10.0
2024-04-06 22:55:00,50.4,10.222222222222221
2024-04-06 23:55:00,48.2,9.000000000000002
2024-04-07 00:20:00,46.4,7.999999999999999
2024-04-07 00:55:00,44.2,6.7777777777777795
2024-04-07 01:35:00,42.8,5.999999999999998
2024-04-07 01:55:00,41.7,5.38888888888889
2024-04-07 02:55:00,40.6,4.777777777777779
2024-04-07 03:55:00,38.7,3.7222222222222237
2024-04-07 04:55:00,40.8,4.8888888888888875
2024-04-07 05:55:00,34.5,1.3888888888888888
2024-04-07 06:55:00,33.6,0.8888888888888896
2024-04-07 07:55:00,30.0,-1.1111111111111112
2024-04-07 09:55:00,33.3,0.7222222222222207
2024-04-07 10:55:00,33.3,0.7222222222222207
2024-04-07 11:55:00,30.9,-0.6111111111111119
2024-04-07 12:55:00,34.3,1.2777777777777761
2024-04-07 13:55:00,40.3,4.61111111111111
2024-04-07 14:55:00,47.1,8.38888888888889
2024-04-07 15:55:00,49.8,9.888888888888888
2024-04-07 16:55:00,53.2,11.777777777777779
2024-04-07 17:55:00,53.8,12.111111111111109
2024-04-07 18:55:00,57.9,14.388888888888888
2024-04-07 19:55:00,58.3,14.611111111111109
2024-04-07 20:16:00,59.0,15.0
2024-04-07 20:50:00,59.0,15.0
2024-04-07 20:55:00,60.1,15.61111111111111
2024-04-07 20:56:00,59.0,15.0
2024-04-07 21:55:00,61.5,16.38888888888889
2024-04-07 22:42:00,62.6,17.0
2024-04-07 22:55:00,60.1,15.61111111111111
2024-04-07 23:23:00,59.0,15.0
2024-04-07 23:55:00,55.8,13.22222222222222
2024-04-08 00:23:00,55.4,12.999999999999998
2024-04-08 00:55:00,54.9,12.722222222222221
2024-04-08 01:55:00,50.0,10.0
2024-04-08 02:55:00,48.2,9.000000000000002
2024-04-08 03:55:00,43.5,6.388888888888888
2024-04-08 04:55:00,42.1,5.611111111111112
2024-04-08 05:55:00,39.6,4.222222222222223
2024-04-08 06:55:00,36.7,2.6111111111111125
2024-04-08 07:55:00,36.5,2.5
2024-04-08 08:55:00,35.8,2.1111111111111094
2024-04-08 09:55:00,35.6,2.000000000000001
2024-04-08 10:55:00,31.1,-0.4999999999999992
2024-04-08 11:55:00,33.4,0.777777777777777
2024-04-08 12:55:00,37.0,2.7777777777777777
2024-04-08 13:55:00,36.1,2.2777777777777786
2024-04-08 14:55:00,39.9,4.388888888888888
2024-04-08 15:55:00,45.1,7.277777777777779
2024-04-08 16:55:00,47.1,8.38888888888889
2024-04-08 17:55:00,50.7,10.388888888888891
2024-04-08 18:55:00,50.7,10.388888888888891
2024-04-08 19:55:00,54.0,12.222222222222221
2024-04-08 20:42:00,51.8,10.999999999999998
2024-04-08 20:55:00,53.6,12.0
2024-04-08 21:47:00,55.4,12.999999999999998
2024-04-08 21:55:00,54.1,12.277777777777779
2024-04-08 22:37:00,53.6,12.0
2024-04-08 22:55:00,54.3,12.388888888888888
2024-04-08 23:55:00,53.1,11.722222222222223
2024-04-09 00:55:00,52.3,11.277777777777777
2024-04-09 01:55:00,46.8,8.22222222222222
2024-04-09 02:55:00,43.7,6.500000000000002
2024-04-09 03:55:00,45.0,7.222222222222222
2024-04-09 04:55:00,46.4,7.999999999999999
2024-04-09 05:55:00,44.2,6.7777777777777795
2024-04-09 06:55:00,44.8,7.111111111111109
2024-04-09 07:55:00,36.1,2.2777777777777786
2024-04-09 08:55:00,35.2,1.7777777777777792
2024-04-09 09:55:00,36.7,2.6111111111111125
2024-04-09 10:55:00,35.2,1.7777777777777792
2024-04-09 11:55:00,35.1,1.722222222222223
2024-04-09 12:55:00,28.9,-1.722222222222223
2024-04-09 13:55:00,36.1,2.2777777777777786
2024-04-09 14:55:00,40.5,4.722222222222222
2024-04-09 15:55:00,45.0,7.222222222222222
2024-04-09 16:55:00,47.7,8.722222222222223
2024-04-09 17:14:00,48.2,9.000000000000002
2024-04-09 17:55:00,49.6,9.777777777777779
2024-04-09 18:12:00,51.8,10.999999999999998
2024-04-09 18:55:00,52.5,11.38888888888889
2024-04-09 19:46:00,53.6,12.0
2024-04-09 19:55:00,55.0,12.777777777777777
2024-04-09 20:55:00,55.4,12.999999999999998
2024-04-09 21:55:00,56.8,13.777777777777775
2024-04-09 22:55:00,57.6,14.222222222222223
2024-04-09 23:55:00,55.0,12.777777777777777
2024-04-10 00:55:00,54.3,12.388888888888888
2024-04-10 01:55:00,49.3,9.611111111111109
2024-04-10 02:55:00,48.2,9.000000000000002
2024-04-10 03:55:00,48.7,9.277777777777779
2024-04-10 04:55:00,47.3,8.499999999999998
2024-04-10 05:55:00,48.0,8.88888888888889
2024-04-10 06:55:00,39.7,4.2777777777777795
2024-04-10 07:55:00,45.1,7.277777777777779
2024-04-10 08:55:00,42.4,5.777777777777777
2024-04-10 09:55:00,41.0,5.0
2024-04-10 10:55:00,39.6,4.222222222222223
2024-04-10 11:55:00,41.0,5.0
2024-04-10 12:55:00,35.4,1.888888888888888
2024-04-10 13:55:00,44.1,6.722222222222223
2024-04-10 14:55:00,50.5,10.277777777777777
2024-04-10 15:55:00,52.7,11.500000000000002
2024-04-10 16:55:00,54.5,12.5
2024-04-10 17:55:00,55.9,13.277777777777777
2024-04-10 18:55:00,55.2,12.88888888888889
2024-04-10 19:55:00,55.2,12.88888888888889
2024-04-10 20:55:00,60.3,15.72222222222222
2024-04-10 21:55:00,57.9,14.388888888888888
2024-04-10 22:55:00,57.2,14.000000000000002
2024-04-10 23:55:00,57.6,14.222222222222223
2024-04-11 00:55:00,52.2,11.222222222222223
2024-04-11 01:55:00,49.6,9.777777777777779
2024-04-11 02:55:00,45.7,7.6111111111111125
2024-04-11 03:55:00,44.8,7.111111111111109
2024-04-11 04:55:00,40.8,4.8888888888888875
2024-04-11 05:55:00,36.7,2.6111111111111125
2024-04-11 06:55:00,37.8,3.2222222222222205
2024-04-11 07:55:00,38.8,3.777777777777776
2024-04-11 08:55:00,36.1,2.2777777777777786
2024-04-11 09:55:00,37.4,2.999999999999999
2024-04-11 10:55:00,34.2,1.2222222222222239
2024-04-11 11:55:00,33.4,0.777777777777777
2024-04-11 12:55:00,32.2,0.11111111111111269
2024-04-11 13:55:00,36.7,2.6111111111111125
2024-04-11 14:25:00,39.2,4.000000000000002
2024-04-11 14:40:00,41.0,5.0
2024-04-11 14:55:00,41.5,5.277777777777778
2024-04-11 15:10:00,41.0,5.0
2024-04-11 15:55:00,45.0,7.222222222222222
2024-04-11 16:25:00,48.2,9.000000000000002
2024-04-11 16:55:00,47.8,8.777777777777777
2024-04-11 17:19:00,50.0,10.0
2024-04-11 17:55:00,49.5,9.722222222222221
2024-04-11 18:55:00,53.2,11.777777777777779
2024-04-11 19:55:00,54.1,12.277777777777779
2024-04-11 20:55:00,55.9,13.277777777777777
2024-04-11 21:55:00,57.0,13.88888888888889
2024-04-11 22:55:00,54.5,12.5
2024-04-11 23:55:00,59.2,15.111111111111112
2024-04-12 00:55:00,59.0,15.0
2024-04-12 01:55:00,49.5,9.722222222222221
2024-04-12 02:55:00,48.9,9.388888888888888
2024-04-12 03:55:00,47.5,8.61111111111111
2024-04-12 04:55:00,46.9,8.277777777777777
2024-04-12 05:55:00,43.7,6.500000000000002
2024-04-12 06:55:00,42.8,5.999999999999998
2024-04-12 07:55:00,36.9,2.7222222222222214
2024-04-12 08:55:00,38.1,3.3888888888888897
2024-04-12 09:55:00,35.4,1.888888888888888
2024-04-12 10:47:00,35.6,2.000000000000001
2024-04-12 10:55:00,35.6,2.000000000000001
2024-04-12 11:55:00,32.4,0.22222222222222143
2024-04-12 12:55:00,35.1,1.722222222222223
2024-04-12 13:55:00,42.6,5.888888888888889
2024-04-12 14:55:00,51.4,10.777777777777777
2024-04-12 15:55:00,58.3,14.611111111111109
2024-04-12 16:55:00,62.1,16.72222222222222
2024-04-12 17:55:00,66.4,19.111111111111114
2024-04-12 18:55:00,68.7,20.38888888888889
2024-04-12 19:55:00,76.1,24.499999999999996
2024-04-12 20:55:00,75.6,24.222222222222218
2024-04-12 22:01:00,75.2,24.0
2024-04-12 22:55:00,75.7,24.27777777777778
2024-04-12 23:04:00,75.2,24.0
2024-04-12 23:55:00,73.4,23.000000000000004
2024-04-13 00:55:00,69.3,20.72222222222222
2024-04-13 01:55:00,64.0,17.77777777777778
2024-04-13 02:55:00,61.5,16.38888888888889
2024-04-13 03:55:00,60.6,15.88888888888889
2024-04-13 04:55:00,60.4,15.777777777777777
2024-04-13 05:55:00,52.3,11.277777777777777
2024-04-13 06:55:00,55.4,12.999999999999998
2024-04-13 07:55:00,57.4,14.11111111111111
2024-04-13 08:55:00,45.1,7.277777777777779
2024-04-13 09:55:00,57.9,14.388888888888888
2024-04-13 10:55:00,59.2,15.111111111111112
2024-04-13 11:55:00,50.0,10.0
2024-04-13 12:55:00,51.4,10.777777777777777
2024-04-13 13:55:00,60.1,15.61111111111111
2024-04-13 14:55:00,64.9,18.277777777777782
2024-04-13 15:55:00,67.1,19.499999999999996
2024-04-13 16:55:00,72.7,22.61111111111111
2024-04-13 17:54:00,75.2,24.0
2024-04-13 17:55:00,75.4,24.111111111111114
2024-04-13 18:55:00,75.7,24.27777777777778
2024-04-13 19:55:00,75.6,24.222222222222218
2024-04-13 20:55:00,77.4,25.222222222222225
2024-04-13 21:55:00,73.6,23.111111111111107
2024-04-13 22:55:00,72.7,22.61111111111111
2024-04-13 23:55:00,74.1,23.388888888888886
2024-04-14 00:55:00,70.5,21.38888888888889
2024-04-14 01:55:00,63.1,17.27777777777778
2024-04-14 02:55:00,60.1,15.61111111111111
2024-04-14 03:55:00,57.6,14.222222222222223
2024-04-14 04:55:00,56.7,13.722222222222223
2024-04-14 05:55:00,51.4,10.777777777777777
2024-04-14 06:55:00,50.4,10.222222222222221
2024-04-14 07:55:00,48.6,9.222222222222223
2024-04-14 08:55:00,48.0,8.88888888888889
2024-04-14 09:55:00,45.5,7.5
2024-04-14 10:55:00,47.3,8.499999999999998
2024-04-14 11:55:00,46.6,8.111111111111112
2024-04-14 12:55:00,47.7,8.722222222222223
2024-04-14 13:55:00,55.0,12.777777777777777
2024-04-14 14:55:00,63.3,17.388888888888886
2024-04-14 15:55:00,69.8,20.999999999999996
2024-04-14 16:55:00,72.7,22.61111111111111
2024-04-14 17:55:00,72.3,22.388888888888886
2024-04-14 18:55:00,76.8,24.888888888888886
2024-04-14 19:55:00,75.6,24.222222222222218
2024-04-14 20:35:00,77.0,25.0
2024-04-14 20:38:00,77.0,25.0
2024-04-14 20:55:00,77.7,25.38888888888889
2024-04-14 21:18:00,77.0,25.0
2024-04-14 21:52:00,78.8,25.999999999999996
2024-04-14 21:55:00,77.7,25.38888888888889
2024-04-14 22:55:00,77.4,25.222222222222225
2024-04-14 23:36:00,77.0,25.0
2024-04-14 23:55:00,76.5,24.72222222222222
2024-04-15 00:55:00,73.4,23.000000000000004
2024-04-15 01:55:00,64.9,18.277777777777782
2024-04-15 02:55:00,64.8,18.22222222222222
2024-04-15 03:55:00,65.7,18.722222222222225
2024-04-15 04:55:00,61.7,16.5
2024-04-15 05:55:00,58.1,14.5
2024-04-15 06:55:00,48.0,8.88888888888889
2024-04-15 07:55:00,49.5,9.722222222222221
2024-04-15 08:55:00,46.0,7.777777777777778
2024-04-15 09:55:00,43.3,6.277777777777776
2024-04-15 10:55:00,43.5,6.388888888888888
2024-04-15 11:55:00,41.2,5.1111111111111125
2024-04-15 12:55:00,43.0,6.111111111111111
2024-04-15 13:55:00,53.8,12.111111111111109
2024-04-15 14:55:00,66.4,19.111111111111114
2024-04-15 15:55:00,68.2,20.11111111111111
2024-04-15 16:55:00,67.3,19.61111111111111
2024-04-15 17:28:00,69.8,20.999999999999996
2024-04-15 17:55:00,69.4,20.777777777777782
2024-04-15 19:45:00,69.8,20.999999999999996
2024-04-15 19:55:00,68.5,20.27777777777778
2024-04-15 20:38:00,69.8,20.999999999999996
2024-04-15 20:55:00,68.0,20.0
2024-04-15 21:55:00,66.6,19.222222222222218
2024-04-15 22:41:00,64.4,18.000000000000004
2024-04-15 22:55:00,63.9,17.72222222222222
2024-04-15 23:12:00,64.4,18.000000000000004
2024-04-15 23:21:00,64.4,18.000000000000004
2024-04-15 23:55:00,60.8,15.999999999999998
2024-04-16 00:55:00,56.8,13.777777777777775
2024-04-16 01:55:00,51.6,10.88888888888889
2024-04-16 02:55:00,50.2,10.111111111111112
2024-04-16 03:55:00,48.4,9.11111111111111
2024-04-16 04:55:00,42.3,5.7222222222222205
2024-04-16 05:55:00,41.7,5.38888888888889
2024-04-16 06:55:00,44.1,6.722222222222223
2024-04-16 07:55:00,47.1,8.38888888888889
2024-04-16 08:29:00,50.0,10.0
2024-04-16 08:55:00,47.7,8.722222222222223
2024-04-16 09:55:00,43.9,6.61111111111111
2024-04-16 10:39:00,48.2,9.000000000000002
2024-04-16 10:49:00,48.2,9.000000000000002
2024-04-16 10:50:00,48.2,9.000000000000002
2024-04-16 10:51:00,48.2,9.000000000000002
2024-04-16 10:52:00,48.2,9.000000000000002
2024-04-16 10:55:00,48.2,9.000000000000002
2024-04-16 11:39:00,48.2,9.000000000000002
2024-04-16 11:46:00,48.2,9.000000000000002
2024-04-16 11:55:00,46.9,8.277777777777777
2024-04-16 12:03:00,46.4,7.999999999999999
2024-04-16 12:17:00,44.6,7.000000000000001
2024-04-16 12:55:00,42.6,5.888888888888889
2024-04-16 13:27:00,42.8,5.999999999999998
2024-04-16 13:55:00,45.3,7.3888888888888875
2024-04-16 14:55:00,51.6,10.88888888888889
2024-04-16 15:55:00,57.4,14.11111111111111
2024-04-16 16:55:00,60.3,15.72222222222222
2024-04-16 17:55:00,62.4,16.88888888888889
2024-04-16 18:44:00,64.4,18.000000000000004
2024-04-16 18:55:00,71.2,21.77777777777778
2024-04-16 19:19:00,66.2,19.0
2024-04-16 19:55:00,65.1,18.388888888888886
2024-04-16 20:16:00,66.2,19.0
2024-04-16 20:55:00,69.1,20.611111111111107
2024-04-16 21:28:00,68.0,20.0
2024-04-16 21:34:00,69.8,20.999999999999996
2024-04-16 21:38:00,69.8,20.999999999999996
2024-04-16 21:40:00,69.8,20.999999999999996
2024-04-16 21:46:00,69.8,20.999999999999996
2024-04-16 21:55:00,69.4,20.777777777777782
2024-04-16 22:10:00,69.8,20.999999999999996
2024-04-16 22:55:00,69.4,20.777777777777782
2024-04-16 23:17:00,69.8,20.999999999999996
2024-04-16 23:43:00,68.0,20.0
2024-04-16 23:55:00,68.0,20.0
2024-04-17 00:55:00,64.0,17.77777777777778
2024-04-17 01:55:00,59.0,15.0
2024-04-17 02:55:00,52.3,11.277777777777777
2024-04-17 03:55:00,54.7,12.611111111111112
2024-04-17 04:55:00,54.7,12.611111111111112
2024-04-17 05:55:00,46.2,7.88888888888889
2024-04-17 06:55:00,46.2,7.88888888888889
2024-04-17 07:55:00,47.5,8.61111111111111
2024-04-17 08:55:00,43.2,6.222222222222223
2024-04-17 09:55:00,44.1,6.722222222222223
2024-04-17 10:55:00,37.6,3.1111111111111116
2024-04-17 11:55:00,41.2,5.1111111111111125
2024-04-17 12:55:00,45.1,7.277777777777779
2024-04-17 13:55:00,51.4,10.777777777777777
2024-04-17 14:55:00,57.6,14.222222222222223
2024-04-17 15:55:00,62.8,17.11111111111111
2024-04-17 16:36:00,66.2,19.0
2024-04-17 16:55:00,67.5,19.72222222222222
2024-04-17 17:33:00,68.0,20.0
2024-04-17 17:47:00,69.8,20.999999999999996
2024-04-17 17:55:00,70.2,21.222222222222225
2024-04-17 18:55:00,70.7,21.5
2024-04-17 19:19:00,71.6,21.999999999999996
2024-04-17 19:24:00,71.6,21.999999999999996
2024-04-17 19:50:00,71.6,21.999999999999996
2024-04-17 19:55:00,72.9,22.722222222222225
2024-04-17 19:56:00,73.4,23.000000000000004
2024-04-17 20:55:00,71.1,21.722222222222218
2024-04-17 21:18:00,73.4,23.000000000000004
2024-04-17 21:55:00,73.4,23.000000000000004
2024-04-17 22:55:00,73.9,23.277777777777782
2024-04-17 23:54:00,73.4,23.000000000000004
2024-04-17 23:55:00,72.9,22.722222222222225
2024-04-18 00:44:00,73.4,23.000000000000004
2024-04-18 00:55:00,72.7,22.61111111111111
2024-04-18 01:55:00,67.1,19.499999999999996
2024-04-18 02:55:00,66.6,19.222222222222218
2024-04-18 03:55:00,54.7,12.611111111111112
2024-04-18 03:57:00,54.3,12.388888888888888
2024-04-18 04:55:00,49.1,9.5
2024-04-18 05:55:00,45.3,7.3888888888888875
2024-04-18 06:55:00,41.4,5.222222222222221
2024-04-18 07:55:00,41.4,5.222222222222221
2024-04-18 08:55:00,39.4,4.11111111111111
2024-04-18 09:55:00,36.9,2.7222222222222214
2024-04-18 10:25:00,37.4,2.999999999999999
2024-04-18 10:55:00,38.7,3.7222222222222237
2024-04-18 11:25:00,37.4,2.999999999999999
2024-04-18 11:55:00,37.8,3.2222222222222205
2024-04-18 12:55:00,37.0,2.7777777777777777
2024-04-18 13:55:00,36.9,2.7222222222222214
2024-04-18 14:40:00,35.6,2.000000000000001
2024-04-18 14:55:00,36.0,2.2222222222222223
2024-04-18 15:20:00,35.6,2.000000000000001
2024-04-18 15:55:00,35.8,2.1111111111111094
2024-04-18 16:07:00,35.6,2.000000000000001
2024-04-18 16:22:00,33.8,0.9999999999999984
2024-04-18 16:55:00,35.4,1.888888888888888
2024-04-18 17:49:00,35.6,2.000000000000001
2024-04-18 17:55:00,35.1,1.722222222222223
2024-04-18 18:19:00,35.6,2.000000000000001
2024-04-18 18:32:00,35.6,2.000000000000001
2024-04-18 18:55:00,36.7,2.6111111111111125
2024-04-18 19:09:00,37.4,2.999999999999999
2024-04-18 19:55:00,37.9,3.277777777777777
2024-04-18 20:55:00,36.9,2.7222222222222214
2024-04-18 20:59:00,36.5,2.5
2024-04-18 21:40:00,37.4,2.999999999999999
2024-04-18 21:55:00,37.4,2.999999999999999
2024-04-18 22:10:00,37.4,2.999999999999999
2024-04-18 22:55:00,37.9,3.277777777777777
2024-04-18 23:10:00,39.2,4.000000000000002
2024-04-18 23:55:00,38.8,3.777777777777776
2024-04-19 00:55:00,40.1,4.500000000000001
2024-04-19 01:55:00,39.7,4.2777777777777795
2024-04-19 02:55:00,39.4,4.11111111111111
2024-04-19 03:55:00,39.2,4.000000000000002
2024-04-19 04:55:00,37.9,3.277777777777777
2024-04-19 05:25:00,37.4,2.999999999999999
2024-04-19 05:40:00,37.4,2.999999999999999
2024-04-19 05:55:00,37.9,3.277777777777777
2024-04-19 06:55:00,36.7,2.6111111111111125
2024-04-19 07:55:00,35.8,2.1111111111111094
2024-04-19 08:55:00,34.9,1.6111111111111103
2024-04-19 09:40:00,33.8,0.9999999999999984
2024-04-19 09:55:00,34.5,1.3888888888888888
2024-04-19 10:55:00,34.0,1.1111111111111112
2024-04-19 11:55:00,33.8,0.9999999999999984
2024-04-19 12:55:00,33.6,0.8888888888888896
2024-04-19 13:55:00,36.1,2.2777777777777786
2024-04-19 14:55:00,35.2,1.7777777777777792
2024-04-19 15:55:00,38.1,3.3888888888888897
2024-04-19 16:40:00,41.0,5.0
2024-04-19 16:55:00,43.3,6.277777777777776
2024-04-19 17:48:00,42.8,5.999999999999998
2024-04-19 17:55:00,43.9,6.61111111111111
2024-04-19 18:55:00,46.0,7.777777777777778
2024-04-19 19:55:00,50.5,10.277777777777777
2024-04-19 20:55:00,51.3,10.72222222222222
2024-04-19 21:55:00,49.8,9.888888888888888
2024-04-19 22:55:00,50.4,10.222222222222221
2024-04-19 23:55:00,46.6,8.111111111111112
2024-04-20 00:55:00,42.6,5.888888888888889
2024-04-20 01:55:00,41.4,5.222222222222221
2024-04-20 02:55:00,40.8,4.8888888888888875
2024-04-20 03:55:00,39.9,4.388888888888888
2024-04-20 03:56:00,39.2,4.000000000000002
2024-04-20 04:52:00,39.2,4.000000000000002
2024-04-20 04:55:00,38.8,3.777777777777776
2024-04-20 04:58:00,39.2,4.000000000000002
2024-04-20 05:13:00,37.4,2.999999999999999
2024-04-20 05:28:00,35.6,2.000000000000001
2024-04-20 05:31:00,35.6,2.000000000000001
2024-04-20 05:34:00,35.6,2.000000000000001
2024-04-20 05:49:00,33.8,0.9999999999999984
2024-04-20 05:55:00,33.4,0.777777777777777
2024-04-20 06:01:00,33.8,0.9999999999999984
2024-04-20 06:16:00,35.6,2.000000000000001
2024-04-20 06:23:00,35.6,2.000000000000001
2024-04-20 06:38:00,35.6,2.000000000000001
2024-04-20 06:43:00,33.8,0.9999999999999984
2024-04-20 06:55:00,35.1,1.722222222222223
2024-04-20 07:20:00,33.8,0.9999999999999984
2024-04-20 07:32:00,33.8,0.9999999999999984
2024-04-20 07:35:00,33.8,0.9999999999999984
2024-04-20 07:55:00,33.1,0.6111111111111119
2024-04-20 08:21:00,33.8,0.9999999999999984
2024-04-20 08:55:00,32.9,0.4999999999999992
2024-04-20 09:09:00,32.0,0.0
2024-04-20 09:24:00,33.8,0.9999999999999984
2024-04-20 09:55:00,32.7,0.38888888888889045
2024-04-20 10:55:00,31.6,-0.22222222222222143
2024-04-20 11:55:00,31.1,-0.4999999999999992
2024-04-20 12:25:00,30.2,-1.0000000000000004
2024-04-20 12:55:00,30.7,-0.7222222222222227
2024-04-20 13:55:00,29.8,-1.2222222222222219
2024-04-20 14:34:00,32.0,0.0
2024-04-20 14:41:00,32.0,0.0
2024-04-20 14:55:00,32.2,0.11111111111111269
2024-04-20 15:45:00,30.2,-1.0000000000000004
2024-04-20 16:38:00,32.0,0.0
2024-04-20 16:55:00,33.1,0.6111111111111119
2024-04-20 17:27:00,33.8,0.9999999999999984
2024-04-20 17:48:00,33.8,0.9999999999999984
2024-04-20 17:55:00,32.4,0.22222222222222143
2024-04-20 18:25:00,32.0,0.0
2024-04-20 18:52:00,33.8,0.9999999999999984
2024-04-20 18:55:00,34.2,1.2222222222222239
2024-04-20 19:43:00,35.6,2.000000000000001
2024-04-20 19:54:00,36.0,2.2222222222222223
2024-04-20 19:55:00,36.0,2.2222222222222223
2024-04-20 20:55:00,37.2,2.8888888888888906
2024-04-20 21:13:00,37.4,2.999999999999999
2024-04-20 21:23:00,37.4,2.999999999999999
2024-04-20 21:55:00,36.0,2.2222222222222223
2024-04-20 22:00:00,35.6,2.000000000000001
2024-04-20 22:02:00,35.6,2.000000000000001
2024-04-20 22:17:00,33.8,0.9999999999999984
2024-04-20 22:35:00,33.8,0.9999999999999984
2024-04-20 22:55:00,33.8,0.9999999999999984
2024-04-20 23:02:00,33.8,0.9999999999999984
2024-04-20 23:08:00,33.8,0.9999999999999984
2024-04-20 23:17:00,35.6,2.000000000000001
2024-04-20 23:32:00,33.8,0.9999999999999984
2024-04-20 23:37:00,32.0,0.0
2024-04-20 23:55:00,32.4,0.22222222222222143
2024-04-21 00:07:00,32.0,0.0
2024-04-21 00:26:00,33.8,0.9999999999999984
2024-04-21 00:55:00,34.2,1.2222222222222239
2024-04-21 01:25:00,35.6,2.000000000000001
2024-04-21 01:34:00,35.6,2.000000000000001
2024-04-21 01:55:00,35.1,1.722222222222223
2024-04-21 02:40:00,35.6,2.000000000000001
2024-04-21 02:44:00,35.6,2.000000000000001
2024-04-21 02:54:00,35.2,1.7777777777777792
2024-04-21 03:55:00,36.1,2.2777777777777786
2024-04-21 04:55:00,36.9,2.7222222222222214
2024-04-21 05:55:00,37.4,2.999999999999999
2024-04-21 05:58:00,37.2,2.8888888888888906
2024-04-21 06:40:00,37.4,2.999999999999999
2024-04-21 06:45:00,37.4,2.999999999999999
2024-04-21 06:55:00,36.3,2.388888888888887
2024-04-21 07:04:00,35.6,2.000000000000001
2024-04-21 07:10:00,35.6,2.000000000000001
2024-04-21 07:55:00,35.8,2.1111111111111094
2024-04-21 08:38:00,35.6,2.000000000000001
2024-04-21 08:55:00,35.4,1.888888888888888
2024-04-21 08:57:00,35.6,2.000000000000001
2024-04-21 09:12:00,35.6,2.000000000000001
2024-04-21 09:14:00,35.6,2.000000000000001
2024-04-21 09:44:00,33.8,0.9999999999999984
2024-04-21 09:55:00,34.5,1.3888888888888888
2024-04-21 10:10:00,33.8,0.9999999999999984
2024-04-21 10:55:00,34.0,1.1111111111111112
2024-04-21 11:10:00,33.8,0.9999999999999984
2024-04-21 11:40:00,33.8,0.9999999999999984
2024-04-21 11:55:00,33.4,0.777777777777777
2024-04-21 12:10:00,33.8,0.9999999999999984
2024-04-21 12:23:00,33.8,0.9999999999999984
2024-04-21 12:55:00,33.4,0.777777777777777
2024-04-21 13:10:00,33.8,0.9999999999999984
2024-04-21 13:55:00,33.6,0.8888888888888896
2024-04-21 14:10:00,33.8,0.9999999999999984
2024-04-21 14:55:00,33.8,0.9999999999999984
2024-04-21 15:10:00,33.8,0.9999999999999984
2024-04-21 15:40:00,35.6,2.000000000000001
2024-04-21 15:55:00,35.2,1.7777777777777792
2024-04-21 16:55:00,36.9,2.7222222222222214
2024-04-21 17:25:00,37.4,2.999999999999999
2024-04-21 17:55:00,38.7,3.7222222222222237
2024-04-21 18:25:00,39.2,4.000000000000002
2024-04-21 18:55:00,41.0,5.0
2024-04-21 19:25:00,42.8,5.999999999999998
2024-04-21 19:46:00,44.6,7.000000000000001
2024-04-21 19:55:00,45.7,7.6111111111111125
2024-04-21 20:10:00,48.2,9.000000000000002
2024-04-21 20:55:00,49.3,9.611111111111109
2024-04-21 21:25:00,50.0,10.0
2024-04-21 21:40:00,53.6,12.0
2024-04-21 21:55:00,52.5,11.38888888888889
2024-04-21 22:55:00,54.9,12.722222222222221
2024-04-21 23:55:00,55.2,12.88888888888889
2024-04-22 00:55:00,54.3,12.388888888888888
2024-04-22 01:55:00,51.8,10.999999999999998
2024-04-22 02:55:00,48.0,8.88888888888889
2024-04-22 03:55:00,46.9,8.277777777777777
2024-04-22 04:55:00,45.1,7.277777777777779
2024-04-22 05:55:00,43.7,6.500000000000002
2024-04-22 06:55:00,41.5,5.277777777777778
2024-04-22 07:55:00,39.2,4.000000000000002
2024-04-22 08:55:00,37.6,3.1111111111111116
2024-04-22 09:55:00,36.1,2.2777777777777786
2024-04-22 10:55:00,34.9,1.6111111111111103
2024-04-22 11:55:00,36.3,2.388888888888887
2024-04-22 12:55:00,38.7,3.7222222222222237
2024-04-22 13:55:00,43.0,6.111111111111111
2024-04-22 14:55:00,49.5,9.722222222222221
2024-04-22 15:55:00,64.9,18.277777777777782
2024-04-22 16:55:00,71.8,22.11111111111111
2024-04-22 17:55:00,74.1,23.388888888888886
2024-04-22 17:57:00,73.6,23.111111111111107
2024-04-22 18:43:00,77.0,25.0
2024-04-22 18:48:00,77.0,25.0
2024-04-22 18:55:00,76.3,24.611111111111107
2024-04-22 19:27:00,77.0,25.0
2024-04-22 19:34:00,75.2,24.0
2024-04-22 19:55:00,74.5,23.61111111111111
2024-04-22 20:55:00,75.7,24.27777777777778
2024-04-22 21:21:00,75.2,24.0
2024-04-22 21:42:00,75.2,24.0
2024-04-22 21:50:00,75.2,24.0
2024-04-22 21:55:00,76.8,24.888888888888886
2024-04-22 22:00:00,78.8,25.999999999999996
2024-04-22 22:55:00,75.2,24.0
2024-04-22 23:55:00,75.0,23.88888888888889
2024-04-23 00:55:00,69.4,20.777777777777782
2024-04-23 01:55:00,63.7,17.61111111111111
2024-04-23 02:55:00,57.4,14.11111111111111
2024-04-23 03:55:00,61.2,16.222222222222225
2024-04-23 04:55:00,59.0,15.0
2024-04-23 05:55:00,58.1,14.5
2024-04-23 06:55:00,46.6,8.111111111111112
2024-04-23 07:55:00,47.8,8.777777777777777
2024-04-23 08:55:00,50.2,10.111111111111112
2024-04-23 09:55:00,51.8,10.999999999999998
2024-04-23 10:55:00,51.8,10.999999999999998
2024-04-23 11:55:00,47.1,8.38888888888889
2024-04-23 12:55:00,44.8,7.111111111111109
2024-04-23 13:55:00,49.5,9.722222222222221
2024-04-23 14:55:00,52.2,11.222222222222223
2024-04-23 15:55:00,52.7,11.500000000000002
2024-04-23 16:55:00,57.7,14.277777777777779
2024-04-23 17:55:00,58.1,14.5
2024-04-23 18:55:00,58.8,14.888888888888888
2024-04-23 19:55:00,58.6,14.777777777777779
2024-04-23 20:55:00,62.2,16.77777777777778
2024-04-23 21:55:00,63.3,17.388888888888886
2024-04-23 22:53:00,64.4,18.000000000000004
2024-04-23 22:55:00,63.5,17.5
2024-04-23 23:49:00,64.4,18.000000000000004
2024-04-23 23:55:00,63.1,17.27777777777778
2024-04-24 00:55:00,59.9,15.499999999999998
2024-04-24 01:55:00,55.6,13.11111111111111
2024-04-24 02:55:00,56.7,13.722222222222223
2024-04-24 03:55:00,56.7,13.722222222222223
2024-04-24 04:55:00,54.5,12.5
2024-04-24 05:55:00,52.7,11.500000000000002
2024-04-24 06:55:00,50.9,10.499999999999998
2024-04-24 07:55:00,49.3,9.611111111111109
2024-04-24 08:55:00,48.6,9.222222222222223
2024-04-24 09:55:00,43.5,6.388888888888888
2024-04-24 10:55:00,43.0,6.111111111111111
2024-04-24 11:55:00,40.1,4.500000000000001
2024-04-24 12:55:00,40.3,4.61111111111111
2024-04-24 13:55:00,46.4,7.999999999999999
2024-04-24 14:55:00,51.3,10.72222222222222
2024-04-24 15:55:00,54.0,12.222222222222221
2024-04-24 16:55:00,57.4,14.11111111111111
2024-04-24 17:55:00,62.6,17.0
2024-04-24 18:55:00,63.9,17.72222222222222
2024-04-24 19:55:00,70.0,21.11111111111111
2024-04-24 20:55:00,72.1,22.277777777777775
2024-04-24 21:55:00,72.9,22.722222222222225
2024-04-24 22:55:00,75.6,24.222222222222218
2024-04-24 23:55:00,74.7,23.722222222222225
2024-04-25 00:55:00,72.9,22.722222222222225
2024-04-25 01:55:00,66.6,19.222222222222218
2024-04-25 02:55:00,62.1,16.72222222222222
2024-04-25 03:55:00,56.5,13.61111111111111
2024-04-25 04:55:00,51.6,10.88888888888889
2024-04-25 05:55:00,50.9,10.499999999999998
2024-04-25 06:55:00,48.4,9.11111111111111
2024-04-25 07:55:00,46.8,8.22222222222222
2024-04-25 08:55:00,45.0,7.222222222222222
2024-04-25 09:55:00,50.2,10.111111111111112
2024-04-25 10:55:00,51.3,10.72222222222222
2024-04-25 11:55:00,47.8,8.777777777777777
2024-04-25 12:55:00,46.0,7.777777777777778
2024-04-25 13:55:00,54.1,12.277777777777779
2024-04-25 14:55:00,66.7,19.27777777777778
2024-04-25 15:55:00,69.1,20.611111111111107
2024-04-25 16:55:00,72.1,22.277777777777775
2024-04-25 17:18:00,73.4,23.000000000000004
2024-04-25 17:21:00,73.4,23.000000000000004
2024-04-25 17:55:00,73.6,23.111111111111107
2024-04-25 18:55:00,73.2,22.88888888888889
2024-04-25 19:03:00,73.4,23.000000000000004
2024-04-25 19:22:00,75.2,24.0
2024-04-25 19:24:00,77.0,25.0
2024-04-25 19:55:00,72.7,22.61111111111111
2024-04-25 20:13:00,73.4,23.000000000000004
2024-04-25 20:55:00,71.1,21.722222222222218
2024-04-25 21:27:00,75.2,24.0
2024-04-25 21:55:00,74.7,23.722222222222225
2024-04-25 22:01:00,71.6,21.999999999999996
2024-04-25 22:55:00,72.3,22.388888888888886
2024-04-25 23:19:00,71.6,21.999999999999996
2024-04-25 23:55:00,71.4,21.888888888888893
2024-04-26 00:55:00,68.5,20.27777777777778
2024-04-26 01:55:00,60.6,15.88888888888889
2024-04-26 02:55:00,60.3,15.72222222222222
2024-04-26 02:59:00,60.8,15.999999999999998
2024-04-26 03:01:00,60.8,15.999999999999998
2024-04-26 03:16:00,59.0,15.0
2024-04-26 03:55:00,59.7,15.38888888888889
2024-04-26 04:53:00,57.2,14.000000000000002
2024-04-26 04:55:00,56.7,13.722222222222223
2024-04-26 05:01:00,55.4,12.999999999999998
2024-04-26 05:26:00,51.8,10.999999999999998
2024-04-26 05:36:00,53.6,12.0
2024-04-26 05:55:00,48.9,9.388888888888888
2024-04-26 06:55:00,50.4,10.222222222222221
2024-04-26 07:55:00,50.0,10.0
2024-04-26 08:55:00,48.9,9.388888888888888
2024-04-26 09:55:00,48.9,9.388888888888888
2024-04-26 10:55:00,46.4,7.999999999999999
2024-04-26 11:55:00,47.3,8.499999999999998
2024-04-26 12:55:00,42.8,5.999999999999998
2024-04-26 13:55:00,48.6,9.222222222222223
2024-04-26 14:55:00,51.1,10.611111111111112
2024-04-26 15:55:00,60.3,15.72222222222222
2024-04-26 16:55:00,63.9,17.72222222222222
2024-04-26 17:55:00,66.9,19.388888888888893
2024-04-26 19:55:00,68.0,20.0
2024-04-26 20:20:00,66.2,19.0
2024-04-26 20:55:00,65.7,18.722222222222225
2024-04-26 22:16:00,68.2,20.11111111111111
2024-04-26 22:55:00,66.4,19.111111111111114
2024-04-26 23:11:00,64.4,18.000000000000004
2024-04-26 23:51:00,62.6,17.0
2024-04-26 23:58:00,58.3,14.611111111111109
2024-04-27 00:14:00,55.4,12.999999999999998
2024-04-27 00:30:00,57.2,14.000000000000002
2024-04-27 00:55:00,55.8,13.22222222222222
2024-04-27 01:56:00,49.8,9.888888888888888
2024-04-27 02:25:00,50.0,10.0
2024-04-27 02:36:00,50.0,10.0
2024-04-27 02:55:00,50.5,10.277777777777777
2024-04-27 03:11:00,51.8,10.999999999999998
2024-04-27 03:30:00,51.8,10.999999999999998
2024-04-27 03:38:00,50.0,10.0
2024-04-27 03:51:00,48.2,9.000000000000002
2024-04-27 03:55:00,48.2,9.000000000000002
2024-04-27 04:09:00,48.2,9.000000000000002
2024-04-27 04:39:00,46.4,7.999999999999999
2024-04-27 04:55:00,45.5,7.5
2024-04-27 05:55:00,45.3,7.3888888888888875
2024-04-27 06:55:00,45.5,7.5
2024-04-27 07:17:00,46.4,7.999999999999999
2024-04-27 07:26:00,44.6,7.000000000000001
2024-04-27 07:40:00,44.6,7.000000000000001
2024-04-27 07:53:00,44.6,7.000000000000001
2024-04-27 07:55:00,44.2,6.7777777777777795
2024-04-27 07:56:00,44.6,7.000000000000001
2024-04-27 08:09:00,44.6,7.000000000000001
2024-04-27 08:37:00,44.6,7.000000000000001
2024-04-27 08:55:00,44.2,6.7777777777777795
2024-04-27 09:10:00,44.6,7.000000000000001
2024-04-27 09:40:00,42.8,5.999999999999998
2024-04-27 09:54:00,42.8,5.999999999999998
2024-04-27 09:55:00,43.2,6.222222222222223
2024-04-27 10:05:00,42.8,5.999999999999998
2024-04-27 10:12:00,42.8,5.999999999999998
2024-04-27 10:27:00,42.8,5.999999999999998
2024-04-27 10:55:00,40.5,4.722222222222222
2024-04-27 11:10:00,41.0,5.0
2024-04-27 11:25:00,39.2,4.000000000000002
2024-04-27 11:40:00,39.2,4.000000000000002
2024-04-27 11:55:00,40.1,4.500000000000001
2024-04-27 12:27:00,41.0,5.0
2024-04-27 12:43:00,41.0,5.0
2024-04-27 12:45:00,41.0,5.0
2024-04-27 12:55:00,41.4,5.222222222222221
2024-04-27 13:14:00,41.0,5.0
2024-04-27 13:16:00,41.0,5.0
2024-04-27 13:27:00,41.0,5.0
2024-04-27 13:31:00,41.0,5.0
2024-04-27 13:46:00,39.2,4.000000000000002
2024-04-27 13:50:00,39.2,4.000000000000002
2024-04-27 13:54:00,39.2,4.000000000000002
2024-04-27 13:55:00,39.0,3.888888888888889
2024-04-27 14:08:00,37.4,2.999999999999999
2024-04-27 14:23:00,37.4,2.999999999999999
2024-04-27 14:38:00,37.4,2.999999999999999
2024-04-27 14:55:00,37.4,2.999999999999999
2024-04-27 15:05:00,37.4,2.999999999999999
2024-04-27 15:16:00,37.4,2.999999999999999
2024-04-27 16:00:00,37.6,3.1111111111111116
2024-04-27 16:30:00,37.4,2.999999999999999
2024-04-27 16:35:00,37.4,2.999999999999999
2024-04-27 16:50:00,37.4,2.999999999999999
2024-04-27 16:55:00,37.8,3.2222222222222205
2024-04-27 17:12:00,37.4,2.999999999999999
2024-04-27 17:55:00,39.0,3.888888888888889
2024-04-27 18:35:00,37.4,2.999999999999999
2024-04-27 18:50:00,35.6,2.000000000000001
2024-04-27 18:55:00,35.4,1.888888888888888
2024-04-27 19:11:00,33.8,0.9999999999999984
2024-04-27 19:32:00,35.6,2.000000000000001
2024-04-27 19:55:00,36.9,2.7222222222222214
2024-04-27 20:11:00,39.2,4.000000000000002
2024-04-27 20:55:00,40.8,4.8888888888888875
2024-04-27 21:55:00,44.1,6.722222222222223
2024-04-27 22:55:00,43.7,6.500000000000002
2024-04-27 23:55:00,43.0,6.111111111111111
2024-04-28 00:55:00,42.3,5.7222222222222205
2024-04-28 01:55:00,41.4,5.222222222222221
2024-04-28 02:55:00,40.8,4.8888888888888875
2024-04-28 03:55:00,40.5,4.722222222222222
2024-04-28 04:55:00,40.3,4.61111111111111
2024-04-28 05:49:00,41.0,5.0
2024-04-28 05:55:00,40.1,4.500000000000001
2024-04-28 06:04:00,41.0,5.0
2024-04-28 06:55:00,38.7,3.7222222222222237
2024-04-28 07:55:00,36.7,2.6111111111111125
2024-04-28 08:55:00,37.2,2.8888888888888906
2024-04-28 09:55:00,38.3,3.4999999999999982
2024-04-28 10:40:00,39.2,4.000000000000002
2024-04-28 10:55:00,39.2,4.000000000000002
2024-04-28 11:36:00,37.4,2.999999999999999
2024-04-28 11:54:00,37.4,2.999999999999999
2024-04-28 11:55:00,37.6,3.1111111111111116
2024-04-28 12:02:00,37.4,2.999999999999999
2024-04-28 12:17:00,37.4,2.999999999999999
2024-04-28 12:32:00,37.4,2.999999999999999
2024-04-28 12:47:00,37.4,2.999999999999999
2024-04-28 12:55:00,36.5,2.5
2024-04-28 13:10:00,35.6,2.000000000000001
2024-04-28 13:40:00,37.4,2.999999999999999
2024-04-28 13:49:00,37.4,2.999999999999999
2024-04-28 13:55:00,38.1,3.3888888888888897
2024-04-28 13:59:00,39.2,4.000000000000002
2024-04-28 14:09:00,39.2,4.000000000000002
2024-04-28 14:55:00,41.2,5.1111111111111125
2024-04-28 14:56:00,41.2,5.1111111111111125
2024-04-28 15:55:00,43.2,6.222222222222223
2024-04-28 16:10:00,44.6,7.000000000000001
2024-04-28 16:55:00,46.0,7.777777777777778
2024-04-28 17:55:00,47.7,8.722222222222223
2024-04-28 18:25:00,50.0,10.0
2024-04-28 18:40:00,51.8,10.999999999999998
2024-04-28 18:55:00,51.8,10.999999999999998
2024-04-28 19:55:00,54.5,12.5
2024-04-28 20:55:00,54.0,12.222222222222221
2024-04-28 21:55:00,56.1,13.38888888888889
2024-04-28 22:55:00,56.8,13.777777777777775
2024-04-28 23:55:00,56.5,13.61111111111111
2024-04-29 00:55:00,56.3,13.499999999999998
2024-04-29 01:55:00,51.6,10.88888888888889
2024-04-29 02:55:00,51.4,10.777777777777777
2024-04-29 03:55:00,49.1,9.5
2024-04-29 04:55:00,45.1,7.277777777777779
2024-04-29 05:55:00,43.3,6.277777777777776
2024-04-29 06:55:00,42.3,5.7222222222222205
2024-04-29 07:55:00,38.3,3.4999999999999982
2024-04-29 08:55:00,40.5,4.722222222222222
2024-04-29 09:55:00,39.6,4.222222222222223
2024-04-29 10:55:00,42.6,5.888888888888889
2024-04-29 11:55:00,39.7,4.2777777777777795
2024-04-29 12:55:00,40.8,4.8888888888888875
2024-04-29 13:55:00,46.9,8.277777777777777
2024-04-29 14:55:00,52.3,11.277777777777777
2024-04-29 15:55:00,55.6,13.11111111111111
2024-04-29 16:55:00,58.8,14.888888888888888
2024-04-29 17:55:00,60.1,15.61111111111111
2024-04-29 18:50:00,64.4,18.000000000000004
2024-04-29 18:53:00,62.6,17.0
2024-04-29 18:55:00,63.1,17.27777777777778
2024-04-29 19:55:00,64.0,17.77777777777778
2024-04-29 20:55:00,66.0,18.88888888888889
2024-04-29 21:32:00,69.8,20.999999999999996
2024-04-29 21:55:00,69.6,20.888888888888886
2024-04-29 22:55:00,68.4,20.222222222222225
2024-04-29 23:55:00,65.7,18.722222222222225
2024-04-30 00:55:00,64.8,18.22222222222222
2024-04-30 01:55:00,63.3,17.388888888888886
2024-04-30 02:55:00,58.8,14.888888888888888
2024-04-30 03:55:00,58.1,14.5
2024-04-30 04:55:00,58.5,14.722222222222221
2024-04-30 05:55:00,56.7,13.722222222222223
2024-04-30 06:55:00,54.9,12.722222222222221
2024-04-30 07:55:00,46.2,7.88888888888889
2024-04-30 08:55:00,46.0,7.777777777777778
2024-04-30 09:55:00,50.5,10.277777777777777
2024-04-30 10:55:00,54.9,12.722222222222221
2024-04-30 11:55:00,51.4,10.777777777777777
2024-04-30 12:55:00,54.5,12.5
2024-04-30 13:55:00,61.0,16.11111111111111
2024-04-30 14:55:00,64.4,18.000000000000004
2024-04-30 15:55:00,64.0,17.77777777777778
2024-04-30 16:55:00,67.3,19.61111111111111
2024-04-30 16:58:00,69.8,20.999999999999996
2024-04-30 17:55:00,71.4,21.888888888888893
2024-04-30 17:57:00,71.6,21.999999999999996
2024-04-30 18:00:00,71.6,21.999999999999996
2024-04-30 18:54:00,73.4,23.000000000000004
2024-04-30 18:55:00,73.4,23.000000000000004
2024-04-30 19:11:00,73.4,23.000000000000004
2024-04-30 19:32:00,75.2,24.0
2024-04-30 19:41:00,75.2,24.0
2024-04-30 19:51:00,75.2,24.0
2024-04-30 19:55:00,74.8,23.777777777777775
2024-04-30 20:03:00,75.2,24.0
2024-04-30 20:32:00,75.2,24.0
2024-04-30 20:47:00,75.2,24.0
2024-04-30 20:55:00,76.8,24.888888888888886
2024-04-30 21:11:00,77.0,25.0
2024-04-30 21:42:00,77.0,25.0
2024-04-30 21:54:00,75.2,24.0
2024-04-30 21:55:00,75.9,24.388888888888893
2024-04-30 21:58:00,75.2,24.0
2024-04-30 23:55:00,75.6,24.222222222222218
2024-05-01 01:55:00,63.0,17.22222222222222
2024-05-01 06:55:00,49.6,9.777777777777779
2024-05-01 07:55:00,46.9,8.277777777777777
2024-05-01 08:55:00,46.0,7.777777777777778
2024-05-01 09:55:00,45.3,7.3888888888888875
2024-05-01 10:55:00,42.4,5.777777777777777
2024-05-01 11:55:00,43.2,6.222222222222223
2024-05-01 12:55:00,44.8,7.111111111111109
2024-05-01 13:55:00,52.0,11.11111111111111
2024-05-01 14:55:00,54.3,12.388888888888888
2024-05-01 15:55:00,56.1,13.38888888888889
2024-05-01 16:55:00,58.5,14.722222222222221
2024-05-01 17:26:00,59.0,15.0
2024-05-01 17:55:00,59.7,15.38888888888889
2024-05-01 18:55:00,61.2,16.222222222222225
2024-05-01 19:55:00,63.1,17.27777777777778
2024-05-01 20:02:00,64.4,18.000000000000004
2024-05-01 20:55:00,66.6,19.222222222222218
2024-05-01 21:08:00,66.2,19.0
2024-05-01 21:55:00,67.1,19.499999999999996
2024-05-01 22:55:00,68.0,20.0
2024-05-01 23:55:00,61.5,16.38888888888889
2024-05-02 00:55:00,58.1,14.5
2024-05-02 01:55:00,54.9,12.722222222222221
2024-05-02 02:23:00,53.6,12.0
2024-05-02 02:55:00,52.9,11.61111111111111
2024-05-02 03:03:00,53.6,12.0
2024-05-02 03:55:00,50.0,10.0
2024-05-02 04:55:00,49.1,9.5
2024-05-02 05:55:00,49.1,9.5
2024-05-02 06:55:00,46.6,8.111111111111112
2024-05-02 07:55:00,46.0,7.777777777777778
2024-05-02 08:55:00,45.1,7.277777777777779
2024-05-02 09:55:00,44.6,7.000000000000001
2024-05-02 10:55:00,41.0,5.0
2024-05-02 11:10:00,42.8,5.999999999999998
2024-05-02 11:55:00,44.1,6.722222222222223
2024-05-02 12:09:00,42.8,5.999999999999998
2024-05-02 12:20:00,41.0,5.0
2024-05-02 12:24:00,41.0,5.0
2024-05-02 12:34:00,41.0,5.0
2024-05-02 12:55:00,41.2,5.1111111111111125
2024-05-02 12:57:00,41.0,5.0
2024-05-02 13:06:00,41.0,5.0
2024-05-02 13:55:00,42.1,5.611111111111112
2024-05-02 14:25:00,42.8,5.999999999999998
2024-05-02 14:40:00,42.8,5.999999999999998
2024-05-02 14:55:00,42.8,5.999999999999998
2024-05-02 15:00:00,42.8,5.999999999999998
2024-05-02 15:11:00,42.8,5.999999999999998
2024-05-02 15:41:00,46.4,7.999999999999999
2024-05-02 15:55:00,45.3,7.3888888888888875
2024-05-02 16:55:00,51.8,10.999999999999998
2024-05-02 17:55:00,54.1,12.277777777777779
2024-05-02 18:20:00,55.4,12.999999999999998
2024-05-02 18:27:00,53.6,12.0
2024-05-02 18:55:00,55.4,12.999999999999998
2024-05-02 19:11:00,57.2,14.000000000000002
2024-05-02 19:55:00,58.8,14.888888888888888
2024-05-02 20:55:00,60.1,15.61111111111111
2024-05-02 21:55:00,61.2,16.222222222222225
2024-05-02 22:55:00,61.3,16.277777777777775
2024-05-02 23:55:00,64.4,18.000000000000004
2024-05-03 00:55:00,61.0,16.11111111111111
2024-05-03 01:55:00,56.3,13.499999999999998
2024-05-03 02:55:00,55.6,13.11111111111111
2024-05-03 03:55:00,55.8,13.22222222222222
2024-05-03 04:55:00,54.0,12.222222222222221
2024-05-03 05:55:00,52.0,11.11111111111111
2024-05-03 06:55:00,48.7,9.277777777777779
2024-05-03 07:55:00,47.5,8.61111111111111
2024-05-03 08:55:00,47.1,8.38888888888889
2024-05-03 09:55:00,46.4,7.999999999999999
2024-05-03 10:55:00,46.4,7.999999999999999
2024-05-03 11:10:00,46.4,7.999999999999999
2024-05-03 11:40:00,44.6,7.000000000000001
2024-05-03 11:55:00,44.2,6.7777777777777795
2024-05-03 12:55:00,43.3,6.277777777777776
2024-05-03 13:55:00,47.3,8.499999999999998
2024-05-03 14:55:00,50.7,10.388888888888891
2024-05-03 15:55:00,53.4,11.888888888888888
2024-05-03 16:55:00,55.8,13.22222222222222
2024-05-03 17:55:00,61.0,16.11111111111111
2024-05-03 18:55:00,64.0,17.77777777777778
2024-05-03 19:52:00,69.8,20.999999999999996
2024-05-03 19:55:00,73.0,22.77777777777778
2024-05-03 20:55:00,73.4,23.000000000000004
2024-05-03 20:58:00,73.4,23.000000000000004
2024-05-03 21:13:00,75.2,24.0
2024-05-03 21:27:00,75.2,24.0
2024-05-03 21:37:00,75.2,24.0
2024-05-03 21:41:00,75.2,24.0
2024-05-03 21:46:00,75.2,24.0
2024-05-03 21:55:00,75.6,24.222222222222218
2024-05-03 21:58:00,75.2,24.0
2024-05-03 22:55:00,76.5,24.72222222222222
2024-05-03 23:48:00,73.4,23.000000000000004
2024-05-03 23:55:00,66.9,19.388888888888893
2024-05-04 00:55:00,55.9,13.277777777777777
2024-05-04 01:55:00,52.9,11.61111111111111
2024-05-04 02:55:00,45.1,7.277777777777779
2024-05-04 03:55:00,44.2,6.7777777777777795
2024-05-04 04:55:00,43.0,6.111111111111111
2024-05-04 05:55:00,41.7,5.38888888888889
2024-05-04 06:55:00,40.3,4.61111111111111
2024-05-04 07:55:00,37.9,3.277777777777777
2024-05-04 08:40:00,39.2,4.000000000000002
2024-05-04 08:55:00,38.8,3.777777777777776
2024-05-04 09:55:00,39.6,4.222222222222223
2024-05-04 10:55:00,38.7,3.7222222222222237
2024-05-04 11:10:00,39.2,4.000000000000002
2024-05-04 11:55:00,38.8,3.777777777777776
2024-05-04 12:40:00,39.2,4.000000000000002
2024-05-04 12:55:00,39.7,4.2777777777777795
2024-05-04 13:10:00,39.2,4.000000000000002
2024-05-04 13:25:00,39.2,4.000000000000002
2024-05-04 13:55:00,39.4,4.11111111111111
2024-05-04 14:10:00,39.2,4.000000000000002
2024-05-04 14:55:00,41.0,5.0
2024-05-04 15:55:00,45.0,7.222222222222222
2024-05-04 16:55:00,48.9,9.388888888888888
2024-05-04 17:15:00,48.2,9.000000000000002
2024-05-04 17:55:00,50.7,10.388888888888891
2024-05-04 17:59:00,50.0,10.0
2024-05-04 18:55:00,52.7,11.500000000000002
2024-05-04 19:26:00,55.4,12.999999999999998
2024-05-04 19:55:00,55.9,13.277777777777777
2024-05-04 20:05:00,55.4,12.999999999999998
2024-05-04 20:17:00,55.4,12.999999999999998
2024-05-04 20:55:00,56.1,13.38888888888889
2024-05-04 20:57:00,57.2,14.000000000000002
2024-05-04 21:29:00,59.0,15.0
2024-05-04 21:35:00,57.2,14.000000000000002
2024-05-04 21:46:00,57.2,14.000000000000002
2024-05-04 21:55:00,57.4,14.11111111111111
2024-05-04 22:10:00,57.2,14.000000000000002
2024-05-04 22:55:00,58.8,14.888888888888888
2024-05-04 23:55:00,54.1,12.277777777777779
2024-05-05 00:55:00,55.4,12.999999999999998
2024-05-05 01:55:00,53.4,11.888888888888888
2024-05-05 02:55:00,51.1,10.611111111111112
2024-05-05 03:55:00,49.5,9.722222222222221
2024-05-05 04:55:00,48.0,8.88888888888889
2024-05-05 05:55:00,45.7,7.6111111111111125
2024-05-05 06:40:00,44.6,7.000000000000001
2024-05-05 06:55:00,44.4,6.8888888888888875
2024-05-05 07:40:00,44.6,7.000000000000001
2024-05-05 07:55:00,44.6,7.000000000000001
2024-05-05 08:55:00,44.8,7.111111111111109
2024-05-05 09:55:00,43.7,6.500000000000002
2024-05-05 10:10:00,42.8,5.999999999999998
2024-05-05 10:55:00,40.8,4.8888888888888875
2024-05-05 11:55:00,40.1,4.500000000000001
2024-05-05 12:10:00,41.0,5.0
2024-05-05 12:11:00,41.0,5.0
2024-05-05 12:28:00,42.8,5.999999999999998
2024-05-05 12:55:00,43.0,6.111111111111111
2024-05-05 13:40:00,44.6,7.000000000000001
2024-05-05 13:55:00,45.0,7.222222222222222
2024-05-05 14:10:00,44.6,7.000000000000001
2024-05-05 14:40:00,46.4,7.999999999999999
2024-05-05 14:55:00,46.2,7.88888888888889
2024-05-05 15:10:00,46.4,7.999999999999999
2024-05-05 15:55:00,49.6,9.777777777777779
2024-05-05 16:55:00,53.2,11.777777777777779
2024-05-05 17:55:00,55.4,12.999999999999998
2024-05-05 18:55:00,59.2,15.111111111111112
2024-05-05 19:55:00,61.9,16.61111111111111
2024-05-05 20:55:00,62.8,17.11111111111111
2024-05-05 21:55:00,72.7,22.61111111111111
2024-05-05 22:55:00,74.8,23.777777777777775
2024-05-05 23:55:00,74.1,23.388888888888886
2024-05-06 00:55:00,70.2,21.222222222222225
2024-05-06 01:55:00,69.1,20.611111111111107
2024-05-06 02:55:00,69.3,20.72222222222222
2024-05-06 03:55:00,62.1,16.72222222222222
2024-05-06 04:55:00,61.2,16.222222222222225
2024-05-06 05:55:00,60.1,15.61111111111111
2024-05-06 06:55:00,58.3,14.611111111111109
2024-05-06 07:55:00,59.5,15.277777777777777
2024-05-06 08:55:00,57.9,14.388888888888888
2024-05-06 09:55:00,58.6,14.777777777777779
2024-05-06 10:55:00,54.5,12.5
2024-05-06 11:55:00,50.7,10.388888888888891
2024-05-06 12:55:00,50.7,10.388888888888891
2024-05-06 13:55:00,50.7,10.388888888888891
2024-05-06 14:55:00,51.3,10.72222222222222
2024-05-06 15:14:00,51.8,10.999999999999998
2024-05-06 15:55:00,51.6,10.88888888888889
2024-05-06 15:57:00,51.8,10.999999999999998
2024-05-06 16:55:00,52.5,11.38888888888889
2024-05-06 17:16:00,53.6,12.0
2024-05-06 17:55:00,53.8,12.111111111111109
2024-05-06 18:55:00,55.8,13.22222222222222
2024-05-06 19:55:00,56.5,13.61111111111111
2024-05-06 20:01:00,55.4,12.999999999999998
2024-05-06 20:10:00,55.4,12.999999999999998
2024-05-06 20:55:00,57.4,14.11111111111111
2024-05-06 21:55:00,57.9,14.388888888888888
2024-05-06 22:55:00,56.7,13.722222222222223
2024-05-06 23:39:00,51.8,10.999999999999998
2024-05-06 23:44:00,51.8,10.999999999999998
2024-05-06 23:55:00,54.3,12.388888888888888
2024-05-07 00:55:00,53.2,11.777777777777779
2024-05-07 01:26:00,55.4,12.999999999999998
2024-05-07 01:55:00,51.8,10.999999999999998
2024-05-07 02:55:00,51.8,10.999999999999998
2024-05-07 02:56:00,51.8,10.999999999999998
2024-05-07 03:23:00,50.0,10.0
2024-05-07 03:55:00,48.9,9.388888888888888
2024-05-07 04:55:00,48.6,9.222222222222223
2024-05-07 05:17:00,46.4,7.999999999999999
2024-05-07 05:55:00,48.6,9.222222222222223
2024-05-07 06:20:00,48.2,9.000000000000002
2024-05-07 06:26:00,48.2,9.000000000000002
2024-05-07 06:34:00,48.2,9.000000000000002
2024-05-07 06:40:00,48.2,9.000000000000002
2024-05-07 06:55:00,48.7,9.277777777777779
2024-05-07 07:22:00,48.2,9.000000000000002
2024-05-07 07:55:00,48.9,9.388888888888888
2024-05-07 08:29:00,46.4,7.999999999999999
2024-05-07 08:38:00,50.0,10.0
2024-05-07 08:55:00,45.7,7.6111111111111125
2024-05-07 09:29:00,48.2,9.000000000000002
2024-05-07 09:55:00,43.5,6.388888888888888
2024-05-07 10:55:00,44.2,6.7777777777777795
2024-05-07 11:55:00,45.5,7.5
2024-05-07 12:55:00,46.0,7.777777777777778
2024-05-07 13:55:00,48.7,9.277777777777779
2024-05-07 14:55:00,55.0,12.777777777777777
2024-05-07 15:38:00,55.4,12.999999999999998
2024-05-07 15:55:00,57.0,13.88888888888889
2024-05-07 16:39:00,57.2,14.000000000000002
2024-05-07 16:55:00,58.5,14.722222222222221
2024-05-07 16:56:00,59.0,15.0
2024-05-07 19:13:00,68.0,20.0
2024-05-07 19:27:00,66.2,19.0
2024-05-07 19:33:00,68.0,20.0
2024-05-07 19:39:00,68.0,20.0
2024-05-07 19:55:00,66.4,19.111111111111114
2024-05-07 20:35:00,68.0,20.0
2024-05-07 20:55:00,67.8,19.888888888888886
2024-05-07 21:55:00,67.1,19.499999999999996
2024-05-07 22:05:00,68.0,20.0
2024-05-07 22:21:00,66.2,19.0
2024-05-07 22:28:00,66.2,19.0
2024-05-07 22:55:00,63.9,17.72222222222222
2024-05-07 23:55:00,62.1,16.72222222222222
2024-05-08 00:55:00,58.8,14.888888888888888
2024-05-08 01:55:00,53.6,12.0
2024-05-08 02:55:00,54.1,12.277777777777779
2024-05-08 03:55:00,53.4,11.888888888888888
2024-05-08 04:55:00,52.9,11.61111111111111
2024-05-08 05:55:00,52.9,11.61111111111111
2024-05-08 06:55:00,51.8,10.999999999999998
2024-05-08 07:55:00,48.2,9.000000000000002
2024-05-08 08:55:00,45.0,7.222222222222222
2024-05-08 09:55:00,41.7,5.38888888888889
2024-05-08 10:55:00,42.1,5.611111111111112
2024-05-08 11:55:00,41.9,5.499999999999999
2024-05-08 12:55:00,43.2,6.222222222222223
2024-05-08 13:55:00,47.3,8.499999999999998
2024-05-08 14:06:00,48.2,9.000000000000002
2024-05-08 14:55:00,50.4,10.222222222222221
2024-05-08 15:27:00,51.8,10.999999999999998
2024-05-08 15:36:00,51.8,10.999999999999998
2024-05-08 15:55:00,51.8,10.999999999999998
2024-05-08 15:56:00,51.8,10.999999999999998
2024-05-08 16:18:00,51.8,10.999999999999998
2024-05-08 16:55:00,51.8,10.999999999999998
2024-05-08 17:55:00,53.6,12.0
2024-05-08 18:55:00,54.1,12.277777777777779
2024-05-08 19:55:00,55.9,13.277777777777777
2024-05-08 20:55:00,58.5,14.722222222222221
2024-05-08 21:55:00,56.1,13.38888888888889
2024-05-08 22:55:00,61.2,16.222222222222225
2024-05-08 23:55:00,58.5,14.722222222222221
2024-05-09 00:43:00,53.6,12.0
2024-05-09 00:55:00,53.2,11.777777777777779
2024-05-09 00:57:00,54.1,12.277777777777779
2024-05-09 01:55:00,51.8,10.999999999999998
2024-05-09 02:55:00,46.6,8.111111111111112
2024-05-09 03:55:00,46.8,8.22222222222222
2024-05-09 04:55:00,45.9,7.722222222222221
2024-05-09 05:55:00,40.8,4.8888888888888875
2024-05-09 06:55:00,39.4,4.11111111111111
2024-05-09 07:55:00,41.4,5.222222222222221
2024-05-09 08:55:00,42.1,5.611111111111112
2024-05-09 09:55:00,36.9,2.7222222222222214
2024-05-09 10:55:00,34.3,1.2777777777777761
2024-05-09 11:55:00,35.2,1.7777777777777792
2024-05-09 12:55:00,38.8,3.777777777777776
2024-05-09 13:55:00,41.9,5.499999999999999
2024-05-09 14:55:00,45.7,7.6111111111111125
2024-05-09 15:55:00,48.2,9.000000000000002
2024-05-09 16:55:00,49.5,9.722222222222221
2024-05-09 17:55:00,49.5,9.722222222222221
2024-05-09 18:55:00,50.2,10.111111111111112
2024-05-09 19:55:00,47.7,8.722222222222223
2024-05-09 20:55:00,48.9,9.388888888888888
2024-05-09 21:52:00,48.2,9.000000000000002
2024-05-09 21:55:00,48.0,8.88888888888889
2024-05-09 22:03:00,48.2,9.000000000000002
2024-05-09 22:55:00,48.7,9.277777777777779
2024-05-09 23:27:00,48.2,9.000000000000002
2024-05-09 23:32:00,48.2,9.000000000000002
2024-05-09 23:33:00,48.2,9.000000000000002
2024-05-09 23:55:00,47.8,8.777777777777777
2024-05-10 00:26:00,48.2,9.000000000000002
2024-05-10 00:55:00,45.0,7.222222222222222
2024-05-10 01:55:00,45.9,7.722222222222221
2024-05-10 02:31:00,42.8,5.999999999999998
2024-05-10 02:50:00,42.8,5.999999999999998
2024-05-10 02:55:00,43.2,6.222222222222223
2024-05-10 03:25:00,44.6,7.000000000000001
2024-05-10 03:55:00,43.9,6.61111111111111
2024-05-10 04:55:00,43.3,6.277777777777776
2024-05-10 05:55:00,42.1,5.611111111111112
2024-05-10 06:22:00,42.8,5.999999999999998
2024-05-10 06:30:00,42.8,5.999999999999998
2024-05-10 06:55:00,42.4,5.777777777777777
2024-05-10 07:25:00,42.8,5.999999999999998
2024-05-10 07:55:00,42.1,5.611111111111112
2024-05-10 08:12:00,41.0,5.0
2024-05-10 08:44:00,41.0,5.0
2024-05-10 08:55:00,41.5,5.277777777777778
2024-05-10 09:32:00,41.0,5.0
2024-05-10 09:55:00,41.5,5.277777777777778
2024-05-10 10:55:00,41.0,5.0
2024-05-10 11:55:00,40.1,4.500000000000001
2024-05-10 12:15:00,41.0,5.0
2024-05-10 12:35:00,41.0,5.0
2024-05-10 12:55:00,41.0,5.0
2024-05-10 13:11:00,41.0,5.0
2024-05-10 13:55:00,42.3,5.7222222222222205
2024-05-10 14:55:00,46.0,7.777777777777778
2024-05-10 15:25:00,46.4,7.999999999999999
2024-05-10 15:55:00,46.2,7.88888888888889
2024-05-10 16:25:00,46.4,7.999999999999999
2024-05-10 16:40:00,48.2,9.000000000000002
2024-05-10 16:55:00,47.5,8.61111111111111
2024-05-10 17:14:00,48.2,9.000000000000002
2024-05-10 17:29:00,48.2,9.000000000000002
2024-05-10 17:55:00,47.8,8.777777777777777
2024-05-10 17:59:00,48.2,9.000000000000002
2024-05-10 18:19:00,50.0,10.0
2024-05-10 18:55:00,50.0,10.0
2024-05-10 19:10:00,50.0,10.0
2024-05-10 19:25:00,50.0,10.0
2024-05-10 19:55:00,50.7,10.388888888888891
2024-05-10 20:55:00,52.0,11.11111111111111
2024-05-10 21:55:00,53.4,11.888888888888888
2024-05-10 22:55:00,52.9,11.61111111111111
2024-05-10 23:55:00,51.6,10.88888888888889
2024-05-11 00:55:00,52.5,11.38888888888889
2024-05-11 01:55:00,50.5,10.277777777777777
2024-05-11 02:55:00,44.2,6.7777777777777795
2024-05-11 03:55:00,47.1,8.38888888888889
2024-05-11 04:55:00,41.4,5.222222222222221
2024-05-11 05:55:00,43.2,6.222222222222223
2024-05-11 06:55:00,44.2,6.7777777777777795
2024-05-11 07:55:00,44.1,6.722222222222223
2024-05-11 08:55:00,44.4,6.8888888888888875
2024-05-11 09:55:00,45.5,7.5
2024-05-11 10:55:00,45.7,7.6111111111111125
2024-05-11 11:03:00,46.4,7.999999999999999
2024-05-11 11:43:00,44.6,7.000000000000001
2024-05-11 11:48:00,44.6,7.000000000000001
2024-05-11 11:55:00,45.0,7.222222222222222
2024-05-11 12:09:00,44.6,7.000000000000001
2024-05-11 12:13:00,44.6,7.000000000000001
2024-05-11 12:25:00,44.6,7.000000000000001
2024-05-11 12:54:00,46.4,7.999999999999999
2024-05-11 12:55:00,46.0,7.777777777777778
2024-05-11 13:09:00,46.4,7.999999999999999
2024-05-11 13:55:00,51.3,10.72222222222222
2024-05-11 14:28:00,50.0,10.0
2024-05-11 14:40:00,50.0,10.0
2024-05-11 14:47:00,50.0,10.0
2024-05-11 14:55:00,49.1,9.5
2024-05-11 15:16:00,48.2,9.000000000000002
2024-05-11 15:31:00,48.2,9.000000000000002
2024-05-11 15:55:00,47.5,8.61111111111111
2024-05-11 16:35:00,48.2,9.000000000000002
2024-05-11 16:55:00,50.7,10.388888888888891
2024-05-11 17:55:00,52.3,11.277777777777777
2024-05-11 18:55:00,52.5,11.38888888888889
2024-05-11 19:10:00,53.6,12.0
2024-05-11 19:55:00,52.2,11.222222222222223
2024-05-11 20:55:00,56.3,13.499999999999998
2024-05-11 21:10:00,57.2,14.000000000000002
2024-05-11 21:25:00,57.2,14.000000000000002
2024-05-11 21:55:00,55.9,13.277777777777777
2024-05-11 22:26:00,53.6,12.0
2024-05-11 22:28:00,53.6,12.0
2024-05-11 22:37:00,50.0,10.0
2024-05-11 22:41:00,50.0,10.0
2024-05-11 22:55:00,49.5,9.722222222222221
2024-05-11 23:09:00,50.0,10.0
2024-05-11 23:19:00,50.0,10.0
2024-05-11 23:44:00,50.0,10.0
2024-05-11 23:55:00,50.0,10.0
2024-05-11 23:59:00,50.0,10.0
2024-05-12 00:55:00,49.8,9.888888888888888
2024-05-12 01:55:00,48.4,9.11111111111111
2024-05-12 02:55:00,46.6,8.111111111111112
2024-05-12 04:55:00,42.8,5.999999999999998
2024-05-12 05:55:00,45.3,7.3888888888888875
2024-05-12 06:55:00,43.3,6.277777777777776
2024-05-12 07:52:00,41.0,5.0
2024-05-12 07:55:00,41.2,5.1111111111111125
2024-05-12 08:10:00,41.0,5.0
2024-05-12 08:25:00,42.8,5.999999999999998
2024-05-12 08:55:00,43.2,6.222222222222223
2024-05-12 09:05:00,42.8,5.999999999999998
2024-05-12 09:35:00,39.2,4.000000000000002
2024-05-12 09:55:00,39.4,4.11111111111111
2024-05-12 10:55:00,38.1,3.3888888888888897
2024-05-12 11:55:00,38.3,3.4999999999999982
2024-05-12 12:55:00,47.1,8.38888888888889
2024-05-12 13:55:00,50.7,10.388888888888891
2024-05-12 14:55:00,49.5,9.722222222222221
2024-05-12 15:55:00,50.7,10.388888888888891
2024-05-12 16:55:00,51.6,10.88888888888889
2024-05-12 17:55:00,56.8,13.777777777777775
2024-05-12 18:55:00,55.8,13.22222222222222
2024-05-12 19:55:00,54.3,12.388888888888888
2024-05-12 20:38:00,50.0,10.0
2024-05-12 20:55:00,51.8,10.999999999999998
2024-05-12 21:01:00,53.6,12.0
2024-05-12 21:55:00,57.4,14.11111111111111
2024-05-12 22:55:00,60.6,15.88888888888889
2024-05-12 23:55:00,60.8,15.999999999999998
2024-05-13 00:55:00,63.3,17.388888888888886
2024-05-13 01:55:00,54.7,12.611111111111112
2024-05-13 02:55:00,51.1,10.611111111111112
2024-05-13 03:55:00,50.5,10.277777777777777
2024-05-13 04:55:00,48.9,9.388888888888888
2024-05-13 05:55:00,50.4,10.222222222222221
2024-05-13 06:55:00,47.8,8.777777777777777
2024-05-13 07:55:00,46.4,7.999999999999999
2024-05-13 08:55:00,46.0,7.777777777777778
2024-05-13 09:55:00,45.0,7.222222222222222
2024-05-13 10:55:00,44.4,6.8888888888888875
2024-05-13 11:55:00,45.0,7.222222222222222
2024-05-13 12:55:00,50.7,10.388888888888891
2024-05-13 13:55:00,56.3,13.499999999999998
2024-05-13 14:55:00,60.6,15.88888888888889
2024-05-13 15:55:00,64.8,18.22222222222222
2024-05-13 16:55:00,67.8,19.888888888888886
2024-05-13 17:55:00,68.7,20.38888888888889
2024-05-13 18:55:00,69.6,20.888888888888886
2024-05-13 19:55:00,71.6,21.999999999999996
2024-05-13 20:46:00,69.8,20.999999999999996
2024-05-13 20:55:00,67.8,19.888888888888886
2024-05-13 21:06:00,71.6,21.999999999999996
2024-05-13 21:55:00,71.4,21.888888888888893
2024-05-13 22:55:00,69.4,20.777777777777782
2024-05-13 23:23:00,62.6,17.0
2024-05-13 23:31:00,55.4,12.999999999999998
2024-05-13 23:41:00,57.2,14.000000000000002
2024-05-13 23:55:00,57.7,14.277777777777779
2024-05-14 00:38:00,60.8,15.999999999999998
2024-05-14 00:48:00,62.6,17.0
2024-05-14 00:55:00,62.2,16.77777777777778
2024-05-14 01:55:00,57.9,14.388888888888888
2024-05-14 02:55:00,58.1,14.5
2024-05-14 03:55:00,57.6,14.222222222222223
2024-05-14 04:55:00,51.6,10.88888888888889
2024-05-14 05:55:00,51.8,10.999999999999998
2024-05-14 06:55:00,49.8,9.888888888888888
2024-05-14 07:55:00,48.7,9.277777777777779
2024-05-14 08:55:00,48.4,9.11111111111111
2024-05-14 09:55:00,47.7,8.722222222222223
2024-05-14 10:55:00,48.6,9.222222222222223
2024-05-14 11:55:00,54.0,12.222222222222221
2024-05-14 12:55:00,55.4,12.999999999999998
2024-05-14 13:55:00,60.8,15.999999999999998
2024-05-14 14:55:00,63.0,17.22222222222222
2024-05-14 15:55:00,68.5,20.27777777777778
2024-05-14 16:55:00,71.1,21.722222222222218
2024-05-14 17:55:00,75.7,24.27777777777778
2024-05-14 18:55:00,75.2,24.0
2024-05-14 19:41:00,73.4,23.000000000000004
2024-05-14 19:44:00,73.4,23.000000000000004
2024-05-14 19:57:00,73.4,23.000000000000004
2024-05-14 20:18:00,73.4,23.000000000000004
2024-05-14 20:30:00,75.2,24.0
2024-05-14 20:48:00,73.4,23.000000000000004
2024-05-14 20:53:00,69.8,20.999999999999996
2024-05-14 20:55:00,69.3,20.72222222222222
2024-05-14 21:06:00,68.0,20.0
2024-05-14 21:09:00,69.8,20.999999999999996
2024-05-14 21:18:00,69.8,20.999999999999996
2024-05-14 21:29:00,68.0,20.0
2024-05-14 21:41:00,69.8,20.999999999999996
2024-05-14 21:55:00,69.4,20.777777777777782
2024-05-14 22:13:00,68.0,20.0
2024-05-14 22:32:00,66.2,19.0
2024-05-14 22:42:00,66.2,19.0
2024-05-14 22:55:00,64.2,17.88888888888889
2024-05-14 22:58:00,64.4,18.000000000000004
2024-05-14 23:11:00,64.4,18.000000000000004
2024-05-14 23:18:00,64.4,18.000000000000004
2024-05-14 23:53:00,60.8,15.999999999999998
2024-05-14 23:54:00,60.8,15.999999999999998
2024-05-14 23:55:00,60.8,15.999999999999998
2024-05-15 00:06:00,60.8,15.999999999999998
2024-05-15 00:55:00,60.1,15.61111111111111
2024-05-15 01:55:00,58.3,14.611111111111109
2024-05-15 02:55:00,56.3,13.499999999999998
2024-05-15 03:20:00,57.2,14.000000000000002
2024-05-15 03:34:00,57.2,14.000000000000002
2024-05-15 03:55:00,59.0,15.0
2024-05-15 04:02:00,59.0,15.0
2024-05-15 04:40:00,53.6,12.0
2024-05-15 04:55:00,55.8,13.22222222222222
2024-05-15 05:55:00,55.2,12.88888888888889
2024-05-15 06:55:00,48.7,9.277777777777779
2024-05-15 07:55:00,50.5,10.277777777777777
2024-05-15 08:55:00,48.4,9.11111111111111
2024-05-15 09:55:00,50.9,10.499999999999998
2024-05-15 10:55:00,48.2,9.000000000000002
2024-05-15 11:55:00,46.0,7.777777777777778
2024-05-15 12:55:00,50.5,10.277777777777777
2024-05-15 13:55:00,54.5,12.5
2024-05-15 14:55:00,56.3,13.499999999999998
2024-05-15 15:06:00,57.2,14.000000000000002
2024-05-15 15:55:00,60.4,15.777777777777777
2024-05-15 16:55:00,64.0,17.77777777777778
2024-05-15 17:45:00,62.6,17.0
2024-05-15 17:55:00,62.4,16.88888888888889
2024-05-15 18:35:00,62.6,17.0
2024-05-15 18:55:00,62.1,16.72222222222222
2024-05-15 19:34:00,62.6,17.0
2024-05-15 19:55:00,60.4,15.777777777777777
2024-05-15 20:55:00,61.5,16.38888888888889
2024-05-15 21:55:00,56.7,13.722222222222223
2024-05-15 22:13:00,53.6,12.0
2024-05-15 22:55:00,58.1,14.5
2024-05-15 23:55:00,54.9,12.722222222222221
2024-05-16 00:07:00,53.6,12.0
2024-05-16 00:22:00,53.6,12.0
2024-05-16 00:55:00,51.6,10.88888888888889
2024-05-16 01:55:00,51.4,10.777777777777777
2024-05-16 02:55:00,50.4,10.222222222222221
2024-05-16 03:55:00,53.4,11.888888888888888
2024-05-16 04:55:00,52.0,11.11111111111111
2024-05-16 05:55:00,51.3,10.72222222222222
2024-05-16 06:55:00,51.4,10.777777777777777
2024-05-16 07:55:00,52.2,11.222222222222223
2024-05-16 08:55:00,49.5,9.722222222222221
2024-05-16 09:55:00,48.7,9.277777777777779
2024-05-16 10:55:00,46.2,7.88888888888889
2024-05-16 11:55:00,43.9,6.61111111111111
2024-05-16 12:55:00,48.4,9.11111111111111
2024-05-16 13:55:00,51.8,10.999999999999998
2024-05-16 14:55:00,54.1,12.277777777777779
2024-05-16 15:55:00,52.7,11.500000000000002
2024-05-16 16:55:00,62.2,16.77777777777778
2024-05-16 17:35:00,60.8,15.999999999999998
2024-05-16 17:50:00,60.8,15.999999999999998
2024-05-16 17:55:00,60.1,15.61111111111111
2024-05-16 18:20:00,60.8,15.999999999999998
2024-05-16 18:55:00,61.5,16.38888888888889
2024-05-16 19:55:00,66.2,19.0
2024-05-16 20:30:00,68.0,20.0
2024-05-16 20:55:00,66.7,19.27777777777778
2024-05-16 22:55:00,67.3,19.61111111111111
2024-05-16 23:55:00,66.2,19.0
2024-05-17 00:55:00,67.1,19.499999999999996
2024-05-17 01:55:00,62.4,16.88888888888889
2024-05-17 02:55:00,59.0,15.0
2024-05-17 03:55:00,59.7,15.38888888888889
2024-05-17 04:55:00,57.0,13.88888888888889
2024-05-17 05:55:00,52.0,11.11111111111111
2024-05-17 06:55:00,51.1,10.611111111111112
2024-05-17 07:55:00,49.5,9.722222222222221
2024-05-17 08:55:00,48.4,9.11111111111111
2024-05-17 09:55:00,47.1,8.38888888888889
2024-05-17 10:55:00,45.7,7.6111111111111125
2024-05-17 11:55:00,46.0,7.777777777777778
2024-05-17 12:55:00,54.1,12.277777777777779
2024-05-17 13:55:00,62.4,16.88888888888889
2024-05-17 14:55:00,68.7,20.38888888888889
2024-05-17 15:55:00,71.8,22.11111111111111
2024-05-17 16:55:00,73.8,23.22222222222222
2024-05-17 17:55:00,75.4,24.111111111111114
2024-05-17 18:55:00,77.5,25.27777777777778
2024-05-17 19:55:00,78.4,25.77777777777778
2024-05-17 20:55:00,79.0,26.11111111111111
2024-05-17 21:55:00,79.9,26.611111111111114
2024-05-17 22:55:00,80.4,26.888888888888893
2024-05-17 23:46:00,82.4,28.000000000000004
2024-05-17 23:55:00,81.7,27.61111111111111
2024-05-18 00:55:00,78.1,25.611111111111107
2024-05-18 01:55:00,74.8,23.777777777777775
2024-05-18 02:55:00,67.1,19.499999999999996
2024-05-18 03:55:00,66.2,19.0
2024-05-18 04:55:00,63.0,17.22222222222222
2024-05-18 05:55:00,59.7,15.38888888888889
2024-05-18 06:55:00,59.7,15.38888888888889
2024-05-18 07:55:00,53.4,11.888888888888888
2024-05-18 08:55:00,57.2,14.000000000000002
2024-05-18 09:55:00,54.3,12.388888888888888
2024-05-18 10:55:00,50.9,10.499999999999998
2024-05-18 11:55:00,51.6,10.88888888888889
2024-05-18 12:55:00,58.3,14.611111111111109
2024-05-18 13:55:00,63.7,17.61111111111111
2024-05-18 14:55:00,69.3,20.72222222222222
2024-05-18 15:55:00,70.2,21.222222222222225
2024-05-18 16:55:00,76.1,24.499999999999996
2024-05-18 17:55:00,75.9,24.388888888888893
2024-05-18 18:55:00,77.5,25.27777777777778
2024-05-18 19:55:00,78.6,25.888888888888886
2024-05-18 20:32:00,78.8,25.999999999999996
2024-05-18 20:55:00,74.1,23.388888888888886
2024-05-18 21:55:00,71.8,22.11111111111111
2024-05-18 22:55:00,71.8,22.11111111111111
2024-05-18 23:19:00,71.6,21.999999999999996
2024-05-18 23:35:00,69.8,20.999999999999996
2024-05-18 23:48:00,68.0,20.0
2024-05-18 23:52:00,68.0,20.0
2024-05-18 23:57:00,66.4,19.111111111111114
2024-05-19 00:19:00,62.6,17.0
2024-05-19 00:55:00,63.5,17.5
2024-05-19 01:43:00,60.8,15.999999999999998
2024-05-19 01:55:00,60.3,15.72222222222222
2024-05-19 02:55:00,58.1,14.5
2024-05-19 03:55:00,58.1,14.5
2024-05-19 04:55:00,52.7,11.500000000000002
2024-05-19 06:55:00,52.7,11.500000000000002
2024-05-19 07:55:00,53.1,11.722222222222223
2024-05-19 08:55:00,50.5,10.277777777777777
2024-05-19 12:55:00,47.3,8.499999999999998
2024-05-19 13:55:00,54.7,12.611111111111112
2024-05-19 15:55:00,65.7,18.722222222222225
2024-05-19 16:34:00,71.6,21.999999999999996
2024-05-19 16:43:00,73.4,23.000000000000004
2024-05-19 16:55:00,75.0,23.88888888888889
2024-05-19 17:55:00,78.6,25.888888888888886
2024-05-19 18:55:00,78.4,25.77777777777778
2024-05-19 19:55:00,74.5,23.61111111111111
2024-05-19 20:05:00,78.8,25.999999999999996
2024-05-19 20:11:00,78.8,25.999999999999996
2024-05-19 20:49:00,80.6,26.999999999999996
2024-05-19 20:55:00,81.3,27.388888888888886
2024-05-19 21:17:00,80.6,26.999999999999996
2024-05-20 02:55:00,66.6,19.222222222222218
2024-05-20 03:55:00,61.9,16.61111111111111
2024-05-20 04:55:00,61.2,16.222222222222225
2024-05-20 05:55:00,58.5,14.722222222222221
2024-05-20 06:55:00,55.4,12.999999999999998
2024-05-20 07:55:00,53.8,12.111111111111109
2024-05-20 08:55:00,55.8,13.22222222222222
2024-05-20 09:55:00,50.9,10.499999999999998
2024-05-20 10:55:00,51.1,10.611111111111112
2024-05-20 11:55:00,50.4,10.222222222222221
2024-05-20 12:55:00,57.0,13.88888888888889
2024-05-20 13:55:00,58.6,14.777777777777779
2024-05-20 14:55:00,61.7,16.5
2024-05-20 15:55:00,65.7,18.722222222222225
2024-05-20 16:55:00,69.4,20.777777777777782
2024-05-20 17:54:00,69.8,20.999999999999996
2024-05-20 17:55:00,70.5,21.38888888888889
2024-05-20 17:55:00,69.8,20.999999999999996
2024-05-20 17:59:00,69.8,20.999999999999996
2024-05-20 18:55:00,71.8,22.11111111111111
2024-05-20 19:20:00,73.4,23.000000000000004
2024-05-20 19:54:00,73.4,23.000000000000004
2024-05-20 19:55:00,72.3,22.388888888888886
2024-05-20 19:57:00,73.4,23.000000000000004
2024-05-20 20:10:00,69.8,20.999999999999996
2024-05-20 20:55:00,72.0,22.22222222222222
2024-05-20 21:55:00,73.6,23.111111111111107
2024-05-20 22:11:00,73.4,23.000000000000004
2024-05-20 22:55:00,73.9,23.277777777777782
2024-05-20 23:55:00,73.4,23.000000000000004
2024-05-21 00:55:00,70.3,21.277777777777775
2024-05-21 01:55:00,69.8,20.999999999999996
2024-05-21 02:55:00,68.7,20.38888888888889
2024-05-21 03:55:00,66.7,19.27777777777778
2024-05-21 04:55:00,59.4,15.222222222222221
2024-05-21 05:55:00,52.9,11.61111111111111
2024-05-21 06:55:00,49.3,9.611111111111109
2024-05-21 07:55:00,49.6,9.777777777777779
2024-05-21 08:55:00,46.6,8.111111111111112
2024-05-21 09:55:00,45.5,7.5
2024-05-21 10:55:00,44.8,7.111111111111109
2024-05-21 11:55:00,43.7,6.500000000000002
2024-05-21 12:55:00,49.1,9.5
2024-05-21 13:55:00,52.5,11.38888888888889
2024-05-21 14:55:00,55.9,13.277777777777777
2024-05-21 15:55:00,55.9,13.277777777777777
2024-05-21 16:55:00,61.5,16.38888888888889
2024-05-21 17:36:00,60.8,15.999999999999998
2024-05-21 17:55:00,63.7,17.61111111111111
2024-05-21 18:17:00,68.0,20.0
2024-05-21 18:54:00,66.2,19.0
2024-05-21 18:55:00,66.0,18.88888888888889
2024-05-21 19:03:00,66.2,19.0
2024-05-21 19:55:00,65.3,18.499999999999996
2024-05-21 20:05:00,64.4,18.000000000000004
2024-05-21 20:07:00,64.4,18.000000000000004
2024-05-21 20:08:00,64.4,18.000000000000004
2024-05-21 20:10:00,62.6,17.0
2024-05-21 20:30:00,55.4,12.999999999999998
2024-05-21 20:45:00,51.8,10.999999999999998
2024-05-21 20:53:00,51.8,10.999999999999998
2024-05-21 20:55:00,51.6,10.88888888888889
2024-05-21 21:05:00,55.4,12.999999999999998
2024-05-21 21:55:00,62.4,16.88888888888889
2024-05-21 23:55:00,59.0,15.0
2024-05-22 00:55:00,52.2,11.222222222222223
2024-05-22 01:55:00,48.2,9.000000000000002
2024-05-22 02:55:00,47.5,8.61111111111111
2024-05-22 03:55:00,42.3,5.7222222222222205
2024-05-22 04:00:00,45.0,7.222222222222222
2024-05-22 04:55:00,42.1,5.611111111111112
2024-05-22 05:55:00,42.6,5.888888888888889
2024-05-22 06:55:00,41.4,5.222222222222221
2024-05-22 07:55:00,39.9,4.388888888888888
2024-05-22 08:55:00,39.6,4.222222222222223
2024-05-22 09:55:00,45.0,7.222222222222222
2024-05-22 10:55:00,37.6,3.1111111111111116
2024-05-22 11:55:00,35.8,2.1111111111111094
2024-05-22 12:55:00,42.8,5.999999999999998
2024-05-22 13:55:00,48.2,9.000000000000002
2024-05-22 14:55:00,51.8,10.999999999999998
2024-05-22 15:55:00,53.6,12.0
2024-05-22 16:55:00,57.2,14.000000000000002
2024-05-22 17:55:00,64.4,18.000000000000004
2024-05-22 18:55:00,62.6,17.0
2024-05-22 19:55:00,64.9,18.277777777777782
2024-05-22 20:52:00,69.8,20.999999999999996
2024-05-22 20:55:00,70.3,21.277777777777775
2024-05-22 21:22:00,71.6,21.999999999999996
2024-05-22 21:55:00,71.8,22.11111111111111
2024-05-22 22:55:00,70.7,21.5
2024-05-22 23:55:00,69.8,20.999999999999996
2024-05-23 00:55:00,69.3,20.72222222222222
2024-05-23 01:55:00,64.0,17.77777777777778
2024-05-23 02:55:00,63.7,17.61111111111111
2024-05-23 03:55:00,56.8,13.777777777777775
2024-05-23 04:55:00,58.6,14.777777777777779
2024-05-23 05:55:00,48.4,9.11111111111111
2024-05-23 06:55:00,46.4,7.999999999999999
2024-05-23 07:55:00,46.9,8.277777777777777
2024-05-23 08:55:00,45.5,7.5
2024-05-23 09:55:00,44.6,7.000000000000001
2024-05-23 10:55:00,44.1,6.722222222222223
2024-05-23 11:55:00,43.9,6.61111111111111
2024-05-23 12:55:00,47.1,8.38888888888889
2024-05-23 13:55:00,55.4,12.999999999999998
2024-05-23 14:55:00,60.6,15.88888888888889
2024-05-23 15:55:00,70.3,21.277777777777775
2024-05-23 16:55:00,74.5,23.61111111111111
2024-05-23 17:27:00,75.2,24.0
2024-05-23 17:34:00,75.2,24.0
2024-05-23 17:38:00,75.2,24.0
2024-05-23 17:55:00,76.1,24.499999999999996
2024-05-23 18:55:00,76.5,24.72222222222222
2024-05-23 19:22:00,77.0,25.0
2024-05-23 19:55:00,77.9,25.500000000000004
2024-05-23 20:00:00,77.0,25.0
2024-05-23 20:03:00,78.8,25.999999999999996
2024-05-23 20:43:00,78.8,25.999999999999996
2024-05-23 20:46:00,80.6,26.999999999999996
2024-05-23 20:55:00,79.7,26.5
2024-05-23 20:57:00,78.8,25.999999999999996
2024-05-23 21:12:00,78.8,25.999999999999996
2024-05-23 21:25:00,80.6,26.999999999999996
2024-05-23 21:55:00,81.0,27.22222222222222
2024-05-23 22:55:00,81.1,27.277777777777775
2024-05-23 23:55:00,78.8,25.999999999999996
2024-05-24 00:55:00,76.3,24.611111111111107
2024-05-24 00:57:00,75.2,24.0
2024-05-24 01:55:00,73.6,23.111111111111107
2024-05-24 02:20:00,71.6,21.999999999999996
2024-05-24 02:55:00,61.3,16.277777777777775
2024-05-24 03:20:00,57.2,14.000000000000002
2024-05-24 03:55:00,55.8,13.22222222222222
2024-05-24 04:55:00,54.3,12.388888888888888
2024-05-24 05:55:00,55.2,12.88888888888889
2024-05-24 06:55:00,48.2,9.000000000000002
2024-05-24 07:55:00,46.0,7.777777777777778
2024-05-24 08:55:00,43.5,6.388888888888888
2024-05-24 09:55:00,41.4,5.222222222222221
2024-05-24 10:55:00,39.2,4.000000000000002
2024-05-24 11:55:00,40.6,4.777777777777779
2024-05-24 12:55:00,46.8,8.22222222222222
2024-05-24 13:55:00,49.5,9.722222222222221
2024-05-24 14:55:00,52.0,11.11111111111111
2024-05-24 15:55:00,56.3,13.499999999999998
2024-05-24 16:55:00,61.0,16.11111111111111
2024-05-24 17:55:00,61.2,16.222222222222225
2024-05-24 18:55:00,63.1,17.27777777777778
2024-05-24 19:55:00,64.4,18.000000000000004
2024-05-24 20:55:00,64.2,17.88888888888889
2024-05-24 21:55:00,69.1,20.611111111111107
2024-05-24 22:55:00,69.4,20.777777777777782
2024-05-24 23:55:00,68.5,20.27777777777778
2024-05-25 00:55:00,67.6,19.777777777777775
2024-05-25 01:55:00,64.4,18.000000000000004
2024-05-25 02:55:00,60.4,15.777777777777777
2024-05-25 03:55:00,60.3,15.72222222222222
2024-05-25 04:55:00,59.4,15.222222222222221
2024-05-25 05:55:00,58.3,14.611111111111109
2024-05-25 06:55:00,52.7,11.500000000000002
2024-05-25 07:55:00,50.0,10.0
2024-05-25 08:55:00,45.3,7.3888888888888875
2024-05-25 09:55:00,43.3,6.277777777777776
2024-05-25 10:55:00,40.5,4.722222222222222
2024-05-25 11:55:00,40.8,4.8888888888888875
2024-05-25 12:55:00,49.1,9.5
2024-05-25 13:55:00,52.3,11.277777777777777
2024-05-25 14:55:00,57.7,14.277777777777779
2024-05-25 15:30:00,66.2,19.0
2024-05-25 15:55:00,72.0,22.22222222222222
2024-05-25 16:55:00,75.4,24.111111111111114
2024-05-25 17:55:00,73.2,22.88888888888889
2024-05-25 18:55:00,77.4,25.222222222222225
2024-05-25 19:55:00,76.5,24.72222222222222
2024-05-25 20:04:00,77.0,25.0
2024-05-25 20:55:00,75.9,24.388888888888893
2024-05-25 20:56:00,75.2,24.0
2024-05-25 21:13:00,75.2,24.0
2024-05-25 21:55:00,75.7,24.27777777777778
2024-05-25 22:55:00,73.9,23.277777777777782
2024-05-25 23:36:00,75.2,24.0
2024-05-25 23:44:00,75.2,24.0
2024-05-25 23:49:00,75.2,24.0
2024-05-25 23:55:00,74.5,23.61111111111111
2024-05-26 00:24:00,73.4,23.000000000000004
2024-05-26 00:55:00,73.0,22.77777777777778
2024-05-26 01:55:00,64.8,18.22222222222222
2024-05-26 02:55:00,59.0,15.0
2024-05-26 03:55:00,58.3,14.611111111111109
2024-05-26 04:55:00,57.4,14.11111111111111
2024-05-26 05:55:00,52.2,11.222222222222223
2024-05-26 06:55:00,53.1,11.722222222222223
2024-05-26 07:55:00,54.0,12.222222222222221
2024-05-26 08:55:00,52.5,11.38888888888889
2024-05-26 09:55:00,55.0,12.777777777777777
2024-05-26 10:55:00,46.8,8.22222222222222
2024-05-26 11:55:00,51.4,10.777777777777777
2024-05-26 12:55:00,55.8,13.22222222222222
2024-05-26 13:55:00,59.7,15.38888888888889
2024-05-26 14:55:00,61.3,16.277777777777775
2024-05-26 15:55:00,65.7,18.722222222222225
2024-05-26 16:55:00,66.6,19.222222222222218
2024-05-26 17:55:00,68.7,20.38888888888889
2024-05-26 18:55:00,70.2,21.222222222222225
2024-05-26 19:55:00,72.7,22.61111111111111
2024-05-26 20:55:00,71.8,22.11111111111111
2024-05-26 21:30:00,77.0,25.0
2024-05-26 21:54:00,75.2,24.0
2024-05-26 21:55:00,75.7,24.27777777777778
2024-05-26 22:12:00,75.2,24.0
2024-05-26 22:55:00,75.2,24.0
2024-05-26 23:55:00,73.9,23.277777777777782
2024-05-27 00:05:00,73.4,23.000000000000004
2024-05-27 00:55:00,72.5,22.5
2024-05-27 01:55:00,66.4,19.111111111111114
2024-05-27 02:55:00,58.8,14.888888888888888
2024-05-27 03:55:00,62.8,17.11111111111111
2024-05-27 04:55:00,58.3,14.611111111111109
2024-05-27 05:55:00,57.6,14.222222222222223
2024-05-27 06:55:00,55.4,12.999999999999998
2024-05-27 07:55:00,47.1,8.38888888888889
2024-05-27 08:55:00,46.0,7.777777777777778
2024-05-27 09:55:00,46.0,7.777777777777778
2024-05-27 10:55:00,51.3,10.72222222222222
2024-05-27 11:55:00,46.4,7.999999999999999
2024-05-27 12:55:00,54.9,12.722222222222221
2024-05-27 13:55:00,59.9,15.499999999999998
2024-05-27 14:55:00,66.7,19.27777777777778
2024-05-27 15:55:00,70.3,21.277777777777775
2024-05-27 16:55:00,71.4,21.888888888888893
2024-05-27 17:55:00,71.8,22.11111111111111
2024-05-27 18:55:00,72.9,22.722222222222225
2024-05-27 19:55:00,74.7,23.722222222222225
2024-05-27 20:55:00,73.6,23.111111111111107
2024-05-27 21:55:00,77.2,25.11111111111111
2024-05-27 22:55:00,76.6,24.777777777777775
2024-05-27 23:55:00,75.7,24.27777777777778
2024-05-28 00:55:00,75.0,23.88888888888889
2024-05-28 01:55:00,67.5,19.72222222222222
2024-05-28 02:55:00,66.7,19.27777777777778
2024-05-28 03:55:00,64.8,18.22222222222222
2024-05-28 04:55:00,63.1,17.27777777777778
2024-05-28 05:55:00,60.3,15.72222222222222
2024-05-28 06:55:00,52.3,11.277777777777777
2024-05-28 07:55:00,54.0,12.222222222222221
2024-05-28 08:55:00,52.5,11.38888888888889
2024-05-28 09:55:00,49.8,9.888888888888888
2024-05-28 10:55:00,50.5,10.277777777777777
2024-05-28 11:55:00,50.7,10.388888888888891
2024-05-28 12:55:00,56.3,13.499999999999998
2024-05-28 13:55:00,60.4,15.777777777777777
2024-05-28 14:55:00,64.9,18.277777777777782
2024-05-28 15:55:00,69.6,20.888888888888886
2024-05-28 16:55:00,71.1,21.722222222222218
2024-05-28 17:55:00,75.0,23.88888888888889
2024-05-28 18:55:00,77.7,25.38888888888889
2024-05-28 19:18:00,73.4,23.000000000000004
2024-05-28 19:36:00,73.4,23.000000000000004
2024-05-28 19:55:00,73.4,23.000000000000004
2024-05-28 20:55:00,78.6,25.888888888888886
2024-05-28 23:55:00,68.0,20.0
2024-05-29 00:24:00,64.4,18.000000000000004
2024-05-29 00:28:00,64.4,18.000000000000004
2024-05-29 00:55:00,60.1,15.61111111111111
2024-05-29 01:30:00,62.6,17.0
2024-05-29 01:55:00,64.0,17.77777777777778
2024-05-29 02:55:00,60.1,15.61111111111111
2024-05-29 03:55:00,59.7,15.38888888888889
2024-05-29 04:55:00,55.6,13.11111111111111
2024-05-29 05:55:00,54.5,12.5
2024-05-29 06:10:00,53.6,12.0
2024-05-29 06:25:00,53.6,12.0
2024-05-29 06:55:00,54.9,12.722222222222221
2024-05-29 07:10:00,55.4,12.999999999999998
2024-05-29 07:55:00,54.3,12.388888888888888
2024-05-29 08:40:00,51.8,10.999999999999998
2024-05-29 08:55:00,51.4,10.777777777777777
2024-05-29 09:55:00,48.7,9.277777777777779
2024-05-29 10:55:00,49.5,9.722222222222221
2024-05-29 11:25:00,48.2,9.000000000000002
2024-05-29 11:55:00,49.6,9.777777777777779
2024-05-29 12:25:00,50.0,10.0
2024-05-29 12:55:00,52.0,11.11111111111111
2024-05-29 13:40:00,53.6,12.0
2024-05-29 13:55:00,53.2,11.777777777777779
2024-05-29 14:10:00,53.6,12.0
2024-05-29 14:37:00,55.4,12.999999999999998
2024-05-29 14:55:00,56.7,13.722222222222223
2024-05-29 15:55:00,60.6,15.88888888888889
2024-05-29 16:55:00,69.6,20.888888888888886
2024-05-29 17:55:00,72.3,22.388888888888886
2024-05-29 18:55:00,74.7,23.722222222222225
2024-05-29 19:55:00,77.0,25.0
2024-05-29 20:55:00,76.3,24.611111111111107
2024-05-29 21:55:00,78.1,25.611111111111107
2024-05-29 22:55:00,81.0,27.22222222222222
2024-05-29 23:55:00,79.0,26.11111111111111
2024-05-30 00:55:00,78.4,25.77777777777778
2024-05-30 01:55:00,75.4,24.111111111111114
2024-05-30 02:55:00,68.4,20.222222222222225
2024-05-30 03:55:00,72.1,22.277777777777775
2024-05-30 04:55:00,63.3,17.388888888888886
2024-05-30 05:55:00,60.1,15.61111111111111
2024-05-30 06:55:00,57.4,14.11111111111111
2024-05-30 07:55:00,56.5,13.61111111111111
2024-05-30 08:55:00,51.6,10.88888888888889
2024-05-30 09:55:00,48.9,9.388888888888888
2024-05-30 10:55:00,47.8,8.777777777777777
2024-05-30 11:55:00,50.7,10.388888888888891
2024-05-30 12:55:00,55.0,12.777777777777777
2024-05-30 13:55:00,66.7,19.27777777777778
2024-05-30 14:55:00,69.3,20.72222222222222
2024-05-30 15:55:00,73.4,23.000000000000004
2024-05-30 16:55:00,73.6,23.111111111111107
2024-05-30 17:55:00,76.6,24.777777777777775
2024-05-30 18:55:00,78.1,25.611111111111107
2024-05-30 19:30:00,77.0,25.0
2024-05-30 19:55:00,74.1,23.388888888888886
2024-05-30 20:03:00,73.4,23.000000000000004
2024-05-30 20:10:00,73.4,23.000000000000004
2024-05-30 20:14:00,71.6,21.999999999999996
2024-05-30 20:33:00,62.6,17.0
2024-05-30 20:55:00,57.0,13.88888888888889
2024-05-30 20:58:00,59.0,15.0
2024-05-30 21:15:00,66.2,19.0
2024-05-30 21:26:00,60.8,15.999999999999998
2024-05-30 21:47:00,62.6,17.0
2024-05-30 21:55:00,59.2,15.111111111111112
2024-05-30 22:33:00,60.8,15.999999999999998
2024-05-30 22:55:00,66.4,19.111111111111114
2024-05-30 23:55:00,68.7,20.38888888888889
2024-05-31 00:55:00,66.2,19.0
2024-05-31 01:55:00,65.5,18.61111111111111
2024-05-31 02:55:00,63.3,17.388888888888886
2024-05-31 03:55:00,58.3,14.611111111111109
2024-05-31 04:55:00,59.5,15.277777777777777
2024-05-31 05:55:00,57.7,14.277777777777779
2024-05-31 06:55:00,49.1,9.5
2024-05-31 07:55:00,46.9,8.277777777777777
2024-05-31 08:55:00,50.0,10.0
2024-05-31 09:55:00,50.2,10.111111111111112
2024-05-31 10:55:00,50.9,10.499999999999998
2024-05-31 11:55:00,53.2,11.777777777777779
2024-05-31 12:55:00,55.9,13.277777777777777
2024-05-31 13:55:00,58.1,14.5
2024-05-31 14:55:00,60.6,15.88888888888889
2024-05-31 15:55:00,64.0,17.77777777777778
2024-05-31 16:55:00,63.7,17.61111111111111
2024-05-31 17:55:00,66.0,18.88888888888889
2024-05-31 18:47:00,68.0,20.0
2024-05-31 18:55:00,69.6,20.888888888888886
2024-05-31 19:55:00,71.6,21.999999999999996
2024-05-31 20:08:00,71.6,21.999999999999996
2024-05-31 20:14:00,73.4,23.000000000000004
2024-05-31 20:19:00,73.4,23.000000000000004
2024-05-31 20:55:00,73.2,22.88888888888889
2024-05-31 21:44:00,75.2,24.0
2024-05-31 21:55:00,74.3,23.499999999999996
2024-05-31 22:55:00,74.1,23.388888888888886
2024-05-31 23:18:00,75.2,24.0
2024-05-31 23:52:00,75.2,24.0
2024-05-31 23:55:00,75.0,23.88888888888889
2024-06-01 00:07:00,73.4,23.000000000000004
2024-06-01 00:41:00,73.4,23.000000000000004
2024-06-01 00:46:00,73.4,23.000000000000004
2024-06-01 00:55:00,72.7,22.61111111111111
2024-06-01 01:17:00,68.0,20.0
2024-06-01 01:55:00,68.0,20.0
2024-06-01 02:55:00,59.4,15.222222222222221
2024-06-01 03:55:00,61.0,16.11111111111111
2024-06-01 04:55:00,55.6,13.11111111111111
2024-06-01 05:55:00,52.7,11.500000000000002
2024-06-01 06:55:00,56.1,13.38888888888889
2024-06-01 07:55:00,55.6,13.11111111111111
2024-06-01 08:55:00,53.1,11.722222222222223
2024-06-01 09:55:00,52.3,11.277777777777777
2024-06-01 10:55:00,50.9,10.499999999999998
2024-06-01 11:55:00,49.5,9.722222222222221
2024-06-01 12:55:00,52.9,11.61111111111111
2024-06-01 13:55:00,57.0,13.88888888888889
2024-06-01 14:55:00,60.3,15.72222222222222
2024-06-01 15:55:00,66.7,19.27777777777778
2024-06-01 16:55:00,73.0,22.77777777777778
2024-06-01 17:47:00,78.8,25.999999999999996
2024-06-01 17:53:00,78.8,25.999999999999996
2024-06-01 17:55:00,79.0,26.11111111111111
2024-06-01 18:04:00,78.8,25.999999999999996
2024-06-01 18:08:00,78.8,25.999999999999996
2024-06-01 18:09:00,77.0,25.0
2024-06-01 18:10:00,77.0,25.0
2024-06-01 18:12:00,75.2,24.0
2024-06-01 18:19:00,71.6,21.999999999999996
2024-06-01 18:31:00,69.8,20.999999999999996
2024-06-01 18:34:00,69.8,20.999999999999996
2024-06-01 18:49:00,75.2,24.0
2024-06-01 18:55:00,75.4,24.111111111111114
2024-06-01 19:55:00,78.3,25.72222222222222
2024-06-01 20:55:00,80.8,27.111111111111107
2024-06-01 21:55:00,81.0,27.22222222222222
2024-06-01 22:27:00,80.6,26.999999999999996
2024-06-01 22:55:00,80.2,26.77777777777778
2024-06-01 23:55:00,75.9,24.388888888888893
2024-06-02 00:55:00,72.1,22.277777777777775
2024-06-02 01:55:00,70.7,21.5
2024-06-02 02:15:00,71.6,21.999999999999996
2024-06-02 02:28:00,69.8,20.999999999999996
2024-06-02 02:55:00,69.6,20.888888888888886
2024-06-02 03:55:00,63.0,17.22222222222222
2024-06-02 04:55:00,60.8,15.999999999999998
2024-06-02 05:55:00,59.2,15.111111111111112
2024-06-02 06:55:00,53.4,11.888888888888888
2024-06-02 07:55:00,51.8,10.999999999999998
2024-06-02 08:55:00,55.4,12.999999999999998
2024-06-02 09:55:00,50.2,10.111111111111112
2024-06-02 10:55:00,50.0,10.0
2024-06-02 11:55:00,52.7,11.500000000000002
2024-06-02 12:55:00,60.8,15.999999999999998
2024-06-02 13:55:00,62.2,16.77777777777778
2024-06-02 14:55:00,72.0,22.22222222222222
2024-06-02 15:55:00,74.7,23.722222222222225
2024-06-02 16:43:00,80.6,26.999999999999996
2024-06-02 16:55:00,82.6,28.111111111111107
2024-06-02 17:55:00,85.1,29.499999999999996
2024-06-02 18:36:00,86.0,30.0
2024-06-02 18:42:00,86.0,30.0
2024-06-02 18:55:00,87.1,30.611111111111107
2024-06-02 19:52:00,87.8,30.999999999999996
2024-06-02 19:55:00,88.0,31.11111111111111
2024-06-02 20:10:00,89.6,31.999999999999996
2024-06-02 20:13:00,87.8,30.999999999999996
2024-06-02 20:26:00,87.8,30.999999999999996
2024-06-02 20:55:00,86.0,30.0
2024-06-02 21:55:00,87.1,30.611111111111107
2024-06-02 22:48:00,89.6,31.999999999999996
2024-06-02 22:49:00,89.6,31.999999999999996
2024-06-02 22:55:00,87.8,30.999999999999996
2024-06-02 23:55:00,86.7,30.38888888888889
2024-06-02 23:59:00,86.0,30.0
2024-06-03 00:55:00,81.3,27.388888888888886
2024-06-03 01:55:00,75.6,24.222222222222218
2024-06-03 02:55:00,71.1,21.722222222222218
2024-06-03 03:55:00,68.5,20.27777777777778
2024-06-03 04:55:00,64.0,17.77777777777778
2024-06-03 05:55:00,67.3,19.61111111111111
2024-06-03 06:55:00,58.8,14.888888888888888
2024-06-03 07:55:00,62.4,16.88888888888889
2024-06-03 08:55:00,62.4,16.88888888888889
2024-06-03 09:55:00,52.2,11.222222222222223
2024-06-03 10:55:00,53.4,11.888888888888888
2024-06-03 11:55:00,51.8,10.999999999999998
2024-06-03 12:55:00,54.7,12.611111111111112
2024-06-03 13:55:00,65.7,18.722222222222225
2024-06-03 14:55:00,71.1,21.722222222222218
2024-06-03 15:55:00,73.8,23.22222222222222
2024-06-03 16:55:00,78.3,25.72222222222222
2024-06-03 17:55:00,77.9,25.500000000000004
2024-06-03 18:55:00,81.9,27.722222222222225
2024-06-03 19:24:00,84.2,29.0
2024-06-03 19:55:00,86.5,30.27777777777778
2024-06-03 20:03:00,86.0,30.0
2024-06-03 20:23:00,87.8,30.999999999999996
2024-06-03 20:55:00,84.6,29.222222222222218
2024-06-03 21:02:00,84.2,29.0
2024-06-03 21:55:00,83.7,28.72222222222222
2024-06-03 22:55:00,82.2,27.88888888888889
2024-06-03 23:55:00,82.9,28.27777777777778
2024-06-04 00:55:00,80.6,26.999999999999996
2024-06-04 01:55:00,80.4,26.888888888888893
2024-06-04 02:55:00,79.9,26.611111111111114
2024-06-04 03:55:00,78.4,25.77777777777778
2024-06-04 04:55:00,75.7,24.27777777777778
2024-06-04 05:55:00,72.0,22.22222222222222
2024-06-04 06:55:00,71.1,21.722222222222218
2024-06-04 07:55:00,69.6,20.888888888888886
2024-06-04 08:55:00,72.9,22.722222222222225
2024-06-04 09:55:00,70.2,21.222222222222225
2024-06-04 10:55:00,67.1,19.499999999999996
2024-06-04 11:55:00,64.8,18.22222222222222
2024-06-04 12:55:00,65.7,18.722222222222225
2024-06-04 13:55:00,71.2,21.77777777777778
2024-06-04 14:55:00,73.0,22.77777777777778
2024-06-04 15:55:00,72.1,22.277777777777775
2024-06-04 16:55:00,73.4,23.000000000000004
2024-06-04 17:55:00,76.5,24.72222222222222
2024-06-04 18:55:00,77.5,25.27777777777778
2024-06-04 19:55:00,79.9,26.611111111111114
2024-06-04 20:55:00,81.1,27.277777777777775
2024-06-04 21:55:00,82.8,28.22222222222222
2024-06-04 22:55:00,81.7,27.61111111111111
2024-06-04 23:55:00,79.3,26.277777777777775
2024-06-05 00:55:00,78.3,25.72222222222222
2024-06-05 01:55:00,73.4,23.000000000000004
2024-06-05 02:55:00,65.3,18.499999999999996
2024-06-05 03:55:00,66.7,19.27777777777778
2024-06-05 04:55:00,66.7,19.27777777777778
2024-06-05 05:55:00,66.2,19.0
2024-06-05 06:55:00,58.8,14.888888888888888
2024-06-05 07:55:00,54.7,12.611111111111112
2024-06-05 08:55:00,55.2,12.88888888888889
2024-06-05 09:55:00,54.1,12.277777777777779
2024-06-05 10:55:00,50.4,10.222222222222221
2024-06-05 11:55:00,53.2,11.777777777777779
2024-06-05 12:55:00,63.7,17.61111111111111
2024-06-05 13:55:00,63.7,17.61111111111111
2024-06-05 14:55:00,68.9,20.500000000000004
2024-06-05 15:55:00,73.9,23.277777777777782
2024-06-05 16:55:00,78.4,25.77777777777778
2024-06-05 17:55:00,82.4,28.000000000000004
2024-06-05 18:55:00,85.5,29.72222222222222
2024-06-05 19:55:00,86.9,30.500000000000004
2024-06-05 20:55:00,89.2,31.77777777777778
2024-06-05 21:55:00,90.0,32.22222222222222
2024-06-05 22:55:00,90.1,32.27777777777777
2024-06-05 23:55:00,90.5,32.5
2024-06-06 00:01:00,91.4,33.0
2024-06-06 00:55:00,89.1,31.722222222222218
2024-06-06 01:55:00,82.0,27.77777777777778
2024-06-06 02:55:00,75.4,24.111111111111114
2024-06-06 03:55:00,74.5,23.61111111111111
2024-06-06 04:55:00,72.5,22.5
2024-06-06 05:55:00,70.3,21.277777777777775
2024-06-06 06:55:00,72.3,22.388888888888886
2024-06-06 07:55:00,63.7,17.61111111111111
2024-06-06 08:55:00,64.4,18.000000000000004
2024-06-06 09:55:00,65.3,18.499999999999996
2024-06-06 10:55:00,62.1,16.72222222222222
2024-06-06 11:55:00,61.5,16.38888888888889
2024-06-06 12:55:00,67.5,19.72222222222222
2024-06-06 13:55:00,73.0,22.77777777777778
2024-06-06 14:55:00,77.7,25.38888888888889
2024-06-06 15:55:00,76.1,24.499999999999996
2024-06-06 16:55:00,77.9,25.500000000000004
2024-06-06 17:07:00,78.8,25.999999999999996
2024-06-06 17:11:00,78.8,25.999999999999996
2024-06-06 17:55:00,79.0,26.11111111111111
2024-06-06 18:55:00,81.1,27.277777777777775
2024-06-06 19:55:00,83.1,28.388888888888886
2024-06-06 20:44:00,82.4,28.000000000000004
2024-06-06 20:55:00,84.2,29.0
2024-06-06 21:55:00,83.7,28.72222222222222
2024-06-06 22:48:00,84.2,29.0
2024-06-06 22:55:00,84.6,29.222222222222218
2024-06-06 23:55:00,84.2,29.0
2024-06-07 00:41:00,82.4,28.000000000000004
2024-06-07 00:55:00,81.7,27.61111111111111
2024-06-07 01:55:00,76.8,24.888888888888886
2024-06-07 02:55:00,73.2,22.88888888888889
2024-06-07 03:55:00,69.6,20.888888888888886
2024-06-07 04:55:00,70.2,21.222222222222225
2024-06-07 05:55:00,66.4,19.111111111111114
2024-06-07 06:55:00,64.9,18.277777777777782
2024-06-07 07:55:00,66.0,18.88888888888889
2024-06-07 08:55:00,64.0,17.77777777777778
2024-06-07 09:55:00,57.4,14.11111111111111
2024-06-07 10:55:00,59.2,15.111111111111112
2024-06-07 11:55:00,57.4,14.11111111111111
2024-06-07 12:55:00,65.5,18.61111111111111
2024-06-07 13:55:00,64.6,18.111111111111107
2024-06-07 14:55:00,70.5,21.38888888888889
2024-06-07 15:55:00,75.6,24.222222222222218
2024-06-07 16:55:00,81.1,27.277777777777775
2024-06-07 17:55:00,87.1,30.611111111111107
2024-06-07 18:55:00,90.0,32.22222222222222
2024-06-07 19:55:00,87.6,30.888888888888886
2024-06-07 19:56:00,87.8,30.999999999999996
2024-06-07 20:00:00,82.4,28.000000000000004
2024-06-07 20:02:00,78.8,25.999999999999996
2024-06-07 20:16:00,80.6,26.999999999999996
2024-06-07 20:55:00,83.3,28.499999999999996
2024-06-07 21:55:00,86.7,30.38888888888889
2024-06-07 22:55:00,81.7,27.61111111111111
2024-06-07 23:01:00,82.4,28.000000000000004
2024-06-07 23:18:00,78.8,25.999999999999996
2024-06-07 23:48:00,75.2,24.0
2024-06-07 23:50:00,77.0,25.0
2024-06-07 23:55:00,75.6,24.222222222222218
2024-06-08 00:55:00,73.6,23.111111111111107
2024-06-08 01:55:00,76.5,24.72222222222222
2024-06-08 02:55:00,73.2,22.88888888888889
2024-06-08 03:37:00,69.8,20.999999999999996
2024-06-08 03:38:00,69.8,20.999999999999996
2024-06-08 03:52:00,73.4,23.000000000000004
2024-06-08 03:53:00,73.4,23.000000000000004
2024-06-08 03:55:00,72.3,22.388888888888886
2024-06-08 04:17:00,75.2,24.0
2024-06-08 04:29:00,73.4,23.000000000000004
2024-06-08 04:44:00,71.6,21.999999999999996
2024-06-08 04:55:00,71.8,22.11111111111111
2024-06-08 05:10:00,69.8,20.999999999999996
2024-06-08 05:55:00,65.8,18.777777777777775
2024-06-08 06:55:00,60.3,15.72222222222222
2024-06-08 07:55:00,62.1,16.72222222222222
2024-06-08 08:55:00,64.0,17.77777777777778
2024-06-08 09:55:00,58.6,14.777777777777779
2024-06-08 10:55:00,57.6,14.222222222222223
2024-06-08 11:55:00,59.7,15.38888888888889
2024-06-08 12:55:00,63.5,17.5
2024-06-08 13:55:00,68.9,20.500000000000004
2024-06-08 14:55:00,75.2,24.0
2024-06-08 15:55:00,76.8,24.888888888888886
2024-06-08 16:55:00,79.5,26.38888888888889
2024-06-08 17:55:00,83.1,28.388888888888886
2024-06-08 18:55:00,86.4,30.222222222222225
2024-06-08 19:55:00,87.4,30.77777777777778
2024-06-08 19:57:00,87.8,30.999999999999996
2024-06-08 20:55:00,88.0,31.11111111111111
2024-06-08 21:50:00,89.6,31.999999999999996
2024-06-08 21:55:00,90.1,32.27777777777777
2024-06-08 21:58:00,89.6,31.999999999999996
2024-06-08 22:10:00,91.4,33.0
2024-06-08 22:55:00,91.8,33.22222222222222
2024-06-08 22:58:00,91.4,33.0
2024-06-08 23:53:00,91.4,33.0
2024-06-08 23:55:00,91.9,33.27777777777778
2024-06-08 23:56:00,91.4,33.0
2024-06-09 00:04:00,84.2,29.0
2024-06-09 00:55:00,74.7,23.722222222222225
2024-06-09 01:55:00,73.0,22.77777777777778
2024-06-09 02:55:00,62.4,16.88888888888889
2024-06-09 03:55:00,62.2,16.77777777777778
2024-06-09 04:55:00,65.1,18.388888888888886
2024-06-09 05:55:00,61.7,16.5
2024-06-09 06:55:00,60.8,15.999999999999998
2024-06-09 07:55:00,60.8,15.999999999999998
2024-06-09 08:55:00,60.6,15.88888888888889
2024-06-09 09:55:00,63.1,17.27777777777778
2024-06-09 10:55:00,61.7,16.5
2024-06-09 11:55:00,56.1,13.38888888888889
2024-06-09 12:55:00,60.1,15.61111111111111
2024-06-09 13:55:00,64.9,18.277777777777782
2024-06-09 14:55:00,67.6,19.777777777777775
2024-06-09 15:55:00,71.8,22.11111111111111
2024-06-09 16:55:00,75.9,24.388888888888893
2024-06-09 17:18:00,73.4,23.000000000000004
2024-06-09 17:25:00,75.2,24.0
2024-06-09 17:35:00,75.2,24.0
2024-06-09 17:55:00,75.7,24.27777777777778
2024-06-09 18:55:00,74.5,23.61111111111111
2024-06-09 19:35:00,78.8,25.999999999999996
2024-06-09 19:44:00,77.0,25.0
2024-06-09 19:55:00,75.7,24.27777777777778
2024-06-09 20:55:00,77.7,25.38888888888889
2024-06-09 21:43:00,75.2,24.0
2024-06-09 21:55:00,73.9,23.277777777777782
2024-06-09 22:14:00,73.4,23.000000000000004
2024-06-09 22:16:00,73.4,23.000000000000004
2024-06-09 22:28:00,71.6,21.999999999999996
2024-06-09 22:41:00,73.4,23.000000000000004
2024-06-09 22:55:00,71.2,21.77777777777778
2024-06-09 23:06:00,69.8,20.999999999999996
2024-06-09 23:55:00,70.7,21.5
2024-06-10 00:55:00,70.0,21.11111111111111
2024-06-10 00:58:00,69.8,20.999999999999996
2024-06-10 01:07:00,69.8,20.999999999999996
2024-06-10 01:17:00,69.8,20.999999999999996
2024-06-10 01:19:00,68.0,20.0
2024-06-10 01:34:00,64.4,18.000000000000004
2024-06-10 01:49:00,62.6,17.0
2024-06-10 01:55:00,62.8,17.11111111111111
2024-06-10 02:30:00,59.0,15.0
2024-06-10 02:54:00,59.0,15.0
2024-06-10 02:55:00,58.8,14.888888888888888
2024-06-10 02:59:00,59.0,15.0
2024-06-10 03:16:00,59.0,15.0
2024-06-10 03:55:00,59.0,15.0
2024-06-10 04:20:00,59.0,15.0
2024-06-10 04:55:00,59.0,15.0
2024-06-10 05:55:00,58.5,14.722222222222221
2024-06-10 06:55:00,56.7,13.722222222222223
2024-06-10 07:55:00,58.3,14.611111111111109
2024-06-10 08:55:00,58.5,14.722222222222221
2024-06-10 09:55:00,59.7,15.38888888888889
2024-06-10 10:55:00,60.1,15.61111111111111
2024-06-10 11:04:00,55.4,12.999999999999998
2024-06-10 11:55:00,55.6,13.11111111111111
2024-06-10 12:10:00,57.2,14.000000000000002
2024-06-10 12:55:00,57.4,14.11111111111111
2024-06-10 13:10:00,59.0,15.0
2024-06-10 13:25:00,59.0,15.0
2024-06-10 13:32:00,57.2,14.000000000000002
2024-06-10 13:55:00,57.2,14.000000000000002
2024-06-10 14:55:00,60.4,15.777777777777777
2024-06-10 15:25:00,62.6,17.0
2024-06-10 15:40:00,62.6,17.0
2024-06-10 15:55:00,61.5,16.38888888888889
2024-06-10 16:40:00,66.2,19.0
2024-06-10 16:55:00,66.0,18.88888888888889
2024-06-10 17:25:00,68.0,20.0
2024-06-10 17:55:00,67.1,19.499999999999996
2024-06-10 18:40:00,71.6,21.999999999999996
2024-06-10 18:55:00,73.4,23.000000000000004
2024-06-10 19:50:00,73.4,23.000000000000004
2024-06-10 19:55:00,73.6,23.111111111111107
2024-06-10 20:55:00,75.7,24.27777777777778
2024-06-10 21:55:00,73.8,23.22222222222222
2024-06-10 22:55:00,74.3,23.499999999999996
2024-06-10 23:55:00,71.4,21.888888888888893
2024-06-11 00:55:00,70.7,21.5
2024-06-11 01:55:00,69.4,20.777777777777782
2024-06-11 02:55:00,67.5,19.72222222222222
2024-06-11 03:55:00,66.6,19.222222222222218
2024-06-11 04:55:00,63.3,17.388888888888886
2024-06-11 05:55:00,63.9,17.72222222222222
2024-06-11 06:55:00,65.8,18.777777777777775
2024-06-11 07:55:00,67.6,19.777777777777775
2024-06-11 08:55:00,65.1,18.388888888888886
2024-06-11 09:55:00,61.0,16.11111111111111
2024-06-11 10:55:00,57.9,14.388888888888888
2024-06-11 11:55:00,54.5,12.5
2024-06-11 12:55:00,62.6,17.0
2024-06-11 13:55:00,66.6,19.222222222222218
2024-06-11 14:55:00,73.0,22.77777777777778
2024-06-11 15:55:00,76.8,24.888888888888886
2024-06-11 16:55:00,77.0,25.0
2024-06-11 17:55:00,79.2,26.22222222222222
2024-06-11 18:55:00,80.8,27.111111111111107
2024-06-11 19:55:00,82.2,27.88888888888889
2024-06-11 20:00:00,82.4,28.000000000000004
2024-06-11 20:41:00,80.6,26.999999999999996
2024-06-11 20:55:00,82.4,28.000000000000004
2024-06-11 21:55:00,81.1,27.277777777777775
2024-06-11 22:17:00,78.8,25.999999999999996
2024-06-11 22:29:00,77.0,25.0
2024-06-11 22:55:00,69.8,20.999999999999996
2024-06-11 23:06:00,69.8,20.999999999999996
2024-06-11 23:55:00,66.7,19.27777777777778
2024-06-12 00:30:00,66.2,19.0
2024-06-12 00:49:00,66.2,19.0
2024-06-12 00:55:00,67.5,19.72222222222222
2024-06-12 01:55:00,70.5,21.38888888888889
2024-06-12 02:55:00,68.4,20.222222222222225
2024-06-12 03:55:00,69.4,20.777777777777782
2024-06-12 04:55:00,70.5,21.38888888888889
2024-06-12 05:55:00,64.6,18.111111111111107
2024-06-12 06:55:00,67.1,19.499999999999996
2024-06-12 07:55:00,59.2,15.111111111111112
2024-06-12 08:55:00,59.5,15.277777777777777
2024-06-12 09:55:00,54.7,12.611111111111112
2024-06-12 10:55:00,56.5,13.61111111111111
2024-06-12 11:55:00,58.3,14.611111111111109
2024-06-12 12:55:00,64.6,18.111111111111107
2024-06-12 13:55:00,69.6,20.888888888888886
2024-06-12 14:55:00,79.3,26.277777777777775
2024-06-12 15:55:00,84.7,29.27777777777778
2024-06-12 16:55:00,87.3,30.72222222222222
2024-06-12 17:55:00,88.2,31.22222222222222
2024-06-12 18:55:00,89.8,32.11111111111111
2024-06-12 19:55:00,89.2,31.77777777777778
2024-06-12 20:24:00,89.6,31.999999999999996
2024-06-12 20:38:00,87.8,30.999999999999996
2024-06-12 20:55:00,90.5,32.5
2024-06-12 21:00:00,91.4,33.0
2024-06-12 21:13:00,86.0,30.0
2024-06-12 21:21:00,87.8,30.999999999999996
2024-06-12 21:42:00,87.8,30.999999999999996
2024-06-12 21:55:00,89.2,31.77777777777778
2024-06-12 22:55:00,87.1,30.611111111111107
2024-06-12 23:55:00,86.7,30.38888888888889
2024-06-13 00:03:00,87.8,30.999999999999996
2024-06-13 00:13:00,87.8,30.999999999999996
2024-06-13 00:55:00,84.9,29.388888888888893
2024-06-13 00:56:00,84.2,29.0
2024-06-13 01:06:00,84.2,29.0
2024-06-13 01:22:00,84.2,29.0
2024-06-13 01:29:00,84.2,29.0
2024-06-13 01:38:00,82.4,28.000000000000004
2024-06-13 01:55:00,80.4,26.888888888888893
2024-06-13 02:55:00,79.5,26.38888888888889
2024-06-13 03:55:00,74.5,23.61111111111111
2024-06-13 04:07:00,80.6,26.999999999999996
2024-06-13 04:55:00,74.5,23.61111111111111
2024-06-13 05:55:00,69.6,20.888888888888886
2024-06-13 06:55:00,71.6,21.999999999999996
2024-06-13 07:55:00,63.7,17.61111111111111
2024-06-13 08:55:00,63.1,17.27777777777778
2024-06-13 09:55:00,60.8,15.999999999999998
2024-06-13 10:55:00,61.7,16.5
2024-06-13 11:55:00,60.6,15.88888888888889
2024-06-13 12:55:00,65.3,18.499999999999996
2024-06-13 13:55:00,72.9,22.722222222222225
2024-06-13 14:55:00,80.1,26.722222222222218
2024-06-13 15:55:00,86.2,30.11111111111111
2024-06-13 16:55:00,92.3,33.5
2024-06-13 17:55:00,93.7,34.27777777777778
2024-06-13 18:20:00,95.0,35.0
2024-06-13 18:21:00,95.0,35.0
2024-06-13 18:39:00,95.0,35.0
2024-06-13 18:45:00,93.2,34.0
2024-06-13 18:55:00,92.5,33.61111111111111
2024-06-13 19:55:00,92.1,33.388888888888886
2024-06-13 20:55:00,91.9,33.27777777777778
2024-06-13 21:49:00,91.4,33.0
2024-06-13 21:55:00,91.9,33.27777777777778
2024-06-13 22:43:00,93.2,34.0
2024-06-13 22:55:00,93.2,34.0
2024-06-13 23:55:00,92.8,33.77777777777778
2024-06-14 00:55:00,88.7,31.5
2024-06-14 01:55:00,88.0,31.11111111111111
2024-06-14 02:16:00,84.2,29.0
2024-06-14 02:35:00,82.4,28.000000000000004
2024-06-14 02:46:00,80.6,26.999999999999996
2024-06-14 02:55:00,79.7,26.5
2024-06-14 03:55:00,74.8,23.777777777777775
2024-06-14 04:55:00,70.9,21.611111111111114
2024-06-14 05:55:00,68.2,20.11111111111111
2024-06-14 06:55:00,67.1,19.499999999999996
2024-06-14 07:55:00,63.9,17.72222222222222
2024-06-14 08:55:00,63.0,17.22222222222222
2024-06-14 09:55:00,65.7,18.722222222222225
2024-06-14 10:55:00,62.1,16.72222222222222
2024-06-14 11:55:00,61.9,16.61111111111111
2024-06-14 12:55:00,64.6,18.111111111111107
2024-06-14 13:55:00,66.0,18.88888888888889
2024-06-14 14:55:00,70.2,21.222222222222225
2024-06-14 15:55:00,70.9,21.611111111111114
2024-06-14 16:55:00,73.4,23.000000000000004
2024-06-14 17:55:00,76.3,24.611111111111107
2024-06-14 18:55:00,77.0,25.0
2024-06-14 19:34:00,80.6,26.999999999999996
2024-06-14 19:55:00,79.9,26.611111111111114
2024-06-14 20:33:00,78.8,25.999999999999996
2024-06-14 20:44:00,77.0,25.0
2024-06-14 20:55:00,79.9,26.611111111111114
2024-06-14 21:06:00,80.6,26.999999999999996
2024-06-14 21:21:00,80.6,26.999999999999996
2024-06-14 21:55:00,77.4,25.222222222222225
2024-06-14 22:55:00,74.3,23.499999999999996
2024-06-14 23:55:00,72.5,22.5
2024-06-15 00:55:00,71.2,21.77777777777778
2024-06-15 01:55:00,66.7,19.27777777777778
2024-06-15 02:55:00,64.9,18.277777777777782
2024-06-15 03:55:00,62.4,16.88888888888889
2024-06-15 04:55:00,60.3,15.72222222222222
2024-06-15 05:55:00,55.9,13.277777777777777
2024-06-15 06:55:00,56.7,13.722222222222223
2024-06-15 07:55:00,55.8,13.22222222222222
2024-06-15 08:55:00,54.5,12.5
2024-06-15 09:55:00,58.1,14.5
2024-06-15 10:55:00,57.7,14.277777777777779
2024-06-15 11:55:00,61.0,16.11111111111111
2024-06-15 12:11:00,60.8,15.999999999999998
2024-06-15 12:55:00,66.6,19.222222222222218
2024-06-15 13:55:00,68.0,20.0
2024-06-15 14:55:00,72.7,22.61111111111111
2024-06-15 15:55:00,77.7,25.38888888888889
2024-06-15 16:55:00,82.4,28.000000000000004
2024-06-15 17:55:00,84.4,29.111111111111114
2024-06-15 18:55:00,86.2,30.11111111111111
2024-06-15 19:55:00,87.1,30.611111111111107
2024-06-15 20:50:00,87.8,30.999999999999996
2024-06-15 20:55:00,87.4,30.77777777777778
2024-06-15 21:48:00,84.2,29.0
2024-06-15 21:49:00,82.4,28.000000000000004
2024-06-15 21:50:00,82.4,28.000000000000004
2024-06-15 21:51:00,82.4,28.000000000000004
2024-06-15 21:55:00,79.9,26.611111111111114
2024-06-15 22:06:00,84.2,29.0
2024-06-15 22:12:00,84.2,29.0
2024-06-15 22:55:00,83.1,28.388888888888886
2024-06-15 23:55:00,80.2,26.77777777777778
2024-06-16 00:18:00,82.4,28.000000000000004
2024-06-16 00:30:00,82.4,28.000000000000004
2024-06-16 00:39:00,82.4,28.000000000000004
2024-06-16 00:45:00,80.6,26.999999999999996
2024-06-16 00:55:00,81.7,27.61111111111111
2024-06-16 00:56:00,82.4,28.000000000000004
2024-06-16 01:55:00,77.2,25.11111111111111
2024-06-16 02:36:00,75.2,24.0
2024-06-16 02:50:00,77.0,25.0
2024-06-16 02:55:00,74.8,23.777777777777775
2024-06-16 03:05:00,71.6,21.999999999999996
2024-06-16 03:11:00,71.6,21.999999999999996
2024-06-16 03:55:00,70.2,21.222222222222225
2024-06-16 04:55:00,67.6,19.777777777777775
2024-06-16 05:55:00,70.2,21.222222222222225
2024-06-16 06:55:00,67.6,19.777777777777775
2024-06-16 07:55:00,61.7,16.5
2024-06-16 08:55:00,63.0,17.22222222222222
2024-06-16 09:55:00,59.5,15.277777777777777
2024-06-16 10:55:00,57.2,14.000000000000002
2024-06-16 11:55:00,56.3,13.499999999999998
2024-06-16 12:55:00,63.3,17.388888888888886
2024-06-16 13:55:00,68.5,20.27777777777778
2024-06-16 14:55:00,75.7,24.27777777777778
2024-06-16 15:55:00,83.8,28.777777777777775
2024-06-16 16:55:00,88.7,31.5
2024-06-16 17:55:00,90.5,32.5
2024-06-16 18:04:00,91.4,33.0
2024-06-16 18:55:00,92.1,33.388888888888886
2024-06-16 19:55:00,92.7,33.72222222222222
2024-06-16 20:15:00,95.0,35.0
2024-06-16 20:51:00,93.2,34.0
2024-06-16 20:55:00,94.3,34.61111111111111
2024-06-16 21:07:00,95.0,35.0
2024-06-16 21:23:00,95.0,35.0
2024-06-16 21:55:00,93.9,34.38888888888889
2024-06-16 22:13:00,93.2,34.0
2024-06-16 22:37:00,93.2,34.0
2024-06-16 22:55:00,93.4,34.111111111111114
2024-06-16 23:55:00,91.4,33.0
2024-06-17 00:55:00,89.4,31.888888888888893
2024-06-17 01:55:00,86.5,30.27777777777778
2024-06-17 02:55:00,77.7,25.38888888888889
2024-06-17 03:55:00,76.6,24.777777777777775
2024-06-17 04:55:00,74.3,23.499999999999996
2024-06-17 05:55:00,67.5,19.72222222222222
2024-06-17 06:55:00,69.3,20.72222222222222
2024-06-17 07:55:00,64.9,18.277777777777782
2024-06-17 08:55:00,64.0,17.77777777777778
2024-06-17 09:55:00,62.6,17.0
2024-06-17 10:55:00,59.9,15.499999999999998
2024-06-17 11:55:00,60.8,15.999999999999998
2024-06-17 12:55:00,67.3,19.61111111111111
2024-06-17 13:55:00,76.6,24.777777777777775
2024-06-17 14:55:00,78.3,25.72222222222222
2024-06-17 15:55:00,82.4,28.000000000000004
2024-06-17 16:55:00,88.5,31.38888888888889
2024-06-17 17:36:00,89.6,31.999999999999996
2024-06-17 17:55:00,90.3,32.388888888888886
2024-06-17 18:05:00,91.4,33.0
2024-06-17 18:51:00,91.4,33.0
2024-06-17 18:55:00,91.0,32.77777777777778
2024-06-17 19:38:00,91.4,33.0
2024-06-17 19:45:00,91.4,33.0
2024-06-17 19:55:00,92.3,33.5
2024-06-17 20:03:00,93.2,34.0
2024-06-17 20:55:00,93.2,34.0
2024-06-17 21:14:00,93.2,34.0
2024-06-17 21:55:00,93.7,34.27777777777778
2024-06-17 21:56:00,93.2,34.0
2024-06-17 22:02:00,93.2,34.0
2024-06-17 22:15:00,93.2,34.0
2024-06-17 22:26:00,93.2,34.0
2024-06-17 22:47:00,93.2,34.0
2024-06-17 22:55:00,93.0,33.888888888888886
2024-06-17 23:37:00,91.4,33.0
2024-06-17 23:55:00,91.6,33.11111111111111
2024-06-18 00:55:00,89.8,32.11111111111111
2024-06-18 01:55:00,85.8,29.888888888888886
2024-06-18 02:55:00,80.8,27.111111111111107
2024-06-18 03:55:00,80.8,27.111111111111107
2024-06-18 04:55:00,79.9,26.611111111111114
2024-06-18 05:55:00,77.9,25.500000000000004
2024-06-18 06:55:00,79.7,26.5
2024-06-18 07:55:00,74.8,23.777777777777775
2024-06-18 08:55:00,70.9,21.611111111111114
2024-06-18 09:55:00,74.3,23.499999999999996
2024-06-18 10:55:00,66.6,19.222222222222218
2024-06-18 11:55:00,60.4,15.777777777777777
2024-06-18 12:01:00,60.8,15.999999999999998
2024-06-18 12:55:00,63.1,17.27777777777778
2024-06-18 13:55:00,61.3,16.277777777777775
2024-06-18 14:55:00,63.5,17.5
2024-06-18 15:55:00,67.1,19.499999999999996
2024-06-18 16:55:00,71.1,21.722222222222218
2024-06-18 17:55:00,70.3,21.277777777777775
2024-06-18 18:55:00,71.6,21.999999999999996
2024-06-18 19:55:00,74.7,23.722222222222225
2024-06-18 20:05:00,75.2,24.0
2024-06-18 20:55:00,76.6,24.777777777777775
2024-06-18 21:17:00,75.2,24.0
2024-06-18 21:55:00,75.9,24.388888888888893
2024-06-18 22:55:00,76.6,24.777777777777775
2024-06-18 23:55:00,76.1,24.499999999999996
2024-06-19 00:55:00,74.8,23.777777777777775
2024-06-19 01:55:00,71.2,21.77777777777778
2024-06-19 02:55:00,64.6,18.111111111111107
2024-06-19 03:55:00,62.4,16.88888888888889
2024-06-19 04:55:00,57.7,14.277777777777779
2024-06-19 05:55:00,57.2,14.000000000000002
2024-06-19 06:55:00,59.5,15.277777777777777
2024-06-19 07:55:00,58.3,14.611111111111109
2024-06-19 08:55:00,59.0,15.0
2024-06-19 09:55:00,58.6,14.777777777777779
2024-06-19 10:55:00,57.9,14.388888888888888
2024-06-19 11:55:00,57.9,14.388888888888888
2024-06-19 12:55:00,55.4,12.999999999999998
2024-06-19 12:56:00,55.4,12.999999999999998
2024-06-19 12:58:00,55.4,12.999999999999998
2024-06-19 13:13:00,53.6,12.0
2024-06-19 13:55:00,51.8,10.999999999999998
2024-06-19 14:25:00,51.8,10.999999999999998
2024-06-19 14:40:00,51.8,10.999999999999998
2024-06-19 14:49:00,51.8,10.999999999999998
2024-06-19 14:55:00,52.3,11.277777777777777
2024-06-19 15:10:00,53.6,12.0
2024-06-19 15:18:00,53.6,12.0
2024-06-19 15:33:00,53.6,12.0
2024-06-19 15:55:00,50.9,10.499999999999998
2024-06-19 16:10:00,51.8,10.999999999999998
2024-06-19 16:36:00,51.8,10.999999999999998
2024-06-19 16:55:00,52.5,11.38888888888889
2024-06-19 17:10:00,53.6,12.0
2024-06-19 17:35:00,53.6,12.0
2024-06-19 17:45:00,51.8,10.999999999999998
2024-06-19 17:55:00,52.2,11.222222222222223
2024-06-19 18:10:00,51.8,10.999999999999998
2024-06-19 18:40:00,53.6,12.0
2024-06-19 18:55:00,53.8,12.111111111111109
2024-06-19 19:25:00,55.4,12.999999999999998
2024-06-19 19:40:00,55.4,12.999999999999998
2024-06-19 19:55:00,55.0,12.777777777777777
2024-06-19 20:25:00,55.4,12.999999999999998
2024-06-19 20:40:00,55.4,12.999999999999998
2024-06-19 20:55:00,56.8,13.777777777777775
2024-06-19 21:40:00,55.4,12.999999999999998
2024-06-19 21:55:00,56.8,13.777777777777775
2024-06-19 22:15:00,55.4,12.999999999999998
2024-06-19 22:24:00,55.4,12.999999999999998
2024-06-19 22:39:00,55.4,12.999999999999998
2024-06-19 22:48:00,55.4,12.999999999999998
2024-06-19 22:55:00,55.6,13.11111111111111
2024-06-19 23:10:00,57.2,14.000000000000002
2024-06-19 23:43:00,55.4,12.999999999999998
2024-06-19 23:55:00,54.9,12.722222222222221
2024-06-20 00:00:00,55.4,12.999999999999998
2024-06-20 00:04:00,55.4,12.999999999999998
2024-06-20 00:14:00,55.4,12.999999999999998
2024-06-20 00:53:00,55.4,12.999999999999998
2024-06-20 00:55:00,54.7,12.611111111111112
2024-06-20 01:10:00,55.4,12.999999999999998
2024-06-20 01:40:00,55.4,12.999999999999998
2024-06-20 01:41:00,55.4,12.999999999999998
2024-06-20 01:55:00,54.9,12.722222222222221
2024-06-20 02:10:00,55.4,12.999999999999998
2024-06-20 02:55:00,55.8,13.22222222222222
2024-06-20 03:10:00,55.4,12.999999999999998
2024-06-20 03:54:00,57.2,14.000000000000002
2024-06-20 03:55:00,56.5,13.61111111111111
2024-06-20 04:06:00,57.2,14.000000000000002
2024-06-20 04:21:00,57.2,14.000000000000002
2024-06-20 04:55:00,56.8,13.777777777777775
2024-06-20 05:10:00,57.2,14.000000000000002
2024-06-20 05:25:00,57.2,14.000000000000002
2024-06-20 05:28:00,57.2,14.000000000000002
2024-06-20 05:55:00,59.2,15.111111111111112
2024-06-20 06:25:00,59.0,15.0
2024-06-20 06:36:00,59.0,15.0
2024-06-20 06:54:00,59.0,15.0
2024-06-20 06:55:00,59.0,15.0
2024-06-20 07:10:00,59.0,15.0
2024-06-20 07:12:00,59.0,15.0
2024-06-20 07:34:00,59.0,15.0
2024-06-20 07:52:00,59.0,15.0
2024-06-20 08:14:00,59.0,15.0
2024-06-20 08:43:00,57.2,14.000000000000002
2024-06-20 09:18:00,59.0,15.0
2024-06-20 09:20:00,59.0,15.0
2024-06-20 09:30:00,59.0,15.0
2024-06-20 09:50:00,57.2,14.000000000000002
2024-06-20 10:22:00,57.2,14.000000000000002
2024-06-20 10:39:00,57.2,14.000000000000002
2024-06-20 10:57:00,57.2,14.000000000000002
2024-06-20 11:55:00,55.9,13.277777777777777
2024-06-20 12:55:00,56.3,13.499999999999998
2024-06-20 13:55:00,59.7,15.38888888888889
2024-06-20 14:55:00,65.3,18.499999999999996
2024-06-20 16:55:00,68.7,20.38888888888889
2024-06-20 17:55:00,72.0,22.22222222222222
2024-06-20 18:55:00,76.8,24.888888888888886
2024-06-20 19:55:00,80.4,26.888888888888893
2024-06-20 20:55:00,79.9,26.611111111111114
2024-06-20 21:55:00,81.3,27.388888888888886
2024-06-20 22:55:00,79.3,26.277777777777775
2024-06-20 23:55:00,83.3,28.499999999999996
2024-06-21 00:55:00,81.7,27.61111111111111
2024-06-21 01:55:00,76.3,24.611111111111107
2024-06-21 02:55:00,75.0,23.88888888888889
2024-06-21 03:55:00,74.7,23.722222222222225
2024-06-21 04:55:00,74.1,23.388888888888886
2024-06-21 05:11:00,69.8,20.999999999999996
2024-06-21 05:55:00,62.8,17.11111111111111
2024-06-21 06:55:00,67.1,19.499999999999996
2024-06-21 07:55:00,65.3,18.499999999999996
2024-06-21 08:55:00,62.1,16.72222222222222
2024-06-21 09:55:00,64.4,18.000000000000004
2024-06-21 10:55:00,60.1,15.61111111111111
2024-06-21 11:55:00,72.9,22.722222222222225
2024-06-21 12:55:00,70.3,21.277777777777775
2024-06-21 13:55:00,70.5,21.38888888888889
2024-06-21 14:55:00,73.6,23.111111111111107
2024-06-21 15:30:00,75.2,24.0
2024-06-21 15:55:00,77.5,25.27777777777778
2024-06-21 16:55:00,80.1,26.722222222222218
2024-06-21 17:55:00,83.1,28.388888888888886
2024-06-21 18:55:00,85.8,29.888888888888886
2024-06-21 19:45:00,89.6,31.999999999999996
2024-06-21 19:55:00,89.2,31.77777777777778
2024-06-21 19:59:00,91.4,33.0
2024-06-21 20:20:00,91.4,33.0
2024-06-21 20:55:00,82.8,28.22222222222222
2024-06-21 21:55:00,88.0,31.11111111111111
2024-06-21 22:55:00,85.8,29.888888888888886
2024-06-21 23:20:00,86.0,30.0
2024-06-21 23:55:00,84.2,29.0
2024-06-22 00:55:00,81.9,27.722222222222225
2024-06-22 01:55:00,77.9,25.500000000000004
2024-06-22 02:55:00,76.3,24.611111111111107
2024-06-22 03:55:00,76.5,24.72222222222222
2024-06-22 04:10:00,77.0,25.0
2024-06-22 04:55:00,76.6,24.777777777777775
2024-06-22 05:55:00,73.0,22.77777777777778
2024-06-22 06:55:00,73.6,23.111111111111107
2024-06-22 07:55:00,64.4,18.000000000000004
2024-06-22 08:55:00,66.2,19.0
2024-06-22 09:55:00,62.8,17.11111111111111
2024-06-22 10:55:00,65.1,18.388888888888886
2024-06-22 11:55:00,61.5,16.38888888888889
2024-06-22 12:55:00,61.7,16.5
2024-06-22 13:55:00,64.9,18.277777777777782
2024-06-22 14:55:00,70.0,21.11111111111111
2024-06-22 15:55:00,72.1,22.277777777777775
2024-06-22 16:55:00,72.9,22.722222222222225
2024-06-22 17:55:00,76.3,24.611111111111107
2024-06-22 18:55:00,80.2,26.77777777777778
2024-06-22 19:55:00,81.7,27.61111111111111
2024-06-22 20:55:00,83.1,28.388888888888886
2024-06-22 21:55:00,84.7,29.27777777777778
2024-06-22 22:55:00,84.6,29.222222222222218
2024-06-22 23:55:00,86.0,30.0
2024-06-23 00:55:00,83.5,28.61111111111111
2024-06-23 01:49:00,77.0,25.0
2024-06-23 01:55:00,75.6,24.222222222222218
2024-06-23 02:02:00,75.2,24.0
2024-06-23 02:13:00,73.4,23.000000000000004
2024-06-23 02:55:00,71.8,22.11111111111111
2024-06-23 03:55:00,67.5,19.72222222222222
2024-06-23 04:55:00,66.6,19.222222222222218
2024-06-23 05:55:00,65.7,18.722222222222225
2024-06-23 06:10:00,66.2,19.0
2024-06-23 06:25:00,64.4,18.000000000000004
2024-06-23 06:40:00,64.4,18.000000000000004
2024-06-23 06:55:00,63.9,17.72222222222222
2024-06-23 07:55:00,60.6,15.88888888888889
2024-06-23 08:55:00,57.2,14.000000000000002
2024-06-23 09:55:00,64.0,17.77777777777778
2024-06-23 10:55:00,61.9,16.61111111111111
2024-06-23 11:55:00,60.1,15.61111111111111
2024-06-23 12:55:00,67.5,19.72222222222222
2024-06-23 13:55:00,74.8,23.777777777777775
2024-06-23 14:55:00,81.1,27.277777777777775
2024-06-23 15:55:00,86.5,30.27777777777778
2024-06-23 16:14:00,87.8,30.999999999999996
2024-06-23 16:55:00,88.3,31.277777777777775
2024-06-23 17:34:00,89.6,31.999999999999996
2024-06-23 17:55:00,89.6,31.999999999999996
2024-06-23 18:55:00,90.3,32.388888888888886
2024-06-23 19:55:00,91.2,32.88888888888889
2024-06-23 20:22:00,93.2,34.0
2024-06-23 20:55:00,91.9,33.27777777777778
2024-06-23 21:55:00,93.0,33.888888888888886
2024-06-23 22:55:00,92.1,33.388888888888886
2024-06-23 23:55:00,92.8,33.77777777777778
2024-06-24 00:55:00,88.2,31.22222222222222
2024-06-24 01:55:00,86.4,30.222222222222225
2024-06-24 02:55:00,83.3,28.499999999999996
2024-06-24 03:55:00,80.8,27.111111111111107
2024-06-24 04:55:00,76.5,24.72222222222222
2024-06-24 05:55:00,70.3,21.277777777777775
2024-06-24 06:55:00,64.6,18.111111111111107
2024-06-24 07:55:00,66.9,19.388888888888893
2024-06-24 08:55:00,71.1,21.722222222222218
2024-06-24 09:55:00,65.7,18.722222222222225
2024-06-24 10:55:00,67.5,19.72222222222222
2024-06-24 11:55:00,69.1,20.611111111111107
2024-06-24 12:55:00,75.7,24.27777777777778
2024-06-24 13:55:00,81.9,27.722222222222225
2024-06-24 14:55:00,86.4,30.222222222222225
2024-06-24 15:55:00,90.3,32.388888888888886
2024-06-24 16:55:00,90.5,32.5
2024-06-24 17:55:00,93.7,34.27777777777778
2024-06-24 18:55:00,93.2,34.0
2024-06-24 19:55:00,92.5,33.61111111111111
2024-06-24 20:55:00,85.8,29.888888888888886
2024-06-24 21:55:00,88.0,31.11111111111111
2024-06-24 22:50:00,89.6,31.999999999999996
2024-06-24 22:55:00,90.5,32.5
2024-06-24 23:55:00,89.4,31.888888888888893
2024-06-25 00:40:00,82.4,28.000000000000004
2024-06-25 00:55:00,82.2,27.88888888888889
2024-06-25 01:11:00,82.4,28.000000000000004
2024-06-25 01:55:00,79.0,26.11111111111111
2024-06-25 02:55:00,81.3,27.388888888888886
2024-06-25 03:55:00,77.4,25.222222222222225
2024-06-25 04:55:00,76.8,24.888888888888886
2024-06-25 05:55:00,66.9,19.388888888888893
2024-06-25 06:55:00,69.8,20.999999999999996
2024-06-25 07:55:00,68.9,20.500000000000004
2024-06-25 08:55:00,67.8,19.888888888888886
2024-06-25 09:55:00,70.7,21.5
2024-06-25 10:55:00,66.2,19.0
2024-06-25 11:55:00,69.1,20.611111111111107
2024-06-25 12:55:00,69.1,20.611111111111107
2024-06-25 13:55:00,80.4,26.888888888888893
2024-06-25 14:55:00,84.2,29.0
2024-06-25 15:55:00,90.0,32.22222222222222
2024-06-25 16:55:00,91.4,33.0
2024-06-25 17:07:00,93.2,34.0
2024-06-25 17:14:00,93.2,34.0
2024-06-25 17:55:00,93.0,33.888888888888886
2024-06-25 18:55:00,93.7,34.27777777777778
2024-06-25 19:55:00,93.4,34.111111111111114
2024-06-25 20:55:00,94.8,34.888888888888886
2024-06-25 21:55:00,95.5,35.27777777777778
2024-06-25 22:14:00,95.0,35.0
2024-06-25 22:55:00,95.9,35.5
2024-06-25 23:55:00,94.6,34.77777777777777
2024-06-26 00:55:00,90.5,32.5
2024-06-26 01:55:00,85.6,29.777777777777775
2024-06-26 02:22:00,86.0,30.0
2024-06-26 02:55:00,81.3,27.388888888888886
2024-06-26 03:55:00,77.2,25.11111111111111
2024-06-26 04:55:00,75.2,24.0
2024-06-26 05:55:00,72.1,22.277777777777775
2024-06-26 06:55:00,71.4,21.888888888888893
2024-06-26 07:55:00,70.3,21.277777777777775
2024-06-26 08:55:00,78.6,25.888888888888886
2024-06-26 09:55:00,75.4,24.111111111111114
2024-06-26 10:55:00,67.1,19.499999999999996
2024-06-26 11:55:00,68.4,20.222222222222225
2024-06-26 12:55:00,70.3,21.277777777777775
2024-06-26 13:55:00,80.1,26.722222222222218
2024-06-26 14:55:00,84.7,29.27777777777778
2024-06-26 15:42:00,84.2,29.0
2024-06-26 15:55:00,82.9,28.27777777777778
2024-06-26 16:55:00,83.7,28.72222222222222
2024-06-26 17:55:00,84.6,29.222222222222218
2024-06-26 18:55:00,86.2,30.11111111111111
2024-06-26 19:55:00,88.3,31.277777777777775
2024-06-26 20:24:00,89.6,31.999999999999996
2024-06-26 20:55:00,87.6,30.888888888888886
2024-06-26 21:14:00,87.8,30.999999999999996
2024-06-26 22:05:00,87.8,30.999999999999996
2024-06-26 22:55:00,85.5,29.72222222222222
2024-06-26 23:55:00,84.2,29.0
2024-06-27 00:55:00,83.1,28.388888888888886
2024-06-27 01:55:00,81.3,27.388888888888886
2024-06-27 02:07:00,80.6,26.999999999999996
2024-06-27 02:55:00,74.1,23.388888888888886
2024-06-27 03:55:00,74.7,23.722222222222225
2024-06-27 04:19:00,73.4,23.000000000000004
2024-06-27 04:55:00,73.0,22.77777777777778
2024-06-27 05:14:00,68.0,20.0
2024-06-27 05:26:00,68.0,20.0
2024-06-27 05:40:00,68.0,20.0
2024-06-27 05:55:00,66.0,18.88888888888889
2024-06-27 06:55:00,69.1,20.611111111111107
2024-06-27 07:55:00,66.6,19.222222222222218
2024-06-27 08:55:00,67.3,19.61111111111111
2024-06-27 09:55:00,68.4,20.222222222222225
2024-06-27 10:55:00,65.3,18.499999999999996
2024-06-27 11:55:00,68.5,20.27777777777778
2024-06-27 12:55:00,66.6,19.222222222222218
2024-06-27 13:55:00,70.3,21.277777777777775
2024-06-27 14:55:00,71.8,22.11111111111111
2024-06-27 15:55:00,79.0,26.11111111111111
2024-06-27 16:55:00,80.4,26.888888888888893
2024-06-27 17:35:00,86.0,30.0
2024-06-27 17:55:00,86.0,30.0
2024-06-27 18:07:00,86.0,30.0
2024-06-27 18:08:00,86.0,30.0
2024-06-27 18:55:00,86.5,30.27777777777778
2024-06-27 19:55:00,86.0,30.0
2024-06-27 20:55:00,87.6,30.888888888888886
2024-06-27 21:55:00,89.2,31.77777777777778
2024-06-27 22:55:00,89.4,31.888888888888893
2024-06-27 23:55:00,88.0,31.11111111111111
2024-06-28 00:55:00,85.3,29.611111111111107
2024-06-28 01:55:00,84.9,29.388888888888893
2024-06-28 02:55:00,82.2,27.88888888888889
2024-06-28 03:55:00,75.9,24.388888888888893
2024-06-28 04:55:00,74.3,23.499999999999996
2024-06-28 05:55:00,67.6,19.777777777777775
2024-06-28 06:55:00,66.4,19.111111111111114
2024-06-28 07:55:00,66.6,19.222222222222218
2024-06-28 08:55:00,66.9,19.388888888888893
2024-06-28 09:55:00,69.8,20.999999999999996
2024-06-28 10:55:00,68.9,20.500000000000004
2024-06-28 11:55:00,65.7,18.722222222222225
2024-06-28 12:55:00,68.7,20.38888888888889
2024-06-28 13:55:00,77.4,25.222222222222225
2024-06-28 14:55:00,80.4,26.888888888888893
2024-06-28 15:55:00,82.6,28.111111111111107
2024-06-28 16:55:00,85.5,29.72222222222222
2024-06-28 17:55:00,87.8,30.999999999999996
2024-06-28 18:55:00,89.6,31.999999999999996
2024-06-28 19:55:00,88.5,31.38888888888889
2024-06-28 20:55:00,92.3,33.5
2024-06-28 21:55:00,92.5,33.61111111111111
2024-06-28 22:03:00,93.2,34.0
2024-06-28 22:05:00,93.2,34.0
2024-06-28 22:55:00,90.3,32.388888888888886
2024-06-28 23:55:00,90.1,32.27777777777777
2024-06-29 00:55:00,87.8,30.999999999999996
2024-06-29 01:55:00,82.8,28.22222222222222
2024-06-29 02:55:00,79.3,26.277777777777775
2024-06-29 03:55:00,77.9,25.500000000000004
2024-06-29 04:55:00,72.7,22.61111111111111
2024-06-29 05:55:00,73.0,22.77777777777778
2024-06-29 06:55:00,70.7,21.5
2024-06-29 07:55:00,66.6,19.222222222222218
2024-06-29 08:55:00,67.8,19.888888888888886
2024-06-29 09:55:00,66.2,19.0
2024-06-29 10:55:00,63.5,17.5
2024-06-29 11:55:00,62.1,16.72222222222222
2024-06-29 12:55:00,61.7,16.5
2024-06-29 13:55:00,63.1,17.27777777777778
2024-06-29 14:55:00,65.8,18.777777777777775
2024-06-29 15:55:00,70.7,21.5
2024-06-29 16:55:00,72.3,22.388888888888886
2024-06-29 17:55:00,77.5,25.27777777777778
2024-06-29 18:55:00,79.7,26.5
2024-06-29 19:06:00,80.6,26.999999999999996
2024-06-29 19:55:00,81.3,27.388888888888886
2024-06-29 20:05:00,80.6,26.999999999999996
2024-06-29 20:26:00,80.6,26.999999999999996
2024-06-29 20:55:00,81.3,27.388888888888886
2024-06-29 21:55:00,82.4,28.000000000000004
2024-06-29 22:55:00,81.3,27.388888888888886
2024-06-29 23:55:00,80.6,26.999999999999996
2024-06-30 00:55:00,78.1,25.611111111111107
2024-06-30 01:23:00,77.0,25.0
2024-06-30 01:50:00,75.2,24.0
2024-06-30 01:55:00,75.0,23.88888888888889
2024-06-30 02:03:00,73.4,23.000000000000004
2024-06-30 02:19:00,71.6,21.999999999999996
2024-06-30 02:55:00,69.8,20.999999999999996
2024-06-30 03:05:00,66.2,19.0
2024-06-30 03:32:00,64.4,18.000000000000004
2024-06-30 03:55:00,62.6,17.0
2024-06-30 04:11:00,62.6,17.0
2024-06-30 04:34:00,62.6,17.0
2024-06-30 04:48:00,62.6,17.0
2024-06-30 04:55:00,63.7,17.61111111111111
2024-06-30 05:55:00,64.4,18.000000000000004
2024-06-30 06:55:00,64.4,18.000000000000004
2024-06-30 07:55:00,64.6,18.111111111111107
2024-06-30 08:10:00,64.4,18.000000000000004
2024-06-30 08:55:00,63.7,17.61111111111111
2024-06-30 09:10:00,62.6,17.0
2024-06-30 09:25:00,62.6,17.0
2024-06-30 09:40:00,62.6,17.0
2024-06-30 09:55:00,61.9,16.61111111111111
2024-06-30 10:25:00,60.8,15.999999999999998
2024-06-30 10:55:00,62.2,16.77777777777778
2024-06-30 11:55:00,62.1,16.72222222222222
2024-06-30 12:10:00,60.8,15.999999999999998
2024-06-30 12:25:00,62.6,17.0
2024-06-30 12:40:00,64.4,18.000000000000004
2024-06-30 12:55:00,62.4,16.88888888888889
2024-06-30 13:25:00,62.6,17.0
2024-06-30 13:53:00,62.6,17.0
2024-06-30 13:55:00,62.6,17.0
2024-06-30 14:40:00,62.6,17.0
2024-06-30 14:55:00,66.2,19.0
2024-06-30 15:10:00,66.2,19.0
2024-06-30 15:25:00,66.2,19.0
2024-06-30 15:40:00,68.0,20.0
2024-06-30 15:55:00,70.0,21.11111111111111
2024-06-30 16:10:00,69.8,20.999999999999996
2024-06-30 16:25:00,71.6,21.999999999999996
2024-06-30 16:55:00,76.5,24.72222222222222
2024-06-30 17:55:00,81.3,27.388888888888886
2024-06-30 18:55:00,83.5,28.61111111111111
2024-06-30 19:55:00,85.5,29.72222222222222
2024-06-30 20:55:00,84.7,29.27777777777778
2024-06-30 21:24:00,86.0,30.0
2024-06-30 21:26:00,86.0,30.0
2024-06-30 21:55:00,87.8,30.999999999999996
2024-06-30 22:47:00,89.6,31.999999999999996
2024-06-30 22:55:00,89.4,31.888888888888893
2024-06-30 23:55:00,90.0,32.22222222222222
2024-07-01 00:01:00,91.4,33.0
2024-07-01 00:03:00,91.4,33.0
2024-07-01 00:04:00,91.4,33.0
2024-07-01 00:55:00,76.5,24.72222222222222
2024-07-01 01:55:00,74.3,23.499999999999996
2024-07-01 02:55:00,72.5,22.5
2024-07-01 03:55:00,68.9,20.500000000000004
2024-07-01 04:36:00,73.4,23.000000000000004
2024-07-01 04:46:00,75.2,24.0
2024-07-01 04:55:00,73.4,23.000000000000004
2024-07-01 05:06:00,69.8,20.999999999999996
2024-07-01 05:12:00,69.8,20.999999999999996
2024-07-01 05:15:00,68.0,20.0
2024-07-01 05:17:00,68.0,20.0
2024-07-01 05:25:00,69.8,20.999999999999996
2024-07-01 05:31:00,66.2,19.0
2024-07-01 05:57:00,66.2,19.0
2024-07-01 06:12:00,66.2,19.0
2024-07-01 06:24:00,66.2,19.0
2024-07-01 06:44:00,66.2,19.0
2024-07-01 06:55:00,65.7,18.722222222222225
2024-07-01 07:33:00,64.4,18.000000000000004
2024-07-01 07:44:00,64.4,18.000000000000004
2024-07-01 07:55:00,63.1,17.27777777777778
2024-07-01 08:55:00,62.1,16.72222222222222
2024-07-01 09:55:00,62.1,16.72222222222222
2024-07-01 10:55:00,68.2,20.11111111111111
2024-07-01 11:55:00,61.0,16.11111111111111
2024-07-01 12:55:00,61.7,16.5
2024-07-01 13:55:00,66.0,18.88888888888889
2024-07-01 14:55:00,71.1,21.722222222222218
2024-07-01 15:55:00,79.7,26.5
2024-07-01 16:55:00,84.0,28.88888888888889
2024-07-01 17:55:00,86.2,30.11111111111111
2024-07-01 18:55:00,88.2,31.22222222222222
2024-07-02 18:49:00,86.0,30.0
2024-07-02 18:55:00,85.6,29.777777777777775
2024-07-02 19:05:00,86.0,30.0
2024-07-02 19:29:00,86.0,30.0
2024-07-02 19:55:00,86.2,30.11111111111111
2024-07-02 20:17:00,86.0,30.0
2024-07-02 20:55:00,87.8,30.999999999999996
2024-07-02 21:05:00,87.8,30.999999999999996
2024-07-02 21:55:00,86.7,30.38888888888889
2024-07-02 22:55:00,79.7,26.5
2024-07-02 23:55:00,81.0,27.22222222222222
2024-07-03 00:55:00,77.0,25.0
2024-07-03 01:55:00,75.0,23.88888888888889
2024-07-03 02:55:00,73.0,22.77777777777778
2024-07-03 03:55:00,70.9,21.611111111111114
2024-07-03 04:55:00,75.6,24.222222222222218
2024-07-03 05:55:00,71.6,21.999999999999996
2024-07-03 06:55:00,70.2,21.222222222222225
2024-07-03 07:55:00,67.5,19.72222222222222
2024-07-03 08:55:00,61.3,16.277777777777775
2024-07-03 09:55:00,63.5,17.5
2024-07-03 10:55:00,59.2,15.111111111111112
2024-07-03 11:55:00,59.5,15.277777777777777
2024-07-03 12:10:00,60.8,15.999999999999998
2024-07-03 12:25:00,62.6,17.0
2024-07-03 12:55:00,64.6,18.111111111111107
2024-07-03 13:40:00,60.8,15.999999999999998
2024-07-03 13:58:00,63.1,17.27777777777778
2024-07-03 14:10:00,64.4,18.000000000000004
2024-07-03 14:48:00,65.5,18.61111111111111
2024-07-03 14:53:00,65.8,18.777777777777775
2024-07-03 14:54:00,65.8,18.777777777777775
2024-07-03 14:55:00,66.2,19.0
2024-07-03 15:40:00,66.2,19.0
2024-07-03 15:55:00,66.7,19.27777777777778
2024-07-03 16:55:00,74.5,23.61111111111111
2024-07-03 17:55:00,74.5,23.61111111111111
2024-07-03 18:55:00,80.6,26.999999999999996
2024-07-03 19:55:00,82.2,27.88888888888889
2024-07-03 20:48:00,84.2,29.0
2024-07-03 20:55:00,84.9,29.388888888888893
2024-07-03 21:55:00,88.3,31.277777777777775
2024-07-03 22:55:00,87.4,30.77777777777778
2024-07-03 23:07:00,86.0,30.0
2024-07-03 23:24:00,87.8,30.999999999999996
2024-07-03 23:55:00,87.4,30.77777777777778
2024-07-04 00:55:00,87.1,30.611111111111107
2024-07-04 01:55:00,76.3,24.611111111111107
2024-07-04 02:55:00,70.9,21.611111111111114
2024-07-04 03:55:00,70.7,21.5
2024-07-04 04:55:00,65.3,18.499999999999996
2024-07-04 05:55:00,65.1,18.388888888888886
2024-07-04 06:55:00,63.0,17.22222222222222
2024-07-04 07:55:00,61.2,16.222222222222225
2024-07-04 08:55:00,58.8,14.888888888888888
2024-07-04 09:55:00,59.5,15.277777777777777
2024-07-04 10:55:00,58.6,14.777777777777779
2024-07-04 11:55:00,55.6,13.11111111111111
2024-07-04 12:55:00,60.8,15.999999999999998
2024-07-04 13:55:00,63.5,17.5
2024-07-04 14:55:00,63.0,17.22222222222222
2024-07-04 15:55:00,70.7,21.5
2024-07-04 16:55:00,71.2,21.77777777777778
2024-07-04 17:21:00,73.4,23.000000000000004
2024-07-04 17:55:00,73.2,22.88888888888889
2024-07-04 18:08:00,75.2,24.0
2024-07-04 18:55:00,75.9,24.388888888888893
2024-07-04 19:01:00,75.2,24.0
2024-07-04 19:55:00,77.7,25.38888888888889
2024-07-04 20:55:00,79.3,26.277777777777775
2024-07-04 21:55:00,80.1,26.722222222222218
2024-07-04 22:55:00,80.4,26.888888888888893
2024-07-04 23:55:00,79.7,26.5
2024-07-05 00:55:00,78.1,25.611111111111107
2024-07-05 01:55:00,73.6,23.111111111111107
2024-07-05 02:55:00,69.6,20.888888888888886
2024-07-05 03:55:00,64.4,18.000000000000004
2024-07-05 04:55:00,64.4,18.000000000000004
2024-07-05 05:55:00,68.9,20.500000000000004
2024-07-05 06:55:00,65.5,18.61111111111111
2024-07-05 07:55:00,61.7,16.5
2024-07-05 08:55:00,59.0,15.0
2024-07-05 09:55:00,58.3,14.611111111111109
2024-07-05 10:55:00,53.8,12.111111111111109
2024-07-05 11:55:00,56.8,13.777777777777775
2024-07-05 12:55:00,61.9,16.61111111111111
2024-07-05 13:55:00,64.8,18.22222222222222
2024-07-05 14:55:00,64.6,18.111111111111107
2024-07-05 15:55:00,66.6,19.222222222222218
2024-07-05 16:55:00,70.2,21.222222222222225
2024-07-05 16:57:00,71.6,21.999999999999996
2024-07-05 17:44:00,73.4,23.000000000000004
2024-07-05 17:55:00,73.0,22.77777777777778
2024-07-05 18:55:00,74.8,23.777777777777775
2024-07-05 19:55:00,74.5,23.61111111111111
2024-07-05 20:55:00,75.0,23.88888888888889
2024-07-05 21:30:00,73.4,23.000000000000004
2024-07-05 21:55:00,73.0,22.77777777777778
2024-07-05 22:01:00,75.2,24.0
2024-07-05 22:55:00,74.7,23.722222222222225
2024-07-05 23:55:00,75.9,24.388888888888893
2024-07-06 00:55:00,75.9,24.388888888888893
2024-07-06 01:55:00,72.0,22.22222222222222
2024-07-06 02:55:00,68.9,20.500000000000004
2024-07-06 03:55:00,64.8,18.22222222222222
2024-07-06 04:55:00,65.7,18.722222222222225
2024-07-06 05:55:00,63.1,17.27777777777778
2024-07-06 06:55:00,62.1,16.72222222222222
2024-07-06 07:55:00,62.4,16.88888888888889
2024-07-06 08:55:00,55.8,13.22222222222222
2024-07-06 09:55:00,56.7,13.722222222222223
2024-07-06 10:55:00,53.4,11.888888888888888
2024-07-06 11:55:00,52.5,11.38888888888889
2024-07-06 12:55:00,58.6,14.777777777777779
2024-07-06 13:55:00,66.4,19.111111111111114
2024-07-06 14:55:00,68.9,20.500000000000004
2024-07-06 15:55:00,77.2,25.11111111111111
2024-07-06 16:55:00,80.6,26.999999999999996
2024-07-06 17:55:00,84.9,29.388888888888893
2024-07-06 18:55:00,87.6,30.888888888888886
2024-07-06 19:55:00,87.1,30.611111111111107
2024-07-06 20:55:00,88.9,31.611111111111114
2024-07-06 21:55:00,89.2,31.77777777777778
2024-07-06 22:55:00,88.9,31.611111111111114
2024-07-06 23:55:00,84.6,29.222222222222218
2024-07-07 00:55:00,83.5,28.61111111111111
2024-07-07 01:50:00,84.2,29.0
2024-07-07 01:51:00,84.2,29.0
2024-07-07 01:54:00,84.2,29.0
2024-07-07 01:55:00,84.4,29.111111111111114
2024-07-07 02:55:00,75.6,24.222222222222218
2024-07-07 03:55:00,73.6,23.111111111111107
2024-07-07 04:55:00,71.1,21.722222222222218
2024-07-07 05:55:00,63.1,17.27777777777778
2024-07-07 06:55:00,69.4,20.777777777777782
2024-07-07 07:55:00,61.9,16.61111111111111
2024-07-07 08:55:00,58.3,14.611111111111109
2024-07-07 09:55:00,61.7,16.5
2024-07-07 10:55:00,61.0,16.11111111111111
2024-07-07 11:55:00,59.2,15.111111111111112
2024-07-07 12:55:00,61.2,16.222222222222225
2024-07-07 13:55:00,62.4,16.88888888888889
2024-07-07 14:55:00,66.9,19.388888888888893
2024-07-07 15:55:00,73.8,23.22222222222222
2024-07-07 16:55:00,72.1,22.277777777777775
2024-07-07 17:55:00,75.9,24.388888888888893
2024-07-07 18:55:00,75.2,24.0
2024-07-07 19:55:00,76.8,24.888888888888886
2024-07-07 20:55:00,74.8,23.777777777777775
2024-07-07 20:56:00,75.2,24.0
2024-07-07 21:03:00,66.2,19.0
2024-07-07 21:10:00,59.0,15.0
2024-07-07 21:11:00,59.0,15.0
2024-07-07 21:12:00,59.0,15.0
2024-07-07 21:19:00,59.0,15.0
2024-07-07 21:25:00,60.8,15.999999999999998
2024-07-07 21:40:00,66.2,19.0
2024-07-07 21:55:00,68.0,20.0
2024-07-07 22:11:00,62.6,17.0
2024-07-07 22:20:00,62.6,17.0
2024-07-07 22:25:00,62.6,17.0
2024-07-07 22:34:00,64.4,18.000000000000004
2024-07-07 22:47:00,64.4,18.000000000000004
2024-07-07 22:55:00,65.5,18.61111111111111
2024-07-07 23:13:00,64.4,18.000000000000004
2024-07-07 23:32:00,64.4,18.000000000000004
2024-07-07 23:46:00,62.6,17.0
2024-07-07 23:55:00,63.3,17.388888888888886
2024-07-08 00:05:00,64.4,18.000000000000004
2024-07-08 00:19:00,62.6,17.0
2024-07-08 00:27:00,59.0,15.0
2024-07-08 00:28:00,59.0,15.0
2024-07-08 00:29:00,59.0,15.0
2024-07-08 00:37:00,62.6,17.0
2024-07-08 00:54:00,60.8,15.999999999999998
2024-07-08 00:55:00,59.9,15.499999999999998
2024-07-08 01:03:00,57.2,14.000000000000002
2024-07-08 01:18:00,59.0,15.0
2024-07-08 01:55:00,60.8,15.999999999999998
2024-07-08 02:55:00,58.8,14.888888888888888
2024-07-08 03:55:00,60.3,15.72222222222222
2024-07-08 04:29:00,59.0,15.0
2024-07-08 04:39:00,53.6,12.0
2024-07-08 04:42:00,53.6,12.0
2024-07-08 04:55:00,58.6,14.777777777777779
2024-07-08 04:56:00,59.0,15.0
2024-07-08 04:59:00,59.0,15.0
2024-07-08 05:17:00,59.0,15.0
2024-07-08 05:32:00,55.4,12.999999999999998
2024-07-08 05:55:00,54.7,12.611111111111112
2024-07-08 06:00:00,55.4,12.999999999999998
2024-07-08 06:14:00,55.4,12.999999999999998
2024-07-08 06:55:00,53.6,12.0
2024-07-08 07:55:00,54.7,12.611111111111112
2024-07-08 08:55:00,51.4,10.777777777777777
2024-07-08 09:55:00,52.5,11.38888888888889
2024-07-08 10:55:00,51.8,10.999999999999998
2024-07-08 11:55:00,51.6,10.88888888888889
2024-07-08 12:55:00,55.9,13.277777777777777
2024-07-08 13:55:00,59.7,15.38888888888889
2024-07-08 14:55:00,66.6,19.222222222222218
2024-07-08 15:55:00,68.0,20.0
2024-07-08 16:55:00,70.2,21.222222222222225
2024-07-08 17:55:00,71.8,22.11111111111111
2024-07-08 18:55:00,75.2,24.0
2024-07-08 19:55:00,74.8,23.777777777777775
2024-07-08 20:55:00,75.2,24.0
2024-07-08 21:23:00,77.0,25.0
2024-07-08 21:47:00,77.0,25.0
2024-07-08 21:55:00,76.5,24.72222222222222
2024-07-08 22:55:00,75.7,24.27777777777778
2024-07-08 23:01:00,77.0,25.0
2024-07-08 23:55:00,75.4,24.111111111111114
2024-07-09 00:55:00,75.0,23.88888888888889
2024-07-09 01:55:00,71.2,21.77777777777778
2024-07-09 02:55:00,69.8,20.999999999999996
2024-07-09 03:55:00,62.2,16.77777777777778
2024-07-09 04:55:00,62.8,17.11111111111111
2024-07-09 05:55:00,63.7,17.61111111111111
2024-07-09 06:55:00,60.8,15.999999999999998
2024-07-09 07:55:00,62.2,16.77777777777778
2024-07-09 08:55:00,57.4,14.11111111111111
2024-07-09 09:55:00,56.5,13.61111111111111
2024-07-09 10:55:00,56.1,13.38888888888889
2024-07-09 11:55:00,56.8,13.777777777777775
2024-07-09 12:55:00,60.3,15.72222222222222
2024-07-09 13:55:00,62.6,17.0
2024-07-09 14:55:00,70.7,21.5
2024-07-09 15:55:00,75.9,24.388888888888893
2024-07-09 15:59:00,75.2,24.0
2024-07-09 16:55:00,81.7,27.61111111111111
2024-07-09 16:58:00,82.4,28.000000000000004
2024-07-09 17:55:00,84.0,28.88888888888889
2024-07-09 18:55:00,85.5,29.72222222222222
2024-07-09 19:55:00,85.8,29.888888888888886
2024-07-09 20:17:00,87.8,30.999999999999996
2024-07-09 20:55:00,89.8,32.11111111111111
2024-07-09 21:55:00,87.4,30.77777777777778
2024-07-09 22:05:00,87.8,30.999999999999996
2024-07-09 22:26:00,84.2,29.0
2024-07-09 22:55:00,85.1,29.499999999999996
2024-07-09 23:55:00,84.2,29.0
2024-07-10 00:55:00,81.3,27.388888888888886
2024-07-10 01:55:00,79.2,26.22222222222222
2024-07-10 02:55:00,76.3,24.611111111111107
2024-07-10 03:34:00,75.2,24.0
2024-07-10 03:55:00,77.2,25.11111111111111
2024-07-10 04:55:00,70.5,21.38888888888889
2024-07-10 05:55:00,67.3,19.61111111111111
2024-07-10 06:55:00,60.8,15.999999999999998
2024-07-10 07:55:00,61.7,16.5
2024-07-10 08:55:00,61.7,16.5
2024-07-10 09:55:00,60.1,15.61111111111111
2024-07-10 10:55:00,63.3,17.388888888888886
2024-07-10 11:55:00,60.1,15.61111111111111
2024-07-10 12:55:00,64.0,17.77777777777778
2024-07-10 13:55:00,70.2,21.222222222222225
2024-07-10 14:55:00,79.9,26.611111111111114
2024-07-10 15:55:00,81.7,27.61111111111111
2024-07-10 16:55:00,83.5,28.61111111111111
2024-07-10 17:55:00,85.5,29.72222222222222
2024-07-10 18:55:00,86.2,30.11111111111111
2024-07-10 19:55:00,86.0,30.0
2024-07-10 20:55:00,88.9,31.611111111111114
2024-07-10 21:55:00,86.9,30.500000000000004
2024-07-10 22:11:00,89.6,31.999999999999996
2024-07-10 22:55:00,88.7,31.5
2024-07-10 23:55:00,84.7,29.27777777777778
2024-07-11 00:55:00,82.6,28.111111111111107
2024-07-11 01:29:00,80.6,26.999999999999996
2024-07-11 01:44:00,77.0,25.0
2024-07-11 01:55:00,80.4,26.888888888888893
2024-07-11 02:19:00,75.2,24.0
2024-07-11 02:55:00,75.2,24.0
2024-07-11 03:55:00,76.1,24.499999999999996
2024-07-11 04:55:00,69.3,20.72222222222222
2024-07-11 05:55:00,71.4,21.888888888888893
2024-07-11 06:55:00,65.3,18.499999999999996
2024-07-11 07:55:00,59.9,15.499999999999998
2024-07-11 08:55:00,60.1,15.61111111111111
2024-07-11 09:55:00,63.1,17.27777777777778
2024-07-11 10:55:00,59.0,15.0
2024-07-11 11:55:00,56.7,13.722222222222223
2024-07-11 12:55:00,63.1,17.27777777777778
2024-07-11 13:55:00,68.5,20.27777777777778
2024-07-11 14:55:00,74.5,23.61111111111111
2024-07-11 15:55:00,79.3,26.277777777777775
2024-07-11 16:55:00,83.7,28.72222222222222
2024-07-11 17:55:00,88.3,31.277777777777775
2024-07-11 18:55:00,89.6,31.999999999999996
2024-07-11 19:55:00,91.4,33.0
2024-07-11 20:13:00,93.2,34.0
2024-07-11 20:21:00,93.2,34.0
2024-07-11 20:55:00,91.4,33.0
2024-07-11 21:55:00,92.3,33.5
2024-07-11 22:55:00,92.7,33.72222222222222
2024-07-11 23:55:00,91.4,33.0
2024-07-12 00:55:00,90.7,32.611111111111114
2024-07-12 01:55:00,84.6,29.222222222222218
2024-07-12 02:55:00,81.1,27.277777777777775
2024-07-12 03:55:00,82.0,27.77777777777778
2024-07-12 04:55:00,79.0,26.11111111111111
2024-07-12 05:55:00,72.5,22.5
2024-07-12 06:55:00,67.8,19.888888888888886
2024-07-12 07:55:00,64.6,18.111111111111107
2024-07-12 08:55:00,64.6,18.111111111111107
2024-07-12 09:55:00,63.9,17.72222222222222
2024-07-12 10:55:00,66.7,19.27777777777778
2024-07-12 11:55:00,60.8,15.999999999999998
2024-07-12 12:55:00,61.9,16.61111111111111
2024-07-12 13:55:00,73.6,23.111111111111107
2024-07-12 14:55:00,78.6,25.888888888888886
2024-07-12 15:55:00,86.2,30.11111111111111
2024-07-12 16:55:00,90.0,32.22222222222222
2024-07-12 17:55:00,93.9,34.38888888888889
2024-07-12 18:55:00,95.4,35.22222222222222
2024-07-12 19:55:00,96.1,35.61111111111111
2024-07-12 20:40:00,96.8,36.0
2024-07-12 20:55:00,96.3,35.72222222222222
2024-07-12 21:55:00,96.8,36.0
2024-07-12 21:58:00,98.2,36.77777777777778
2024-07-12 22:55:00,95.7,35.38888888888889
2024-07-12 23:55:00,98.2,36.77777777777778
2024-07-13 00:55:00,96.4,35.77777777777778
2024-07-13 01:55:00,89.4,31.888888888888893
2024-07-13 02:55:00,87.4,30.77777777777778
2024-07-13 03:55:00,81.1,27.277777777777775
2024-07-13 04:55:00,74.8,23.777777777777775
2024-07-13 05:55:00,75.6,24.222222222222218
2024-07-13 06:55:00,72.3,22.388888888888886
2024-07-13 07:55:00,70.0,21.11111111111111
2024-07-13 08:55:00,71.8,22.11111111111111
2024-07-13 09:55:00,72.1,22.277777777777775
2024-07-13 10:55:00,71.1,21.722222222222218
2024-07-13 11:55:00,70.9,21.611111111111114
2024-07-13 12:55:00,76.6,24.777777777777775
2024-07-13 13:55:00,81.1,27.277777777777775
2024-07-13 14:55:00,88.5,31.38888888888889
2024-07-13 15:55:00,94.6,34.77777777777777
2024-07-13 16:37:00,96.8,36.0
2024-07-13 16:43:00,96.8,36.0
2024-07-13 16:55:00,95.9,35.5
2024-07-13 17:55:00,94.6,34.77777777777777
2024-07-13 18:55:00,99.3,37.388888888888886
2024-07-13 19:55:00,97.3,36.27777777777778
2024-07-13 20:55:00,95.7,35.38888888888889
2024-07-13 21:55:00,96.6,35.888888888888886
2024-07-13 22:55:00,97.0,36.11111111111111
2024-07-13 23:55:00,95.4,35.22222222222222
2024-07-14 00:55:00,90.9,32.72222222222222
2024-07-14 01:22:00,89.6,31.999999999999996
2024-07-14 01:33:00,89.6,31.999999999999996
2024-07-14 01:55:00,89.1,31.722222222222218
2024-07-14 02:55:00,84.7,29.27777777777778
2024-07-14 03:55:00,81.9,27.722222222222225
2024-07-14 04:55:00,81.1,27.277777777777775
2024-07-14 05:55:00,79.9,26.611111111111114
2024-07-14 06:55:00,80.2,26.77777777777778
2024-07-14 07:55:00,79.2,26.22222222222222
2024-07-14 08:55:00,79.7,26.5
2024-07-14 09:55:00,72.9,22.722222222222225
2024-07-14 10:55:00,72.1,22.277777777777775
2024-07-14 11:55:00,73.6,23.111111111111107
2024-07-14 12:55:00,70.5,21.38888888888889
2024-07-14 13:55:00,78.8,25.999999999999996
2024-07-14 14:55:00,85.6,29.777777777777775
2024-07-14 15:55:00,89.8,32.11111111111111
2024-07-14 16:55:00,93.0,33.888888888888886
2024-07-14 17:55:00,94.5,34.72222222222222
2024-07-14 18:55:00,95.7,35.38888888888889
2024-07-14 19:55:00,95.2,35.111111111111114
2024-07-14 20:06:00,95.0,35.0
2024-07-14 20:55:00,97.0,36.11111111111111
2024-07-14 21:55:00,95.9,35.5
2024-07-14 22:55:00,92.7,33.72222222222222
2024-07-14 23:55:00,91.9,33.27777777777778
2024-07-15 00:55:00,89.2,31.77777777777778
2024-07-15 01:55:00,83.8,28.777777777777775
2024-07-15 02:55:00,81.1,27.277777777777775
2024-07-15 03:55:00,83.5,28.61111111111111
2024-07-15 04:55:00,77.0,25.0
2024-07-15 05:55:00,75.7,24.27777777777778
2024-07-15 06:55:00,74.3,23.499999999999996
2024-07-15 07:55:00,71.2,21.77777777777778
2024-07-15 08:55:00,73.2,22.88888888888889
2024-07-15 09:55:00,73.0,22.77777777777778
2024-07-15 10:55:00,69.3,20.72222222222222
2024-07-15 11:55:00,65.7,18.722222222222225
2024-07-15 12:55:00,67.5,19.72222222222222
2024-07-15 13:55:00,77.0,25.0
2024-07-15 14:55:00,84.2,29.0
2024-07-15 15:55:00,90.5,32.5
2024-07-15 16:55:00,93.7,34.27777777777778
2024-07-15 16:56:00,93.2,34.0
2024-07-15 17:30:00,96.8,36.0
2024-07-15 17:55:00,93.0,33.888888888888886
2024-07-15 18:45:00,93.2,34.0
2024-07-15 18:55:00,90.1,32.27777777777777
2024-07-15 18:57:00,87.8,30.999999999999996
2024-07-15 18:59:00,84.2,29.0
2024-07-15 19:06:00,82.4,28.000000000000004
2024-07-15 19:13:00,86.0,30.0
2024-07-15 19:33:00,86.0,30.0
2024-07-15 19:55:00,89.6,31.999999999999996
2024-07-15 20:26:00,82.4,28.000000000000004
2024-07-15 20:43:00,82.4,28.000000000000004
2024-07-15 20:55:00,80.1,26.722222222222218
2024-07-15 21:05:00,84.2,29.0
2024-07-15 21:55:00,85.5,29.72222222222222
2024-07-15 22:55:00,86.9,30.500000000000004
2024-07-15 23:55:00,83.7,28.72222222222222
2024-07-16 00:55:00,83.3,28.499999999999996
2024-07-16 01:55:00,78.8,25.999999999999996
2024-07-16 02:55:00,78.6,25.888888888888886
2024-07-16 03:55:00,75.4,24.111111111111114
2024-07-16 04:55:00,70.5,21.38888888888889
2024-07-16 05:55:00,75.2,24.0
2024-07-16 06:55:00,66.6,19.222222222222218
2024-07-16 07:55:00,65.3,18.499999999999996
2024-07-16 08:55:00,63.7,17.61111111111111
2024-07-16 09:55:00,64.2,17.88888888888889
2024-07-16 10:55:00,64.8,18.22222222222222
2024-07-16 11:55:00,64.9,18.277777777777782
2024-07-16 12:55:00,67.8,19.888888888888886
2024-07-16 13:55:00,72.3,22.388888888888886
2024-07-16 14:55:00,77.0,25.0
2024-07-16 15:26:00,75.2,24.0
2024-07-16 15:35:00,77.0,25.0
2024-07-16 15:55:00,79.3,26.277777777777775
2024-07-16 16:55:00,83.8,28.777777777777775
2024-07-16 17:06:00,84.2,29.0
2024-07-16 17:51:00,87.8,30.999999999999996
2024-07-16 18:33:00,86.0,30.0
2024-07-16 18:34:00,86.0,30.0
2024-07-16 18:38:00,85.6,29.777777777777775
2024-07-16 18:39:00,84.9,29.388888888888893
2024-07-16 18:41:00,84.2,29.0
2024-07-16 18:49:00,74.8,23.777777777777775
2024-07-16 18:54:00,77.0,25.0
2024-07-16 18:55:00,77.2,25.11111111111111
2024-07-16 19:01:00,80.6,26.999999999999996
2024-07-16 19:55:00,82.6,28.111111111111107
2024-07-16 20:00:00,82.4,28.000000000000004
2024-07-16 20:06:00,75.2,24.0
2024-07-16 20:32:00,64.4,18.000000000000004
2024-07-16 20:44:00,64.4,18.000000000000004
2024-07-16 20:55:00,64.8,18.22222222222222
2024-07-16 21:55:00,71.2,21.77777777777778
2024-07-16 21:59:00,71.6,21.999999999999996
2024-07-16 22:18:00,71.6,21.999999999999996
2024-07-16 22:55:00,78.1,25.611111111111107
2024-07-16 23:55:00,74.7,23.722222222222225
2024-07-17 00:55:00,75.0,23.88888888888889
2024-07-17 01:55:00,71.2,21.77777777777778
2024-07-17 02:15:00,71.6,21.999999999999996
2024-07-17 02:55:00,66.9,19.388888888888893
2024-07-17 03:05:00,64.4,18.000000000000004
2024-07-17 03:35:00,66.2,19.0
2024-07-17 03:55:00,69.1,20.611111111111107
2024-07-17 04:55:00,66.9,19.388888888888893
2024-07-17 05:55:00,63.9,17.72222222222222
2024-07-17 06:55:00,60.3,15.72222222222222
2024-07-17 07:55:00,60.1,15.61111111111111
2024-07-17 08:55:00,62.6,17.0
2024-07-17 09:55:00,62.4,16.88888888888889
2024-07-17 10:55:00,59.2,15.111111111111112
2024-07-17 11:55:00,58.1,14.5
2024-07-17 12:55:00,62.2,16.77777777777778
2024-07-17 13:55:00,68.2,20.11111111111111
2024-07-17 14:55:00,72.0,22.22222222222222
2024-07-17 15:05:00,74.1,23.388888888888886
2024-07-17 15:10:00,75.9,24.388888888888893
2024-07-17 15:11:00,75.9,24.388888888888893
2024-07-17 15:55:00,76.8,24.888888888888886
2024-07-17 15:59:00,77.4,25.222222222222225
2024-07-17 16:55:00,82.4,28.000000000000004
2024-07-17 17:35:00,84.2,29.0
2024-07-17 17:55:00,84.2,29.0
2024-07-17 18:35:00,82.4,28.000000000000004
2024-07-17 18:50:00,80.6,26.999999999999996
2024-07-17 18:55:00,81.0,27.22222222222222
2024-07-17 19:14:00,75.2,24.0
2024-07-17 19:15:00,75.2,24.0
2024-07-17 19:20:00,77.0,25.0
2024-07-17 19:21:00,77.0,25.0
2024-07-17 19:29:00,75.2,24.0
2024-07-17 19:42:00,71.6,21.999999999999996
2024-07-17 19:43:00,73.4,23.000000000000004
2024-07-17 19:52:00,77.0,25.0
2024-07-17 19:55:00,76.1,24.499999999999996
2024-07-17 20:02:00,77.0,25.0
2024-07-17 20:55:00,84.9,29.388888888888893
2024-07-17 21:55:00,82.6,28.111111111111107
2024-07-17 22:16:00,80.6,26.999999999999996
2024-07-17 22:26:00,80.6,26.999999999999996
2024-07-17 22:57:00,69.3,20.72222222222222
2024-07-17 23:58:00,62.1,16.72222222222222
2024-07-18 00:28:00,68.0,20.0
2024-07-18 00:55:00,70.3,21.277777777777775
2024-07-18 01:55:00,66.7,19.27777777777778
2024-07-18 02:55:00,67.1,19.499999999999996
2024-07-18 03:55:00,66.6,19.222222222222218
2024-07-18 04:55:00,64.2,17.88888888888889
2024-07-18 05:55:00,63.1,17.27777777777778
2024-07-18 06:40:00,62.6,17.0
2024-07-18 06:55:00,63.3,17.388888888888886
2024-07-18 07:55:00,59.9,15.499999999999998
2024-07-18 08:55:00,61.0,16.11111111111111
2024-07-18 09:10:00,60.8,15.999999999999998
2024-07-18 09:12:00,60.8,15.999999999999998
2024-07-18 09:27:00,59.0,15.0
2024-07-18 09:55:00,59.5,15.277777777777777
2024-07-18 10:10:00,59.0,15.0
2024-07-18 10:25:00,59.0,15.0
2024-07-18 10:40:00,59.0,15.0
2024-07-18 10:55:00,59.5,15.277777777777777
2024-07-18 11:55:00,60.8,15.999999999999998
2024-07-18 12:10:00,55.4,12.999999999999998
2024-07-18 12:55:00,57.9,14.388888888888888
2024-07-18 13:40:00,59.0,15.0
2024-07-18 13:55:00,59.0,15.0
2024-07-18 14:10:00,59.0,15.0
2024-07-18 14:18:00,59.0,15.0
2024-07-18 14:55:00,59.5,15.277777777777777
2024-07-18 15:10:00,60.8,15.999999999999998
2024-07-18 15:25:00,60.8,15.999999999999998
2024-07-18 15:27:00,60.8,15.999999999999998
2024-07-18 15:55:00,61.7,16.5
2024-07-18 16:04:00,62.6,17.0
2024-07-18 16:06:00,64.4,18.000000000000004
2024-07-18 16:25:00,64.4,18.000000000000004
2024-07-18 16:55:00,67.8,19.888888888888886
2024-07-18 17:55:00,76.1,24.499999999999996
2024-07-18 18:55:00,79.3,26.277777777777775
2024-07-18 19:19:00,80.6,26.999999999999996
2024-07-18 19:28:00,78.8,25.999999999999996
2024-07-18 19:35:00,78.8,25.999999999999996
2024-07-18 19:51:00,78.8,25.999999999999996
2024-07-18 19:55:00,79.0,26.11111111111111
2024-07-18 20:25:00,80.6,26.999999999999996
2024-07-18 20:34:00,82.4,28.000000000000004
2024-07-18 20:55:00,83.5,28.61111111111111
2024-07-18 21:55:00,81.7,27.61111111111111
2024-07-18 22:05:00,80.6,26.999999999999996
2024-07-18 22:31:00,78.8,25.999999999999996
2024-07-18 22:55:00,78.1,25.611111111111107
2024-07-18 23:20:00,78.8,25.999999999999996
2024-07-18 23:34:00,77.0,25.0
2024-07-18 23:41:00,77.0,25.0
2024-07-18 23:55:00,70.9,21.611111111111114
2024-07-19 00:55:00,69.1,20.611111111111107
2024-07-19 01:55:00,71.4,21.888888888888893
2024-07-19 02:55:00,72.0,22.22222222222222
2024-07-19 03:55:00,70.7,21.5
2024-07-19 04:55:00,70.0,21.11111111111111
2024-07-19 05:55:00,69.3,20.72222222222222
2024-07-19 06:55:00,61.2,16.222222222222225
2024-07-19 07:55:00,63.0,17.22222222222222
2024-07-19 08:55:00,61.0,16.11111111111111
2024-07-19 09:55:00,61.3,16.277777777777775
2024-07-19 10:55:00,59.5,15.277777777777777
2024-07-19 11:55:00,61.0,16.11111111111111
2024-07-19 12:55:00,63.7,17.61111111111111
2024-07-19 13:55:00,67.1,19.499999999999996
2024-07-19 14:55:00,70.3,21.277777777777775
2024-07-19 15:55:00,71.8,22.11111111111111
2024-07-19 16:55:00,77.7,25.38888888888889
2024-07-19 17:55:00,82.2,27.88888888888889
2024-07-19 18:55:00,84.4,29.111111111111114
2024-07-19 18:56:00,84.2,29.0
2024-07-19 19:15:00,80.6,26.999999999999996
2024-07-19 19:23:00,73.4,23.000000000000004
2024-07-19 19:26:00,71.6,21.999999999999996
2024-07-19 19:30:00,68.0,20.0
2024-07-19 19:55:00,69.8,20.999999999999996
2024-07-19 19:58:00,69.8,20.999999999999996
2024-07-19 20:01:00,69.8,20.999999999999996
2024-07-19 20:55:00,79.9,26.611111111111114
2024-07-19 21:55:00,79.5,26.38888888888889
2024-07-19 22:31:00,80.6,26.999999999999996
2024-07-19 22:55:00,77.7,25.38888888888889
2024-07-19 23:17:00,78.8,25.999999999999996
2024-07-19 23:55:00,78.3,25.72222222222222
2024-07-20 00:31:00,78.8,25.999999999999996
2024-07-20 00:55:00,76.1,24.499999999999996
2024-07-20 01:55:00,72.7,22.61111111111111
2024-07-20 02:55:00,71.1,21.722222222222218
2024-07-20 03:55:00,71.8,22.11111111111111
2024-07-20 04:02:00,73.4,23.000000000000004
2024-07-20 04:04:00,73.4,23.000000000000004
2024-07-20 04:21:00,75.2,24.0
2024-07-20 04:22:00,75.2,24.0
2024-07-20 04:38:00,73.4,23.000000000000004
2024-07-20 04:53:00,71.6,21.999999999999996
2024-07-20 04:55:00,72.3,22.388888888888886
2024-07-20 05:55:00,68.5,20.27777777777778
2024-07-20 06:55:00,63.3,17.388888888888886
2024-07-20 07:55:00,62.2,16.77777777777778
2024-07-20 08:55:00,60.4,15.777777777777777
2024-07-20 09:55:00,58.3,14.611111111111109
2024-07-20 10:55:00,58.6,14.777777777777779
2024-07-20 11:55:00,56.7,13.722222222222223
2024-07-20 12:55:00,59.2,15.111111111111112
2024-07-20 13:55:00,64.2,17.88888888888889
2024-07-20 14:55:00,67.5,19.72222222222222
2024-07-20 15:55:00,77.4,25.222222222222225
2024-07-20 16:55:00,78.6,25.888888888888886
2024-07-20 17:55:00,81.3,27.388888888888886
2024-07-20 18:55:00,81.9,27.722222222222225
2024-07-20 19:43:00,84.2,29.0
2024-07-20 19:55:00,80.8,27.111111111111107
2024-07-20 20:24:00,80.6,26.999999999999996
2024-07-20 20:33:00,78.8,25.999999999999996
2024-07-20 20:48:00,77.0,25.0
2024-07-20 20:54:00,69.8,20.999999999999996
2024-07-20 20:55:00,68.0,20.0
2024-07-20 21:07:00,66.2,19.0
2024-07-20 21:33:00,69.8,20.999999999999996
2024-07-20 21:55:00,74.3,23.499999999999996
2024-07-20 22:55:00,70.7,21.5
2024-07-20 23:32:00,71.6,21.999999999999996
2024-07-20 23:55:00,73.0,22.77777777777778
2024-07-21 00:03:00,73.4,23.000000000000004
2024-07-21 00:16:00,73.4,23.000000000000004
2024-07-21 00:55:00,72.1,22.277777777777775
2024-07-21 01:17:00,73.4,23.000000000000004
2024-07-21 01:40:00,71.6,21.999999999999996
2024-07-21 01:41:00,71.6,21.999999999999996
2024-07-21 01:55:00,70.3,21.277777777777775
2024-07-21 02:55:00,70.5,21.38888888888889
2024-07-21 03:55:00,62.1,16.72222222222222
2024-07-21 04:47:00,64.4,18.000000000000004
2024-07-21 04:56:00,64.6,18.111111111111107
2024-07-21 05:14:00,60.8,15.999999999999998
2024-07-21 05:29:00,57.2,14.000000000000002
2024-07-21 05:48:00,57.2,14.000000000000002
2024-07-21 05:55:00,57.9,14.388888888888888
2024-07-21 06:55:00,58.6,14.777777777777779
2024-07-21 07:26:00,57.2,14.000000000000002
2024-07-21 07:55:00,58.8,14.888888888888888
2024-07-21 08:55:00,56.5,13.61111111111111
2024-07-21 09:55:00,59.2,15.111111111111112
2024-07-21 10:55:00,56.5,13.61111111111111
2024-07-21 11:55:00,57.7,14.277777777777779
2024-07-21 12:50:00,59.0,15.0
2024-07-21 12:53:00,60.8,15.999999999999998
2024-07-21 12:55:00,60.6,15.88888888888889
2024-07-21 12:56:00,60.8,15.999999999999998
2024-07-21 13:37:00,60.8,15.999999999999998
2024-07-21 13:39:00,60.8,15.999999999999998
2024-07-21 13:41:00,60.8,15.999999999999998
2024-07-21 13:55:00,60.1,15.61111111111111
2024-07-21 13:58:00,60.1,15.61111111111111
2024-07-21 14:48:00,59.0,15.0
2024-07-21 14:55:00,59.4,15.222222222222221
2024-07-21 15:25:00,62.6,17.0
2024-07-21 15:33:00,60.8,15.999999999999998
2024-07-21 15:46:00,62.6,17.0
2024-07-21 15:55:00,62.6,17.0
2024-07-21 16:04:00,62.6,17.0
2024-07-21 16:18:00,62.6,17.0
2024-07-21 16:55:00,61.2,16.222222222222225
2024-07-21 17:14:00,64.4,18.000000000000004
2024-07-21 17:37:00,64.4,18.000000000000004
2024-07-21 17:55:00,63.7,17.61111111111111
2024-07-21 17:59:00,64.0,17.77777777777778
2024-07-21 18:09:00,62.6,17.0
2024-07-21 18:10:00,62.6,17.0
2024-07-21 18:30:00,64.4,18.000000000000004
2024-07-21 18:55:00,65.5,18.61111111111111
2024-07-21 19:25:00,64.4,18.000000000000004
2024-07-21 19:34:00,66.2,19.0
2024-07-21 19:37:00,66.2,19.0
2024-07-21 19:41:00,66.2,19.0
2024-07-21 19:43:00,64.4,18.000000000000004
2024-07-21 19:49:00,64.4,18.000000000000004
2024-07-21 19:55:00,64.0,17.77777777777778
2024-07-21 20:19:00,64.4,18.000000000000004
2024-07-21 20:55:00,69.1,20.611111111111107
2024-07-21 21:55:00,73.8,23.22222222222222
2024-07-21 22:08:00,73.4,23.000000000000004
2024-07-21 22:24:00,71.6,21.999999999999996
2024-07-21 22:28:00,66.2,19.0
2024-07-21 22:31:00,62.6,17.0
2024-07-21 22:36:00,59.0,15.0
2024-07-21 22:39:00,57.2,14.000000000000002
2024-07-21 22:52:00,55.4,12.999999999999998
2024-07-21 22:55:00,56.5,13.61111111111111
2024-07-21 23:02:00,57.2,14.000000000000002
2024-07-21 23:15:00,57.2,14.000000000000002
2024-07-21 23:33:00,57.2,14.000000000000002
2024-07-21 23:50:00,59.0,15.0
2024-07-21 23:55:00,59.4,15.222222222222221
2024-07-22 00:55:00,59.2,15.111111111111112
2024-07-22 01:55:00,59.7,15.38888888888889
2024-07-22 02:55:00,59.0,15.0
2024-07-22 03:55:00,58.3,14.611111111111109
2024-07-22 04:55:00,55.6,13.11111111111111
2024-07-22 05:55:00,55.0,12.777777777777777
2024-07-22 06:55:00,57.9,14.388888888888888
2024-07-22 07:55:00,60.3,15.72222222222222
2024-07-22 08:55:00,59.0,15.0
2024-07-22 09:55:00,55.0,12.777777777777777
2024-07-22 10:55:00,56.7,13.722222222222223
2024-07-22 11:55:00,55.0,12.777777777777777
2024-07-22 12:55:00,55.4,12.999999999999998
2024-07-22 13:55:00,59.4,15.222222222222221
2024-07-22 14:55:00,64.0,17.77777777777778
2024-07-22 15:55:00,70.0,21.11111111111111
2024-07-22 16:55:00,73.6,23.111111111111107
2024-07-22 17:55:00,74.8,23.777777777777775
2024-07-22 18:55:00,75.2,24.0
2024-07-22 19:55:00,74.8,23.777777777777775
2024-07-22 20:55:00,76.8,24.888888888888886
2024-07-22 21:55:00,77.5,25.27777777777778
2024-07-22 22:55:00,78.4,25.77777777777778
2024-07-22 23:55:00,77.9,25.500000000000004
2024-07-23 00:55:00,76.6,24.777777777777775
2024-07-23 01:55:00,73.2,22.88888888888889
2024-07-23 02:55:00,73.6,23.111111111111107
2024-07-23 03:55:00,65.7,18.722222222222225
2024-07-23 04:55:00,66.4,19.111111111111114
2024-07-23 05:55:00,66.0,18.88888888888889
2024-07-23 06:55:00,64.4,18.000000000000004
2024-07-23 07:55:00,58.3,14.611111111111109
2024-07-23 08:55:00,59.5,15.277777777777777
2024-07-23 09:55:00,57.2,14.000000000000002
2024-07-23 10:55:00,57.9,14.388888888888888
2024-07-23 11:55:00,56.5,13.61111111111111
2024-07-23 12:55:00,58.3,14.611111111111109
2024-07-23 13:55:00,61.9,16.61111111111111
2024-07-23 14:55:00,67.5,19.72222222222222
2024-07-23 15:55:00,75.0,23.88888888888889
2024-07-23 16:55:00,77.5,25.27777777777778
2024-07-23 17:55:00,79.7,26.5
2024-07-23 18:55:00,80.1,26.722222222222218
2024-07-23 19:55:00,81.7,27.61111111111111
2024-07-23 20:55:00,82.9,28.27777777777778
2024-07-23 21:55:00,83.7,28.72222222222222
2024-07-23 22:55:00,83.7,28.72222222222222
2024-07-23 23:55:00,82.4,28.000000000000004
2024-07-24 00:55:00,81.1,27.277777777777775
2024-07-24 01:55:00,75.9,24.388888888888893
2024-07-24 02:55:00,75.0,23.88888888888889
2024-07-24 03:55:00,73.0,22.77777777777778
2024-07-24 04:55:00,67.6,19.777777777777775
2024-07-24 05:55:00,67.8,19.888888888888886
2024-07-24 06:55:00,63.3,17.388888888888886
2024-07-24 07:55:00,61.9,16.61111111111111
2024-07-24 08:55:00,61.2,16.222222222222225
2024-07-24 09:55:00,61.0,16.11111111111111
2024-07-24 10:55:00,61.3,16.277777777777775
2024-07-24 11:55:00,60.3,15.72222222222222
2024-07-24 12:55:00,61.3,16.277777777777775
2024-07-24 13:35:00,64.4,18.000000000000004
2024-07-24 13:55:00,67.5,19.72222222222222
2024-07-24 14:55:00,73.6,23.111111111111107
2024-07-24 15:55:00,78.4,25.77777777777778
2024-07-24 16:55:00,82.2,27.88888888888889
2024-07-24 17:55:00,83.1,28.388888888888886
2024-07-24 18:55:00,85.3,29.611111111111107
2024-07-24 19:55:00,86.5,30.27777777777778
2024-07-24 20:55:00,87.6,30.888888888888886
2024-07-24 21:55:00,88.3,31.277777777777775
2024-07-24 22:55:00,87.6,30.888888888888886
2024-07-24 23:55:00,87.3,30.72222222222222
2024-07-25 00:55:00,83.5,28.61111111111111
2024-07-25 01:55:00,80.1,26.722222222222218
2024-07-25 02:55:00,77.7,25.38888888888889
2024-07-25 03:55:00,76.5,24.72222222222222
2024-07-25 04:55:00,74.5,23.61111111111111
2024-07-25 05:55:00,74.3,23.499999999999996
2024-07-25 06:55:00,75.0,23.88888888888889
2024-07-25 07:55:00,62.4,16.88888888888889
2024-07-25 08:55:00,62.2,16.77777777777778
2024-07-25 09:55:00,62.8,17.11111111111111
2024-07-25 10:55:00,62.2,16.77777777777778
2024-07-25 11:55:00,61.0,16.11111111111111
2024-07-25 12:56:00,63.0,17.22222222222222
2024-07-25 13:55:00,66.9,19.388888888888893
2024-07-25 14:55:00,75.0,23.88888888888889
2024-07-25 15:30:00,80.6,26.999999999999996
2024-07-25 15:55:00,78.3,25.72222222222222
2024-07-25 16:55:00,80.8,27.111111111111107
2024-07-25 17:55:00,85.5,29.72222222222222
2024-07-25 18:55:00,87.1,30.611111111111107
2024-07-25 19:55:00,87.4,30.77777777777778
2024-07-25 20:58:00,87.4,30.77777777777778
2024-07-25 21:59:00,87.8,30.999999999999996
2024-07-25 22:55:00,88.3,31.277777777777775
2024-07-25 23:55:00,87.3,30.72222222222222
2024-07-26 00:55:00,87.3,30.72222222222222
2024-07-26 01:55:00,84.4,29.111111111111114
2024-07-26 02:55:00,77.0,25.0
2024-07-26 03:55:00,76.6,24.777777777777775
2024-07-26 04:55:00,75.7,24.27777777777778
2024-07-26 05:55:00,72.5,22.5
2024-07-26 06:55:00,69.3,20.72222222222222
2024-07-26 08:55:00,66.0,18.88888888888889
2024-07-26 09:55:00,66.7,19.27777777777778
2024-07-26 10:55:00,65.3,18.499999999999996
2024-07-26 11:55:00,65.5,18.61111111111111
2024-07-26 12:55:00,66.6,19.222222222222218
2024-07-26 13:55:00,68.7,20.38888888888889
2024-07-26 14:55:00,75.9,24.388888888888893
2024-07-26 15:55:00,83.3,28.499999999999996
2024-07-26 16:25:00,84.2,29.0
2024-07-26 16:25:00,84.2,29.0
2024-07-26 16:55:00,86.0,30.0
2024-07-26 17:55:00,87.8,30.999999999999996
2024-07-26 18:55:00,91.4,33.0
2024-07-26 19:55:00,89.6,31.999999999999996
2024-07-26 20:55:00,89.4,31.888888888888893
2024-07-26 21:59:00,87.4,30.77777777777778
2024-07-26 22:55:00,78.3,25.72222222222222
2024-07-26 23:31:00,69.8,20.999999999999996
2024-07-26 23:55:00,69.1,20.611111111111107
2024-07-27 00:59:00,73.8,23.22222222222222
2024-07-27 01:58:00,70.2,21.222222222222225
2024-07-27 02:55:00,71.6,21.999999999999996
2024-07-27 03:55:00,71.4,21.888888888888893
2024-07-27 04:55:00,70.2,21.222222222222225
2024-07-27 05:55:00,68.5,20.27777777777778
2024-07-27 06:55:00,69.8,20.999999999999996
2024-07-27 07:55:00,67.3,19.61111111111111
2024-07-27 08:55:00,65.7,18.722222222222225
2024-07-27 09:55:00,64.6,18.111111111111107
2024-07-27 10:55:00,65.3,18.499999999999996
2024-07-27 11:55:00,66.6,19.222222222222218
2024-07-27 12:55:00,66.6,19.222222222222218
2024-07-27 13:55:00,62.6,17.0
2024-07-27 14:55:00,73.0,22.77777777777778
2024-07-27 15:55:00,77.7,25.38888888888889
2024-07-27 16:55:00,82.8,28.22222222222222
2024-07-27 17:55:00,86.0,30.0
2024-07-27 18:55:00,89.6,31.999999999999996
2024-07-27 19:56:00,86.9,30.500000000000004
2024-07-27 20:55:00,86.0,30.0
2024-07-27 21:55:00,86.9,30.500000000000004
2024-07-27 22:55:00,87.4,30.77777777777778
2024-07-27 23:55:00,84.4,29.111111111111114
2024-07-28 00:55:00,80.1,26.722222222222218
2024-07-28 01:55:00,77.5,25.27777777777778
2024-07-28 02:55:00,73.9,23.277777777777782
2024-07-28 03:55:00,73.6,23.111111111111107
2024-07-28 04:55:00,72.3,22.388888888888886
2024-07-28 05:55:00,68.0,20.0
2024-07-28 06:23:00,69.8,20.999999999999996
2024-07-28 06:55:00,67.6,19.777777777777775
2024-07-28 07:55:00,65.5,18.61111111111111
2024-07-28 08:55:00,64.2,17.88888888888889
2024-07-28 10:55:00,63.0,17.22222222222222
2024-07-28 11:55:00,63.0,17.22222222222222
2024-07-28 12:55:00,63.7,17.61111111111111
2024-07-28 13:55:00,65.7,18.722222222222225
2024-07-28 14:55:00,75.4,24.111111111111114
2024-07-28 15:55:00,79.2,26.22222222222222
2024-07-28 16:55:00,83.5,28.61111111111111
2024-07-28 17:55:00,87.4,30.77777777777778
2024-07-28 18:11:00,87.4,30.77777777777778
2024-07-28 18:55:00,89.6,31.999999999999996
2024-07-28 19:55:00,92.7,33.72222222222222
2024-07-28 20:55:00,93.9,34.38888888888889
2024-07-28 21:55:00,93.9,34.38888888888889
2024-07-28 22:55:00,93.4,34.111111111111114
2024-07-28 23:55:00,93.2,34.0
2024-07-29 00:55:00,91.9,33.27777777777778
2024-07-29 01:55:00,85.5,29.72222222222222
2024-07-29 02:55:00,79.0,26.11111111111111
2024-07-29 03:55:00,77.2,25.11111111111111
2024-07-29 04:49:00,76.8,24.888888888888886
2024-07-29 04:55:00,76.8,24.888888888888886
2024-07-29 05:55:00,73.4,23.000000000000004
2024-07-29 06:55:00,73.2,22.88888888888889
2024-07-29 07:55:00,70.5,21.38888888888889
2024-07-29 08:55:00,70.5,21.38888888888889
2024-07-29 09:55:00,67.8,19.888888888888886
2024-07-29 10:55:00,68.4,20.222222222222225
2024-07-29 11:55:00,66.9,19.388888888888893
2024-07-29 12:55:00,69.3,20.72222222222222
2024-07-29 13:55:00,75.7,24.27777777777778
2024-07-29 15:18:00,82.4,28.000000000000004
2024-07-29 15:55:00,83.7,28.72222222222222
2024-07-29 16:55:00,87.3,30.72222222222222
2024-07-29 17:55:00,89.6,31.999999999999996
2024-07-29 18:57:00,90.0,32.22222222222222
2024-07-29 19:55:00,90.9,32.72222222222222
2024-07-29 20:55:00,93.6,34.22222222222222
2024-07-29 21:55:00,91.0,32.77777777777778
2024-07-29 22:55:00,92.3,33.5
2024-07-29 23:55:00,88.9,31.611111111111114
2024-07-30 00:55:00,91.2,32.88888888888889
2024-07-30 01:55:00,85.8,29.888888888888886
2024-07-30 02:55:00,82.4,28.000000000000004
2024-07-30 03:55:00,83.7,28.72222222222222
2024-07-30 04:55:00,80.4,26.888888888888893
2024-07-30 05:55:00,82.2,27.88888888888889
2024-07-30 06:55:00,75.7,24.27777777777778
2024-07-30 07:55:00,74.3,23.499999999999996
2024-07-30 08:55:00,73.2,22.88888888888889
2024-07-30 09:55:00,73.6,23.111111111111107
2024-07-30 10:55:00,71.4,21.888888888888893
2024-07-30 11:55:00,69.1,20.611111111111107
2024-07-30 12:55:00,72.9,22.722222222222225
2024-07-30 13:55:00,80.6,26.999999999999996
2024-07-30 14:55:00,86.0,30.0
2024-07-30 15:55:00,87.8,30.999999999999996
2024-07-30 16:55:00,89.6,31.999999999999996
2024-07-30 17:55:00,91.4,33.0
2024-07-30 18:55:00,93.2,34.0
2024-07-30 19:55:00,93.2,34.0
2024-07-30 20:55:00,93.6,34.22222222222222
2024-07-30 21:55:00,95.5,35.27777777777778
2024-07-30 22:53:00,94.1,34.49999999999999
2024-07-30 22:55:00,95.0,35.0
2024-07-30 23:55:00,94.3,34.61111111111111
2024-07-31 00:55:00,91.8,33.22222222222222
2024-07-31 01:55:00,85.3,29.611111111111107
2024-07-31 02:50:00,82.2,27.88888888888889
2024-07-31 02:55:00,82.2,27.88888888888889
2024-07-31 03:55:00,81.1,27.277777777777775
2024-07-31 04:55:00,80.4,26.888888888888893
2024-07-31 05:55:00,78.6,25.888888888888886
2024-07-31 06:55:00,75.2,24.0
2024-07-31 07:55:00,74.3,23.499999999999996
2024-07-31 08:55:00,75.6,24.222222222222218
2024-07-31 09:55:00,73.9,23.277777777777782
2024-07-31 10:55:00,77.4,25.222222222222225
2024-07-31 11:55:00,76.6,24.777777777777775
2024-07-31 12:55:00,75.6,24.222222222222218
2024-07-31 13:55:00,76.1,24.499999999999996
2024-07-31 14:55:00,80.1,26.722222222222218
2024-07-31 15:55:00,83.1,28.388888888888886
2024-07-31 16:55:00,85.6,29.777777777777775
2024-07-31 17:55:00,90.7,32.611111111111114
2024-07-31 18:55:00,89.4,31.888888888888893
2024-07-31 19:55:00,91.0,32.77777777777778
2024-07-31 20:55:00,91.9,33.27777777777778
2024-07-31 21:55:00,92.1,33.388888888888886
2024-07-31 22:55:00,93.2,34.0
2024-07-31 23:55:00,92.3,33.5
2024-08-01 00:55:00,90.3,32.388888888888886
2024-08-01 01:55:00,81.9,27.722222222222225
2024-08-01 02:55:00,83.7,28.72222222222222
2024-08-01 03:55:00,78.4,25.77777777777778
2024-08-01 04:55:00,79.2,26.22222222222222
2024-08-01 05:55:00,72.9,22.722222222222225
2024-08-01 06:55:00,72.9,22.722222222222225
2024-08-01 07:55:00,65.3,18.499999999999996
2024-08-01 08:55:00,67.8,19.888888888888886
2024-08-01 09:55:00,67.6,19.777777777777775
2024-08-01 10:55:00,61.7,16.5
2024-08-01 11:55:00,61.9,16.61111111111111
2024-08-01 12:55:00,66.7,19.27777777777778
2024-08-01 13:55:00,73.2,22.88888888888889
2024-08-01 14:55:00,76.8,24.888888888888886
2024-08-01 15:55:00,79.7,26.5
2024-08-01 16:55:00,83.1,28.388888888888886
2024-08-01 17:55:00,83.8,28.777777777777775
2024-08-01 18:55:00,88.7,31.5
2024-08-01 19:55:00,90.9,32.72222222222222
2024-08-01 20:55:00,90.5,32.5
2024-08-01 21:55:00,91.9,33.27777777777778
2024-08-01 22:58:00,92.3,33.5
2024-08-01 23:55:00,91.0,32.77777777777778
2024-08-02 00:55:00,87.4,30.77777777777778
2024-08-02 01:43:00,80.6,26.999999999999996
2024-08-02 01:51:00,75.2,24.0
2024-08-02 01:55:00,71.2,21.77777777777778
2024-08-02 02:30:00,64.4,18.000000000000004
2024-08-02 02:55:00,66.9,19.388888888888893
2024-08-02 03:13:00,66.2,19.0
2024-08-02 03:33:00,68.0,20.0
2024-08-02 03:55:00,70.3,21.277777777777775
2024-08-02 05:13:00,72.0,22.22222222222222
2024-08-02 05:14:00,71.6,21.999999999999996
2024-08-02 05:16:00,71.6,21.999999999999996
2024-08-02 06:55:00,66.9,19.388888888888893
2024-08-02 07:55:00,67.5,19.72222222222222
2024-08-02 08:55:00,66.0,18.88888888888889
2024-08-02 09:55:00,65.5,18.61111111111111
2024-08-02 10:55:00,66.4,19.111111111111114
2024-08-02 12:07:00,59.9,15.499999999999998
2024-08-02 12:50:00,62.1,16.72222222222222
2024-08-02 12:55:00,62.1,16.72222222222222
2024-08-02 13:55:00,66.2,19.0
2024-08-02 14:55:00,73.4,23.000000000000004
2024-08-02 15:55:00,73.4,23.000000000000004
2024-08-02 16:55:00,80.6,26.999999999999996
2024-08-02 17:55:00,83.1,28.388888888888886
2024-08-02 18:55:00,83.1,28.388888888888886
2024-08-02 19:55:00,85.8,29.888888888888886
2024-08-02 20:55:00,87.1,30.611111111111107
2024-08-02 21:55:00,84.0,28.88888888888889
2024-08-02 22:55:00,85.6,29.777777777777775
2024-08-02 23:55:00,87.4,30.77777777777778
2024-08-03 00:55:00,86.2,30.11111111111111
2024-08-03 01:55:00,80.1,26.722222222222218
2024-08-03 02:55:00,78.3,25.72222222222222
2024-08-03 03:55:00,75.4,24.111111111111114
2024-08-03 04:55:00,70.2,21.222222222222225
2024-08-03 05:55:00,70.7,21.5
2024-08-03 06:55:00,67.5,19.72222222222222
2024-08-03 07:55:00,68.2,20.11111111111111
2024-08-03 07:56:00,68.0,20.0
2024-08-03 08:11:00,64.4,18.000000000000004
2024-08-03 08:46:00,66.2,19.0
2024-08-03 08:55:00,67.3,19.61111111111111
2024-08-03 09:11:00,66.2,19.0
2024-08-03 09:27:00,66.2,19.0
2024-08-03 09:39:00,68.0,20.0
2024-08-03 09:41:00,68.0,20.0
2024-08-03 09:55:00,66.7,19.27777777777778
2024-08-03 10:55:00,65.7,18.722222222222225
2024-08-03 11:55:00,64.2,17.88888888888889
2024-08-03 12:55:00,68.0,20.0
2024-08-03 13:55:00,69.3,20.72222222222222
2024-08-03 14:55:00,73.0,22.77777777777778
2024-08-03 15:55:00,77.7,25.38888888888889
2024-08-03 16:55:00,81.5,27.5
2024-08-03 17:55:00,86.4,30.222222222222225
2024-08-03 18:55:00,89.2,31.77777777777778
2024-08-03 19:55:00,90.5,32.5
2024-08-03 20:55:00,92.1,33.388888888888886
2024-08-03 21:55:00,90.7,32.611111111111114
2024-08-03 22:55:00,92.1,33.388888888888886
2024-08-03 23:55:00,90.9,32.72222222222222
2024-08-04 00:55:00,86.7,30.38888888888889
2024-08-04 01:55:00,83.1,28.388888888888886
2024-08-04 02:55:00,78.8,25.999999999999996
2024-08-04 03:55:00,73.0,22.77777777777778
2024-08-04 04:55:00,71.1,21.722222222222218
2024-08-04 05:55:00,70.0,21.11111111111111
2024-08-04 06:55:00,71.6,21.999999999999996
2024-08-04 07:55:00,70.0,21.11111111111111
2024-08-04 08:55:00,66.9,19.388888888888893
2024-08-04 09:55:00,67.3,19.61111111111111
2024-08-04 10:55:00,64.0,17.77777777777778
2024-08-04 11:55:00,67.5,19.72222222222222
2024-08-04 12:55:00,63.9,17.72222222222222
2024-08-04 13:55:00,67.3,19.61111111111111
2024-08-04 14:55:00,73.9,23.277777777777782
2024-08-04 15:55:00,76.1,24.499999999999996
2024-08-04 16:55:00,83.7,28.72222222222222
2024-08-04 17:55:00,86.0,30.0
2024-08-04 18:55:00,87.8,30.999999999999996
2024-08-04 19:55:00,86.0,30.0
2024-08-04 20:55:00,87.8,30.999999999999996
2024-08-04 21:55:00,91.4,33.0
2024-08-04 22:51:00,94.1,34.49999999999999
2024-08-04 22:55:00,95.0,35.0
2024-08-04 23:55:00,89.6,31.999999999999996
2024-08-05 00:56:00,84.2,29.0
2024-08-05 01:56:00,82.4,28.000000000000004
2024-08-05 02:55:00,82.4,28.000000000000004
2024-08-05 03:55:00,77.0,25.0
2024-08-05 04:55:00,76.6,24.777777777777775
2024-08-05 05:55:00,75.2,24.0
2024-08-05 06:55:00,74.5,23.61111111111111
2024-08-05 07:55:00,72.3,22.388888888888886
2024-08-05 08:55:00,74.8,23.777777777777775
2024-08-05 09:52:00,71.1,21.722222222222218
2024-08-05 10:55:00,69.4,20.777777777777782
2024-08-05 11:55:00,68.0,20.0
2024-08-05 12:55:00,71.8,22.11111111111111
2024-08-05 13:55:00,77.2,25.11111111111111
2024-08-05 14:55:00,82.6,28.111111111111107
2024-08-05 15:55:00,87.4,30.77777777777778
2024-08-05 16:27:00,89.6,31.999999999999996
2024-08-05 16:55:00,88.5,31.38888888888889
2024-08-05 17:55:00,89.6,31.999999999999996
2024-08-05 17:58:00,91.4,33.0
2024-08-05 18:55:00,90.7,32.611111111111114
2024-08-05 18:57:00,89.6,31.999999999999996
2024-08-05 19:09:00,91.4,33.0
2024-08-05 19:55:00,91.8,33.22222222222222
2024-08-05 20:34:00,93.2,34.0
2024-08-05 20:55:00,88.7,31.5
2024-08-05 21:55:00,88.3,31.277777777777775
2024-08-05 22:55:00,86.4,30.222222222222225
2024-08-05 23:32:00,80.6,26.999999999999996
2024-08-05 23:55:00,75.6,24.222222222222218
2024-08-06 00:06:00,73.4,23.000000000000004
2024-08-06 00:21:00,71.6,21.999999999999996
2024-08-06 00:37:00,71.6,21.999999999999996
2024-08-06 00:50:00,66.2,19.0
2024-08-06 00:52:00,66.2,19.0
2024-08-06 00:55:00,66.2,19.0
2024-08-06 01:15:00,64.4,18.000000000000004
2024-08-06 01:27:00,64.4,18.000000000000004
2024-08-06 01:37:00,66.2,19.0
2024-08-06 01:55:00,65.3,18.499999999999996
2024-08-06 02:03:00,64.4,18.000000000000004
2024-08-06 02:55:00,63.5,17.5
2024-08-06 03:55:00,63.0,17.22222222222222
2024-08-06 03:56:00,62.8,17.11111111111111
2024-08-06 04:12:00,64.4,18.000000000000004
2024-08-06 04:28:00,64.4,18.000000000000004
2024-08-06 04:55:00,63.3,17.388888888888886
2024-08-06 04:59:00,62.6,17.0
2024-08-06 05:31:00,64.4,18.000000000000004
2024-08-06 05:55:00,65.3,18.499999999999996
2024-08-06 06:36:00,68.0,20.0
2024-08-06 06:55:00,68.0,20.0
2024-08-06 06:56:00,68.0,20.0
2024-08-06 07:55:00,67.1,19.499999999999996
2024-08-06 08:55:00,63.9,17.72222222222222
2024-08-06 09:10:00,64.4,18.000000000000004
2024-08-06 09:55:00,64.0,17.77777777777778
2024-08-06 10:55:00,63.0,17.22222222222222
2024-08-06 11:55:00,62.4,16.88888888888889
2024-08-06 12:55:00,63.9,17.72222222222222
2024-08-06 13:55:00,68.0,20.0
2024-08-06 14:55:00,71.6,21.999999999999996
2024-08-06 15:55:00,73.9,23.277777777777782
2024-08-06 16:55:00,76.5,24.72222222222222
2024-08-06 17:55:00,77.2,25.11111111111111
2024-08-06 18:55:00,81.1,27.277777777777775
2024-08-06 19:55:00,81.9,27.722222222222225
2024-08-06 20:55:00,82.8,28.22222222222222
2024-08-06 21:55:00,81.7,27.61111111111111
2024-08-06 22:14:00,80.6,26.999999999999996
2024-08-06 22:34:00,80.6,26.999999999999996
2024-08-06 22:55:00,78.4,25.77777777777778
2024-08-06 23:09:00,77.0,25.0
2024-08-06 23:55:00,77.9,25.500000000000004
2024-08-07 00:12:00,75.2,24.0
2024-08-07 00:21:00,78.8,25.999999999999996
2024-08-07 00:55:00,78.3,25.72222222222222
2024-08-07 01:55:00,76.6,24.777777777777775
2024-08-07 02:16:00,78.8,25.999999999999996
2024-08-07 02:26:00,75.2,24.0
2024-08-07 02:55:00,75.7,24.27777777777778
2024-08-07 03:55:00,74.1,23.388888888888886
2024-08-07 04:55:00,69.4,20.777777777777782
2024-08-07 05:55:00,68.0,20.0
2024-08-07 06:55:00,68.2,20.11111111111111
2024-08-07 07:55:00,66.4,19.111111111111114
2024-08-07 08:55:00,64.8,18.22222222222222
2024-08-07 09:55:00,66.7,19.27777777777778
2024-08-07 10:55:00,61.7,16.5
2024-08-07 11:55:00,62.1,16.72222222222222
2024-08-07 12:55:00,65.3,18.499999999999996
2024-08-07 13:55:00,72.5,22.5
2024-08-07 14:55:00,80.1,26.722222222222218
2024-08-07 15:55:00,83.3,28.499999999999996
2024-08-07 16:48:00,84.2,29.0
2024-08-07 16:55:00,85.5,29.72222222222222
2024-08-07 17:55:00,89.1,31.722222222222218
2024-08-07 18:55:00,87.4,30.77777777777778
2024-08-07 19:18:00,86.0,30.0
2024-08-07 19:43:00,78.8,25.999999999999996
2024-08-07 19:55:00,76.6,24.777777777777775
2024-08-07 20:16:00,78.8,25.999999999999996
2024-08-07 20:47:00,80.6,26.999999999999996
2024-08-07 20:55:00,78.4,25.77777777777778
2024-08-07 21:55:00,78.3,25.72222222222222
2024-08-07 22:55:00,76.5,24.72222222222222
2024-08-07 23:55:00,77.2,25.11111111111111
2024-08-08 00:55:00,78.1,25.611111111111107
2024-08-08 01:55:00,74.5,23.61111111111111
2024-08-08 02:55:00,71.1,21.722222222222218
2024-08-08 03:55:00,68.5,20.27777777777778
2024-08-08 04:55:00,66.7,19.27777777777778
2024-08-08 05:55:00,66.7,19.27777777777778
2024-08-08 06:55:00,63.9,17.72222222222222
2024-08-08 06:59:00,66.9,19.388888888888893
2024-08-08 07:00:00,66.7,19.27777777777778
2024-08-08 07:08:00,66.6,19.222222222222218
2024-08-08 07:55:00,60.4,15.777777777777777
2024-08-08 08:55:00,62.4,16.88888888888889
2024-08-08 09:55:00,60.3,15.72222222222222
2024-08-08 10:55:00,60.6,15.88888888888889
2024-08-08 11:55:00,59.4,15.222222222222221
2024-08-08 12:55:00,61.2,16.222222222222225
2024-08-08 13:55:00,64.8,18.22222222222222
2024-08-08 13:56:00,64.8,18.22222222222222
2024-08-08 14:53:00,66.2,19.0
2024-08-08 15:54:00,67.5,19.72222222222222
2024-08-08 16:55:00,66.4,19.111111111111114
2024-08-08 17:55:00,68.5,20.27777777777778
2024-08-08 18:40:00,66.2,19.0
2024-08-08 18:43:00,66.2,19.0
2024-08-08 18:55:00,65.8,18.777777777777775
2024-08-08 19:03:00,66.2,19.0
2024-08-08 19:27:00,68.0,20.0
2024-08-08 19:55:00,68.0,20.0
2024-08-08 20:10:00,68.0,20.0
2024-08-08 20:40:00,68.0,20.0
2024-08-08 20:55:00,68.7,20.38888888888889
2024-08-08 21:55:00,69.6,20.888888888888886
2024-08-08 22:40:00,69.8,20.999999999999996
2024-08-08 22:55:00,69.8,20.999999999999996
2024-08-08 23:55:00,69.4,20.777777777777782
2024-08-09 00:55:00,69.4,20.777777777777782
2024-08-09 01:34:00,69.8,20.999999999999996
2024-08-09 01:48:00,68.0,20.0
2024-08-09 01:55:00,67.5,19.72222222222222
2024-08-09 02:00:00,68.0,20.0
2024-08-09 02:30:00,66.2,19.0
2024-08-09 02:37:00,64.4,18.000000000000004
2024-08-09 02:49:00,60.8,15.999999999999998
2024-08-09 02:55:00,62.1,16.72222222222222
2024-08-09 03:07:00,62.6,17.0
2024-08-09 03:55:00,63.9,17.72222222222222
2024-08-09 04:42:00,62.6,17.0
2024-08-09 04:55:00,62.8,17.11111111111111
2024-08-09 04:57:00,62.6,17.0
2024-08-09 05:00:00,60.8,15.999999999999998
2024-08-09 05:01:00,62.6,17.0
2024-08-09 05:03:00,62.6,17.0
2024-08-09 05:12:00,59.0,15.0
2024-08-09 05:27:00,60.8,15.999999999999998
2024-08-09 05:37:00,62.6,17.0
2024-08-09 05:46:00,62.6,17.0
2024-08-09 05:55:00,62.4,16.88888888888889
2024-08-09 06:04:00,60.8,15.999999999999998
2024-08-09 06:19:00,60.8,15.999999999999998
2024-08-09 06:55:00,61.2,16.222222222222225
2024-08-09 07:55:00,61.5,16.38888888888889
2024-08-09 08:01:00,60.8,15.999999999999998
2024-08-09 08:05:00,60.8,15.999999999999998
2024-08-09 08:55:00,60.3,15.72222222222222
2024-08-09 09:55:00,60.1,15.61111111111111
2024-08-09 10:20:00,59.0,15.0
2024-08-09 10:55:00,59.4,15.222222222222221
2024-08-09 11:05:00,59.0,15.0
2024-08-09 11:06:00,59.0,15.0
2024-08-09 11:55:00,59.5,15.277777777777777
2024-08-09 11:59:00,59.5,15.277777777777777
2024-08-09 12:01:00,59.0,15.0
2024-08-09 12:55:00,58.8,14.888888888888888
2024-08-09 13:55:00,57.0,13.88888888888889
2024-08-09 14:10:00,57.2,14.000000000000002
2024-08-09 14:20:00,55.4,12.999999999999998
2024-08-09 14:55:00,55.8,13.22222222222222
2024-08-09 15:10:00,55.4,12.999999999999998
2024-08-09 15:25:00,57.2,14.000000000000002
2024-08-09 15:52:00,57.4,14.11111111111111
2024-08-09 15:55:00,59.0,15.0
2024-08-09 16:15:00,55.4,12.999999999999998
2024-08-09 16:42:00,55.4,12.999999999999998
2024-08-09 16:58:00,55.9,13.277777777777777
2024-08-09 17:59:00,56.8,13.777777777777775
2024-08-09 18:27:00,57.2,14.000000000000002
2024-08-09 18:38:00,57.2,14.000000000000002
2024-08-09 18:55:00,58.1,14.5
2024-08-09 19:26:00,57.2,14.000000000000002
2024-08-09 19:55:00,58.5,14.722222222222221
2024-08-09 20:31:00,59.0,15.0
2024-08-09 20:55:00,59.2,15.111111111111112
2024-08-09 21:55:00,58.3,14.611111111111109
2024-08-09 22:16:00,59.0,15.0
2024-08-09 22:44:00,59.0,15.0
2024-08-09 22:55:00,59.0,15.0
2024-08-09 23:40:00,60.8,15.999999999999998
2024-08-09 23:55:00,60.6,15.88888888888889
2024-08-10 00:31:00,59.0,15.0
2024-08-10 00:55:00,59.4,15.222222222222221
2024-08-10 01:55:00,59.0,15.0
2024-08-10 02:08:00,60.8,15.999999999999998
2024-08-10 02:55:00,59.7,15.38888888888889
2024-08-10 03:20:00,60.8,15.999999999999998
2024-08-10 03:55:00,59.2,15.111111111111112
2024-08-10 04:55:00,59.2,15.111111111111112
2024-08-10 05:55:00,56.8,13.777777777777775
2024-08-10 06:25:00,57.2,14.000000000000002
2024-08-10 06:55:00,57.2,14.000000000000002
2024-08-10 07:00:00,55.4,12.999999999999998
2024-08-10 07:15:00,53.6,12.0
2024-08-10 07:35:00,55.4,12.999999999999998
2024-08-10 07:55:00,55.2,12.88888888888889
2024-08-10 08:25:00,55.4,12.999999999999998
2024-08-10 08:40:00,55.4,12.999999999999998
2024-08-10 08:55:00,55.4,12.999999999999998
2024-08-10 09:55:00,55.0,12.777777777777777
2024-08-10 10:40:00,55.4,12.999999999999998
2024-08-10 10:55:00,55.0,12.777777777777777
2024-08-10 11:55:00,56.1,13.38888888888889
2024-08-10 12:25:00,55.4,12.999999999999998
2024-08-10 12:40:00,55.4,12.999999999999998
2024-08-10 12:55:00,55.4,12.999999999999998
2024-08-10 13:25:00,55.4,12.999999999999998
2024-08-10 13:40:00,55.4,12.999999999999998
2024-08-10 13:55:00,55.9,13.277777777777777
2024-08-10 14:10:00,57.2,14.000000000000002
2024-08-10 14:55:00,57.4,14.11111111111111
2024-08-10 15:25:00,57.2,14.000000000000002
2024-08-10 15:55:00,58.3,14.611111111111109
2024-08-10 16:55:00,60.8,15.999999999999998
2024-08-10 17:21:00,62.6,17.0
2024-08-10 17:55:00,63.3,17.388888888888886
2024-08-10 18:55:00,67.3,19.61111111111111
2024-08-10 19:55:00,73.4,23.000000000000004
2024-08-10 20:55:00,72.7,22.61111111111111
2024-08-10 21:55:00,74.7,23.722222222222225
2024-08-10 22:55:00,73.8,23.22222222222222
2024-08-10 23:55:00,73.4,23.000000000000004
2024-08-11 00:55:00,72.3,22.388888888888886
2024-08-11 01:55:00,69.1,20.611111111111107
2024-08-11 02:55:00,64.9,18.277777777777782
2024-08-11 03:55:00,64.2,17.88888888888889
2024-08-11 04:55:00,65.1,18.388888888888886
2024-08-11 05:55:00,62.6,17.0
2024-08-11 06:55:00,66.6,19.222222222222218
2024-08-11 07:40:00,66.2,19.0
2024-08-11 07:41:00,66.2,19.0
2024-08-11 07:46:00,64.4,18.000000000000004
2024-08-11 07:55:00,65.7,18.722222222222225
2024-08-11 08:55:00,65.7,18.722222222222225
2024-08-11 09:12:00,64.4,18.000000000000004
2024-08-11 09:55:00,62.6,17.0
2024-08-11 10:55:00,59.7,15.38888888888889
2024-08-11 11:55:00,61.3,16.277777777777775
2024-08-11 12:55:00,59.2,15.111111111111112
2024-08-11 13:55:00,64.2,17.88888888888889
2024-08-11 14:55:00,71.6,21.999999999999996
2024-08-11 15:55:00,75.6,24.222222222222218
2024-08-11 16:55:00,78.4,25.77777777777778
2024-08-11 17:55:00,80.8,27.111111111111107
2024-08-11 18:55:00,82.4,28.000000000000004
2024-08-11 19:55:00,82.8,28.22222222222222
2024-08-11 20:55:00,82.9,28.27777777777778
2024-08-11 21:55:00,85.6,29.777777777777775
2024-08-11 22:55:00,86.2,30.11111111111111
2024-08-11 23:55:00,84.6,29.222222222222218
2024-08-12 00:42:00,84.2,29.0
2024-08-12 00:51:00,80.6,26.999999999999996
2024-08-12 00:57:00,78.3,25.72222222222222
2024-08-12 01:16:00,73.4,23.000000000000004
2024-08-12 01:31:00,71.6,21.999999999999996
2024-08-12 01:55:00,70.2,21.222222222222225
2024-08-12 02:07:00,71.6,21.999999999999996
2024-08-12 02:34:00,66.2,19.0
2024-08-12 02:55:00,65.5,18.61111111111111
2024-08-12 03:55:00,68.4,20.222222222222225
2024-08-12 04:55:00,67.6,19.777777777777775
2024-08-12 05:55:00,67.5,19.72222222222222
2024-08-12 07:55:00,66.4,19.111111111111114
2024-08-12 08:18:00,66.2,19.0
2024-08-12 08:41:00,68.0,20.0
2024-08-12 08:55:00,65.8,18.777777777777775
2024-08-12 09:55:00,65.1,18.388888888888886
2024-08-12 10:55:00,60.6,15.88888888888889
2024-08-12 11:55:00,63.1,17.27777777777778
2024-08-12 12:55:00,63.0,17.22222222222222
2024-08-12 13:55:00,71.8,22.11111111111111
2024-08-12 14:55:00,70.5,21.38888888888889
2024-08-12 15:55:00,70.5,21.38888888888889
2024-08-12 16:55:00,75.2,24.0
2024-08-12 17:55:00,78.1,25.611111111111107
2024-08-12 18:55:00,79.5,26.38888888888889
2024-08-12 19:55:00,83.5,28.61111111111111
2024-08-12 20:55:00,84.0,28.88888888888889
2024-08-12 21:55:00,76.8,24.888888888888886
2024-08-12 22:56:00,80.1,26.722222222222218
2024-08-12 22:57:00,80.1,26.722222222222218
2024-08-12 23:39:00,77.0,25.0
2024-08-12 23:41:00,77.0,25.0
2024-08-12 23:55:00,76.1,24.499999999999996
2024-08-13 00:02:00,75.2,24.0
2024-08-13 00:10:00,71.6,21.999999999999996
2024-08-13 00:14:00,69.8,20.999999999999996
2024-08-13 00:48:00,73.4,23.000000000000004
2024-08-13 00:55:00,73.6,23.111111111111107
2024-08-13 01:26:00,69.8,20.999999999999996
2024-08-13 01:55:00,69.4,20.777777777777782
2024-08-13 02:55:00,63.7,17.61111111111111
2024-08-13 03:55:00,63.9,17.72222222222222
2024-08-13 04:55:00,61.0,16.11111111111111
2024-08-13 05:55:00,64.4,18.000000000000004
2024-08-13 06:10:00,64.4,18.000000000000004
2024-08-13 06:25:00,64.4,18.000000000000004
2024-08-13 06:55:00,61.3,16.277777777777775
2024-08-13 07:24:00,68.0,20.0
2024-08-13 07:55:00,66.4,19.111111111111114
2024-08-13 08:40:00,66.2,19.0
2024-08-13 08:55:00,64.0,17.77777777777778
2024-08-13 09:09:00,64.4,18.000000000000004
2024-08-13 09:24:00,64.4,18.000000000000004
2024-08-13 09:55:00,62.4,16.88888888888889
2024-08-13 10:55:00,59.0,15.0
2024-08-13 11:55:00,61.9,16.61111111111111
2024-08-13 12:55:00,64.4,18.000000000000004
2024-08-13 13:55:00,62.8,17.11111111111111
2024-08-13 14:55:00,70.5,21.38888888888889
2024-08-13 15:55:00,70.7,21.5
2024-08-13 16:55:00,72.7,22.61111111111111
2024-08-13 17:55:00,78.4,25.77777777777778
2024-08-13 18:55:00,83.3,28.499999999999996
2024-08-13 19:55:00,86.0,30.0
2024-08-13 20:18:00,87.8,30.999999999999996
2024-08-13 20:55:00,88.5,31.38888888888889
2024-08-13 21:55:00,85.5,29.72222222222222
2024-08-13 21:56:00,85.6,29.777777777777775
2024-08-13 22:05:00,84.2,29.0
2024-08-13 22:32:00,77.0,25.0
2024-08-13 22:34:00,77.0,25.0
2024-08-13 22:42:00,75.2,24.0
2024-08-13 22:55:00,73.6,23.111111111111107
2024-08-13 23:09:00,73.4,23.000000000000004
2024-08-13 23:17:00,73.4,23.000000000000004
2024-08-13 23:34:00,66.2,19.0
2024-08-13 23:50:00,68.0,20.0
2024-08-13 23:55:00,67.5,19.72222222222222
2024-08-13 23:58:00,68.0,20.0
2024-08-13 23:59:00,68.0,20.0
2024-08-14 00:06:00,68.0,20.0
2024-08-14 00:17:00,68.0,20.0
2024-08-14 00:51:00,69.8,20.999999999999996
2024-08-14 00:55:00,70.3,21.277777777777775
2024-08-14 01:55:00,67.8,19.888888888888886
2024-08-14 01:56:00,66.2,19.0
2024-08-14 02:20:00,66.2,19.0
2024-08-14 02:30:00,66.2,19.0
2024-08-14 02:42:00,66.2,19.0
2024-08-14 02:55:00,65.3,18.499999999999996
2024-08-14 03:55:00,64.0,17.77777777777778
2024-08-14 04:55:00,65.8,18.777777777777775
2024-08-14 05:55:00,65.5,18.61111111111111
2024-08-14 06:55:00,64.4,18.000000000000004
2024-08-14 07:55:00,59.9,15.499999999999998
2024-08-14 08:55:00,63.7,17.61111111111111
2024-08-14 09:55:00,60.6,15.88888888888889
2024-08-14 10:55:00,65.5,18.61111111111111
2024-08-14 11:55:00,56.8,13.777777777777775
2024-08-14 12:55:00,61.7,16.5
2024-08-14 13:55:00,68.2,20.11111111111111
2024-08-14 14:55:00,73.9,23.277777777777782
2024-08-14 15:55:00,75.2,24.0
2024-08-14 16:55:00,78.6,25.888888888888886
2024-08-14 17:55:00,79.7,26.5
2024-08-14 18:55:00,83.7,28.72222222222222
2024-08-14 19:55:00,81.9,27.722222222222225
2024-08-14 20:55:00,82.8,28.22222222222222
2024-08-14 21:37:00,84.2,29.0
2024-08-14 21:55:00,80.1,26.722222222222218
2024-08-14 22:55:00,82.6,28.111111111111107
2024-08-14 23:55:00,78.3,25.72222222222222
2024-08-15 00:55:00,79.2,26.22222222222222
2024-08-15 01:55:00,72.5,22.5
2024-08-15 02:55:00,66.7,19.27777777777778
2024-08-15 03:55:00,66.2,19.0
2024-08-15 04:55:00,67.1,19.499999999999996
2024-08-15 05:55:00,64.6,18.111111111111107
2024-08-15 06:55:00,63.9,17.72222222222222
2024-08-15 07:55:00,60.8,15.999999999999998
2024-08-15 08:55:00,61.0,16.11111111111111
2024-08-15 09:55:00,59.5,15.277777777777777
2024-08-15 10:55:00,59.9,15.499999999999998
2024-08-15 11:55:00,61.3,16.277777777777775
2024-08-15 12:55:00,58.3,14.611111111111109
2024-08-15 13:55:00,63.1,17.27777777777778
2024-08-15 14:55:00,68.2,20.11111111111111
2024-08-15 15:55:00,72.1,22.277777777777775
2024-08-15 16:55:00,77.5,25.27777777777778
2024-08-15 17:55:00,81.0,27.22222222222222
2024-08-15 18:55:00,81.5,27.5
2024-08-15 19:55:00,84.4,29.111111111111114
2024-08-15 20:55:00,84.9,29.388888888888893
2024-08-15 21:55:00,84.4,29.111111111111114
2024-08-15 22:55:00,82.9,28.27777777777778
2024-08-15 23:55:00,83.1,28.388888888888886
2024-08-16 00:55:00,79.9,26.611111111111114
2024-08-16 01:55:00,76.5,24.72222222222222
2024-08-16 02:55:00,75.4,24.111111111111114
2024-08-16 03:55:00,73.9,23.277777777777782
2024-08-16 04:55:00,74.3,23.499999999999996
2024-08-16 05:55:00,63.7,17.61111111111111
2024-08-16 06:55:00,65.7,18.722222222222225
2024-08-16 07:55:00,63.3,17.388888888888886
2024-08-16 08:55:00,61.9,16.61111111111111
2024-08-16 09:55:00,60.8,15.999999999999998
2024-08-16 10:55:00,62.2,16.77777777777778
2024-08-16 11:55:00,62.2,16.77777777777778
2024-08-16 12:55:00,61.3,16.277777777777775
2024-08-16 13:55:00,65.5,18.61111111111111
2024-08-16 14:55:00,70.7,21.5
2024-08-16 15:55:00,73.4,23.000000000000004
2024-08-16 16:55:00,78.3,25.72222222222222
2024-08-16 17:55:00,82.0,27.77777777777778
2024-08-16 18:55:00,84.4,29.111111111111114
2024-08-16 19:55:00,85.8,29.888888888888886
2024-08-16 20:55:00,88.0,31.11111111111111
2024-08-16 21:55:00,86.0,30.0
2024-08-16 22:10:00,86.0,30.0
2024-08-16 22:34:00,86.0,30.0
2024-08-16 22:39:00,87.8,30.999999999999996
2024-08-16 22:55:00,88.9,31.611111111111114
2024-08-16 23:55:00,86.9,30.500000000000004
2024-08-17 00:55:00,83.8,28.777777777777775
2024-08-17 01:55:00,79.3,26.277777777777775
2024-08-17 02:55:00,77.9,25.500000000000004
2024-08-17 03:55:00,77.0,25.0
2024-08-17 04:55:00,76.8,24.888888888888886
2024-08-17 05:55:00,74.5,23.61111111111111
2024-08-17 06:55:00,65.8,18.777777777777775
2024-08-17 07:55:00,64.4,18.000000000000004
2024-08-17 08:55:00,64.9,18.277777777777782
2024-08-17 09:55:00,61.7,16.5
2024-08-17 10:55:00,61.3,16.277777777777775
2024-08-17 11:55:00,61.7,16.5
2024-08-17 12:55:00,62.8,17.11111111111111
2024-08-17 13:55:00,69.3,20.72222222222222
2024-08-17 14:55:00,76.5,24.72222222222222
2024-08-17 15:55:00,80.8,27.111111111111107
2024-08-17 16:55:00,84.9,29.388888888888893
2024-08-17 17:55:00,88.0,31.11111111111111
2024-08-17 18:55:00,91.0,32.77777777777778
2024-08-17 19:55:00,91.6,33.11111111111111
2024-08-17 20:55:00,93.0,33.888888888888886
2024-08-17 21:55:00,93.2,34.0
2024-08-17 22:55:00,93.2,34.0
2024-08-17 23:55:00,92.5,33.61111111111111
2024-08-18 00:55:00,83.7,28.72222222222222
2024-08-18 01:55:00,84.9,29.388888888888893
2024-08-18 02:55:00,82.8,28.22222222222222
2024-08-18 03:55:00,82.6,28.111111111111107
2024-08-18 04:55:00,75.2,24.0
2024-08-18 05:55:00,73.8,23.22222222222222
2024-08-18 06:55:00,70.9,21.611111111111114
2024-08-18 07:39:00,75.2,24.0
2024-08-18 07:55:00,74.1,23.388888888888886
2024-08-18 08:55:00,72.9,22.722222222222225
2024-08-18 09:55:00,72.9,22.722222222222225
2024-08-18 10:55:00,67.5,19.72222222222222
2024-08-18 11:55:00,68.4,20.222222222222225
2024-08-18 12:55:00,71.6,21.999999999999996
2024-08-18 13:55:00,72.0,22.22222222222222
2024-08-18 14:55:00,77.9,25.500000000000004
2024-08-18 15:55:00,77.5,25.27777777777778
2024-08-18 16:55:00,84.6,29.222222222222218
2024-08-18 17:55:00,84.7,29.27777777777778
2024-08-18 18:55:00,85.8,29.888888888888886
2024-08-18 19:01:00,86.0,30.0
2024-08-18 19:09:00,86.0,30.0
2024-08-18 19:55:00,87.6,30.888888888888886
2024-08-18 20:55:00,87.8,30.999999999999996
2024-08-18 21:55:00,83.8,28.777777777777775
2024-08-18 22:55:00,80.8,27.111111111111107
2024-08-18 23:49:00,75.2,24.0
2024-08-18 23:55:00,73.9,23.277777777777782
2024-08-19 00:55:00,71.2,21.77777777777778
2024-08-19 01:55:00,71.8,22.11111111111111
2024-08-19 02:55:00,73.0,22.77777777777778
2024-08-19 03:55:00,71.8,22.11111111111111
2024-08-19 04:55:00,72.1,22.277777777777775
2024-08-19 05:55:00,69.1,20.611111111111107
2024-08-19 06:55:00,69.6,20.888888888888886
2024-08-19 07:55:00,65.8,18.777777777777775
2024-08-19 08:55:00,65.3,18.499999999999996
2024-08-19 09:55:00,61.7,16.5
2024-08-19 10:55:00,62.4,16.88888888888889
2024-08-19 11:55:00,63.7,17.61111111111111
2024-08-19 12:55:00,64.2,17.88888888888889
2024-08-19 13:55:00,69.6,20.888888888888886
2024-08-19 14:55:00,73.0,22.77777777777778
2024-08-19 15:55:00,76.3,24.611111111111107
2024-08-19 16:55:00,82.8,28.22222222222222
2024-08-19 17:55:00,86.5,30.27777777777778
2024-08-19 18:55:00,88.2,31.22222222222222
2024-08-19 19:55:00,87.1,30.611111111111107
2024-08-19 20:55:00,88.7,31.5
2024-08-19 21:55:00,88.2,31.22222222222222
2024-08-19 22:21:00,87.8,30.999999999999996
2024-08-19 22:47:00,84.2,29.0
2024-08-19 22:50:00,84.2,29.0
2024-08-19 22:55:00,74.5,23.61111111111111
2024-08-19 23:04:00,68.0,20.0
2024-08-20 06:55:00,66.2,19.0
2024-08-20 07:55:00,59.7,15.38888888888889
2024-08-20 08:55:00,61.7,16.5
2024-08-20 09:55:00,66.9,19.388888888888893
2024-08-20 10:55:00,65.7,18.722222222222225
2024-08-20 11:55:00,59.5,15.277777777777777
2024-08-20 12:55:00,60.6,15.88888888888889
2024-08-20 13:55:00,65.5,18.61111111111111
2024-08-20 14:55:00,73.0,22.77777777777778
2024-08-20 15:55:00,76.8,24.888888888888886
2024-08-20 16:55:00,82.9,28.27777777777778
2024-08-20 17:55:00,85.8,29.888888888888886
2024-08-20 18:55:00,86.7,30.38888888888889
2024-08-20 19:55:00,88.5,31.38888888888889
2024-08-20 20:55:00,89.2,31.77777777777778
2024-08-20 21:55:00,89.2,31.77777777777778
2024-08-20 22:55:00,84.7,29.27777777777778
2024-08-20 23:55:00,85.5,29.72222222222222
2024-08-21 00:32:00,80.6,26.999999999999996
2024-08-21 00:55:00,76.1,24.499999999999996
2024-08-21 01:07:00,71.6,21.999999999999996
2024-08-21 01:19:00,73.4,23.000000000000004
2024-08-21 01:31:00,64.4,18.000000000000004
2024-08-21 01:55:00,66.7,19.27777777777778
2024-08-21 01:57:00,66.2,19.0
2024-08-21 02:55:00,68.2,20.11111111111111
2024-08-21 03:55:00,71.4,21.888888888888893
2024-08-21 04:55:00,62.6,17.0
2024-08-21 05:55:00,64.8,18.22222222222222
2024-08-21 06:55:00,65.7,18.722222222222225
2024-08-21 07:55:00,66.4,19.111111111111114
2024-08-21 08:55:00,68.2,20.11111111111111
2024-08-21 09:55:00,69.3,20.72222222222222
2024-08-21 10:55:00,62.8,17.11111111111111
2024-08-21 11:55:00,62.2,16.77777777777778
2024-08-21 12:55:00,63.7,17.61111111111111
2024-08-21 13:55:00,70.7,21.5
2024-08-21 14:55:00,77.0,25.0
2024-08-21 15:55:00,74.1,23.388888888888886
2024-08-21 16:55:00,82.4,28.000000000000004
2024-08-21 17:55:00,87.4,30.77777777777778
2024-08-21 18:55:00,87.8,30.999999999999996
2024-08-21 19:55:00,87.8,30.999999999999996
2024-08-21 20:55:00,88.7,31.5
2024-08-21 21:55:00,86.7,30.38888888888889
2024-08-21 22:55:00,87.1,30.611111111111107
2024-08-21 23:55:00,85.5,29.72222222222222
2024-08-22 00:55:00,81.9,27.722222222222225
2024-08-22 01:55:00,80.4,26.888888888888893
2024-08-22 02:55:00,80.1,26.722222222222218
2024-08-22 03:55:00,75.6,24.222222222222218
2024-08-22 04:55:00,74.5,23.61111111111111
2024-08-22 05:55:00,77.9,25.500000000000004
2024-08-22 06:19:00,78.8,25.999999999999996
2024-08-22 06:23:00,78.8,25.999999999999996
2024-08-22 06:54:00,75.2,24.0
2024-08-22 06:55:00,75.7,24.27777777777778
2024-08-22 07:04:00,78.8,25.999999999999996
2024-08-22 07:10:00,78.8,25.999999999999996
2024-08-22 07:55:00,76.5,24.72222222222222
2024-08-22 08:55:00,72.1,22.277777777777775
2024-08-22 09:55:00,75.6,24.222222222222218
2024-08-22 09:57:00,75.6,24.222222222222218
2024-08-22 10:55:00,75.0,23.88888888888889
2024-08-22 11:55:00,69.4,20.777777777777782
2024-08-22 11:57:00,68.0,20.0
2024-08-22 12:55:00,69.3,20.72222222222222
2024-08-22 13:55:00,70.2,21.222222222222225
2024-08-22 14:55:00,74.3,23.499999999999996
2024-08-22 15:55:00,77.5,25.27777777777778
2024-08-22 16:55:00,80.2,26.77777777777778
2024-08-22 17:55:00,84.6,29.222222222222218
2024-08-22 18:55:00,86.7,30.38888888888889
2024-08-22 19:55:00,85.3,29.611111111111107
2024-08-22 20:12:00,84.2,29.0
2024-08-22 20:19:00,82.4,28.000000000000004
2024-08-22 20:30:00,82.4,28.000000000000004
2024-08-22 20:55:00,85.3,29.611111111111107
2024-08-22 21:35:00,82.4,28.000000000000004
2024-08-22 21:43:00,77.0,25.0
2024-08-22 21:55:00,77.7,25.38888888888889
2024-08-22 22:11:00,71.6,21.999999999999996
2024-08-22 22:18:00,69.8,20.999999999999996
2024-08-22 22:55:00,67.8,19.888888888888886
2024-08-22 23:55:00,75.0,23.88888888888889
2024-08-23 00:55:00,70.2,21.222222222222225
2024-08-23 01:55:00,69.8,20.999999999999996
2024-08-23 02:59:00,64.4,18.000000000000004
2024-08-23 03:00:00,63.5,17.5
2024-08-23 03:55:00,67.3,19.61111111111111
2024-08-23 04:55:00,65.5,18.61111111111111
2024-08-23 05:55:00,65.1,18.388888888888886
2024-08-23 06:56:00,62.6,17.0
2024-08-23 07:55:00,62.1,16.72222222222222
2024-08-23 08:55:00,60.6,15.88888888888889
2024-08-23 09:55:00,62.4,16.88888888888889
2024-08-23 10:55:00,59.4,15.222222222222221
2024-08-23 11:55:00,61.0,16.11111111111111
2024-08-23 12:55:00,61.0,16.11111111111111
2024-08-23 13:55:00,64.9,18.277777777777782
2024-08-23 14:55:00,66.4,19.111111111111114
2024-08-23 15:55:00,72.3,22.388888888888886
2024-08-23 16:55:00,75.4,24.111111111111114
2024-08-23 17:55:00,79.5,26.38888888888889
2024-08-23 18:55:00,86.0,30.0
2024-08-23 19:55:00,87.3,30.72222222222222
2024-08-23 20:25:00,87.8,30.999999999999996
2024-08-23 20:55:00,88.5,31.38888888888889
2024-08-23 21:03:00,87.8,30.999999999999996
2024-08-23 21:15:00,87.8,30.999999999999996
2024-08-23 21:55:00,88.7,31.5
2024-08-23 22:55:00,88.7,31.5
2024-08-23 23:55:00,87.1,30.611111111111107
2024-08-24 00:55:00,85.1,29.499999999999996
2024-08-24 01:55:00,81.3,27.388888888888886
2024-08-24 02:55:00,75.2,24.0
2024-08-24 03:55:00,75.2,24.0
2024-08-24 04:55:00,71.6,21.999999999999996
2024-08-24 05:55:00,70.3,21.277777777777775
2024-08-24 06:55:00,67.3,19.61111111111111
2024-08-24 07:10:00,68.0,20.0
2024-08-24 07:56:00,66.6,19.222222222222218
2024-08-24 08:55:00,64.4,18.000000000000004
2024-08-24 09:55:00,64.6,18.111111111111107
2024-08-24 10:55:00,67.1,19.499999999999996
2024-08-24 11:55:00,72.9,22.722222222222225
2024-08-24 12:55:00,66.6,19.222222222222218
2024-08-24 13:55:00,72.1,22.277777777777775
2024-08-24 14:55:00,78.6,25.888888888888886
2024-08-24 15:55:00,80.2,26.77777777777778
2024-08-24 16:47:00,82.4,28.000000000000004
2024-08-24 16:55:00,82.9,28.27777777777778
2024-08-24 17:44:00,86.0,30.0
2024-08-24 17:55:00,83.7,28.72222222222222
2024-08-24 18:55:00,84.9,29.388888888888893
2024-08-24 19:12:00,86.0,30.0
2024-08-24 19:23:00,87.8,30.999999999999996
2024-08-24 19:55:00,87.4,30.77777777777778
2024-08-24 20:55:00,86.0,30.0
2024-08-24 21:55:00,86.2,30.11111111111111
2024-08-24 22:55:00,85.5,29.72222222222222
2024-08-24 23:55:00,84.2,29.0
2024-08-25 00:55:00,81.7,27.61111111111111
2024-08-25 01:55:00,79.0,26.11111111111111
2024-08-25 02:55:00,75.2,24.0
2024-08-25 03:55:00,75.9,24.388888888888893
2024-08-25 04:55:00,76.3,24.611111111111107
2024-08-25 05:55:00,72.5,22.5
2024-08-25 06:55:00,74.3,23.499999999999996
2024-08-25 07:55:00,73.8,23.22222222222222
2024-08-25 08:55:00,72.5,22.5
2024-08-25 09:55:00,69.1,20.611111111111107
2024-08-25 10:55:00,66.0,18.88888888888889
2024-08-25 11:55:00,68.2,20.11111111111111
2024-08-25 12:55:00,70.0,21.11111111111111
2024-08-25 13:55:00,70.5,21.38888888888889
2024-08-25 14:55:00,77.0,25.0
2024-08-25 15:55:00,81.0,27.22222222222222
2024-08-25 16:55:00,81.1,27.277777777777775
2024-08-25 17:17:00,80.6,26.999999999999996
2024-08-25 17:22:00,80.6,26.999999999999996
2024-08-25 17:55:00,80.2,26.77777777777778
2024-08-25 18:55:00,83.1,28.388888888888886
2024-08-25 19:55:00,84.9,29.388888888888893
2024-08-25 20:55:00,86.4,30.222222222222225
2024-08-25 21:55:00,87.6,30.888888888888886
2024-08-25 22:55:00,86.5,30.27777777777778
2024-08-25 23:55:00,83.3,28.499999999999996
2024-08-26 00:55:00,81.5,27.5
2024-08-26 01:55:00,77.0,25.0
2024-08-26 02:55:00,76.6,24.777777777777775
2024-08-26 03:55:00,76.6,24.777777777777775
2024-08-26 04:55:00,75.2,24.0
2024-08-26 05:45:00,71.6,21.999999999999996
2024-08-26 05:55:00,72.5,22.5
2024-08-26 06:02:00,75.2,24.0
2024-08-26 06:55:00,72.7,22.61111111111111
2024-08-26 07:23:00,71.6,21.999999999999996
2024-08-26 07:28:00,69.8,20.999999999999996
2024-08-26 07:31:00,69.8,20.999999999999996
2024-08-26 07:33:00,71.6,21.999999999999996
2024-08-26 07:54:00,68.0,20.0
2024-08-26 07:55:00,68.2,20.11111111111111
2024-08-26 08:55:00,68.0,20.0
2024-08-26 09:55:00,64.6,18.111111111111107
2024-08-26 10:55:00,62.2,16.77777777777778
2024-08-26 11:02:00,62.6,17.0
2024-08-26 11:09:00,63.5,17.5
2024-08-26 11:38:00,64.4,18.000000000000004
2024-08-26 11:53:00,64.4,18.000000000000004
2024-08-26 11:55:00,64.4,18.000000000000004
2024-08-26 12:55:00,63.0,17.22222222222222
2024-08-26 13:55:00,62.8,17.11111111111111
2024-08-26 14:55:00,66.2,19.0
2024-08-26 15:55:00,76.1,24.499999999999996
2024-08-26 16:55:00,77.4,25.222222222222225
2024-08-26 17:55:00,77.2,25.11111111111111
2024-08-26 18:55:00,76.6,24.777777777777775
2024-08-26 19:55:00,77.2,25.11111111111111
2024-08-26 20:55:00,79.5,26.38888888888889
2024-08-26 21:17:00,80.6,26.999999999999996
2024-08-26 21:55:00,80.4,26.888888888888893
2024-08-26 22:55:00,78.3,25.72222222222222
2024-08-26 23:55:00,77.7,25.38888888888889
2024-08-27 00:22:00,77.0,25.0
2024-08-27 00:55:00,74.7,23.722222222222225
2024-08-27 01:55:00,76.3,24.611111111111107
2024-08-27 02:55:00,69.6,20.888888888888886
2024-08-27 03:55:00,67.6,19.777777777777775
2024-08-27 04:55:00,64.0,17.77777777777778
2024-08-27 05:55:00,62.2,16.77777777777778
2024-08-27 05:56:00,62.1,16.72222222222222
2024-08-27 06:55:00,61.0,16.11111111111111
2024-08-27 06:57:00,61.2,16.222222222222225
2024-08-27 07:55:00,59.4,15.222222222222221
2024-08-27 07:56:00,59.2,15.111111111111112
2024-08-27 08:55:00,58.3,14.611111111111109
2024-08-27 08:56:00,58.3,14.611111111111109
2024-08-27 09:55:00,65.1,18.388888888888886
2024-08-27 10:34:00,66.2,19.0
2024-08-27 10:55:00,66.2,19.0
2024-08-27 11:54:00,63.9,17.72222222222222
2024-08-27 11:55:00,63.9,17.72222222222222
2024-08-27 12:55:00,59.2,15.111111111111112
2024-08-27 13:55:00,65.5,18.61111111111111
2024-08-27 15:55:00,74.5,23.61111111111111
2024-08-27 16:55:00,76.8,24.888888888888886
2024-08-27 17:55:00,78.8,25.999999999999996
2024-08-27 18:55:00,80.4,26.888888888888893
2024-08-27 19:55:00,82.0,27.77777777777778
2024-08-27 20:55:00,83.3,28.499999999999996
2024-08-27 21:55:00,83.5,28.61111111111111
2024-08-27 22:55:00,83.1,28.388888888888886
2024-08-27 23:55:00,81.5,27.5
2024-08-28 00:55:00,78.8,25.999999999999996
2024-08-28 01:55:00,72.3,22.388888888888886
2024-08-28 02:55:00,72.9,22.722222222222225
2024-08-28 03:55:00,72.0,22.22222222222222
2024-08-28 04:55:00,72.1,22.277777777777775
2024-08-28 05:55:00,72.3,22.388888888888886
2024-08-28 06:55:00,68.0,20.0
2024-08-28 07:55:00,61.0,16.11111111111111
2024-08-28 08:55:00,59.0,15.0
2024-08-28 09:55:00,59.4,15.222222222222221
2024-08-28 10:55:00,57.2,14.000000000000002
2024-08-28 11:55:00,57.9,14.388888888888888
2024-08-28 12:55:00,61.2,16.222222222222225
2024-08-28 13:55:00,66.0,18.88888888888889
2024-08-28 14:55:00,67.8,19.888888888888886
2024-08-28 15:55:00,73.0,22.77777777777778
2024-08-28 16:55:00,79.0,26.11111111111111
2024-08-28 17:55:00,82.9,28.27777777777778
2024-08-28 18:44:00,86.0,30.0
2024-08-28 18:55:00,87.4,30.77777777777778
2024-08-28 19:52:00,89.6,31.999999999999996
2024-08-28 20:55:00,90.7,32.611111111111114
2024-08-28 21:04:00,89.6,31.999999999999996
2024-08-28 21:10:00,89.6,31.999999999999996
2024-08-28 21:55:00,89.1,31.722222222222218
2024-08-28 22:55:00,88.0,31.11111111111111
2024-08-28 23:55:00,84.6,29.222222222222218
2024-08-29 00:55:00,81.3,27.388888888888886
2024-08-29 01:55:00,78.4,25.77777777777778
2024-08-29 02:55:00,78.4,25.77777777777778
2024-08-29 03:55:00,71.8,22.11111111111111
2024-08-29 04:55:00,71.1,21.722222222222218
2024-08-29 05:55:00,71.1,21.722222222222218
2024-08-29 06:55:00,66.6,19.222222222222218
2024-08-29 07:55:00,64.8,18.22222222222222
2024-08-29 08:55:00,61.7,16.5
2024-08-29 09:55:00,65.5,18.61111111111111
2024-08-29 10:55:00,64.9,18.277777777777782
2024-08-29 11:55:00,66.6,19.222222222222218
2024-08-29 12:55:00,69.3,20.72222222222222
2024-08-29 13:55:00,72.1,22.277777777777775
2024-08-29 14:55:00,72.9,22.722222222222225
2024-08-29 15:55:00,73.6,23.111111111111107
2024-08-29 16:55:00,76.8,24.888888888888886
2024-08-29 17:55:00,79.5,26.38888888888889
2024-08-29 18:55:00,82.4,28.000000000000004
2024-08-29 19:55:00,83.1,28.388888888888886
2024-08-29 20:55:00,82.4,28.000000000000004
2024-08-29 21:56:00,82.4,28.000000000000004
2024-08-29 22:06:00,82.4,28.000000000000004
2024-08-29 22:18:00,82.4,28.000000000000004
2024-08-29 22:20:00,82.4,28.000000000000004
2024-08-29 22:21:00,82.4,28.000000000000004
2024-08-29 22:22:00,82.4,28.000000000000004
2024-08-29 22:35:00,73.4,23.000000000000004
2024-08-29 22:38:00,73.4,23.000000000000004
2024-08-29 22:56:00,74.3,23.499999999999996
2024-08-29 23:55:00,75.9,24.388888888888893
2024-08-30 00:55:00,70.9,21.611111111111114
2024-08-30 01:55:00,69.1,20.611111111111107
2024-08-30 02:55:00,62.8,17.11111111111111
2024-08-30 03:15:00,66.2,19.0
2024-08-30 03:23:00,66.2,19.0
2024-08-30 03:38:00,66.2,19.0
2024-08-30 03:55:00,65.5,18.61111111111111
2024-08-30 04:55:00,62.8,17.11111111111111
2024-08-30 05:08:00,62.6,17.0
2024-08-30 05:55:00,61.3,16.277777777777775
2024-08-30 06:55:00,61.2,16.222222222222225
2024-08-30 07:55:00,59.5,15.277777777777777
2024-08-30 08:55:00,59.9,15.499999999999998
2024-08-30 09:55:00,59.7,15.38888888888889
2024-08-30 10:55:00,59.4,15.222222222222221
2024-08-30 11:55:00,58.1,14.5
2024-08-30 12:55:00,59.2,15.111111111111112
2024-08-30 13:55:00,62.1,16.72222222222222
2024-08-30 14:55:00,64.8,18.22222222222222
2024-08-30 15:55:00,68.7,20.38888888888889
2024-08-30 16:55:00,69.8,20.999999999999996
2024-08-30 17:55:00,72.5,22.5
2024-08-30 18:55:00,75.6,24.222222222222218
2024-08-30 19:30:00,75.2,24.0
2024-08-30 19:55:00,75.9,24.388888888888893
2024-08-30 20:14:00,77.0,25.0
2024-08-30 20:38:00,77.0,25.0
2024-08-30 20:55:00,78.3,25.72222222222222
2024-08-30 21:28:00,78.8,25.999999999999996
2024-08-30 21:55:00,78.3,25.72222222222222
2024-08-30 22:55:00,78.6,25.888888888888886
2024-08-30 23:55:00,77.2,25.11111111111111
2024-08-31 00:55:00,73.9,23.277777777777782
2024-08-31 01:55:00,70.2,21.222222222222225
2024-08-31 02:55:00,66.2,19.0
2024-08-31 03:55:00,64.4,18.000000000000004
2024-08-31 04:55:00,64.8,18.22222222222222
2024-08-31 05:55:00,61.3,16.277777777777775
2024-08-31 06:55:00,60.6,15.88888888888889
2024-08-31 07:55:00,55.4,12.999999999999998
2024-08-31 08:55:00,55.6,13.11111111111111
2024-08-31 09:55:00,53.6,12.0
2024-08-31 10:55:00,52.5,11.38888888888889
2024-08-31 11:55:00,52.0,11.11111111111111
2024-08-31 12:55:00,54.3,12.388888888888888
2024-08-31 13:55:00,60.1,15.61111111111111
2024-08-31 14:55:00,67.3,19.61111111111111
2024-08-31 15:55:00,71.2,21.77777777777778
2024-08-31 16:55:00,74.8,23.777777777777775
2024-08-31 17:55:00,77.7,25.38888888888889
2024-08-31 18:55:00,81.1,27.277777777777775
2024-08-31 19:55:00,82.4,28.000000000000004
2024-08-31 20:55:00,84.0,28.88888888888889
2024-08-31 21:55:00,83.8,28.777777777777775
2024-08-31 22:55:00,83.8,28.777777777777775
2024-08-31 23:55:00,82.4,28.000000000000004
2024-09-01 00:55:00,78.3,25.72222222222222
2024-09-01 01:55:00,75.4,24.111111111111114
2024-09-01 02:55:00,72.1,22.277777777777775
2024-09-01 03:55:00,68.4,20.222222222222225
2024-09-01 04:55:00,63.3,17.388888888888886
2024-09-01 05:55:00,64.8,18.22222222222222
2024-09-01 06:55:00,61.0,16.11111111111111
2024-09-01 07:55:00,58.5,14.722222222222221
2024-09-01 08:55:00,56.1,13.38888888888889
2024-09-01 09:55:00,55.0,12.777777777777777
2024-09-01 10:55:00,55.0,12.777777777777777
2024-09-01 11:55:00,53.8,12.111111111111109
2024-09-01 12:55:00,53.8,12.111111111111109
2024-09-01 13:55:00,62.4,16.88888888888889
2024-09-01 14:55:00,70.7,21.5
2024-09-01 15:55:00,74.1,23.388888888888886
2024-09-01 16:55:00,76.8,24.888888888888886
2024-09-01 17:55:00,78.6,25.888888888888886
2024-09-01 18:55:00,78.3,25.72222222222222
2024-09-01 19:55:00,79.9,26.611111111111114
2024-09-01 20:55:00,79.3,26.277777777777775
2024-09-01 21:55:00,80.4,26.888888888888893
2024-09-01 22:55:00,80.4,26.888888888888893
2024-09-01 23:55:00,78.3,25.72222222222222
2024-09-02 00:55:00,73.2,22.88888888888889
2024-09-02 01:55:00,65.7,18.722222222222225
2024-09-02 02:55:00,68.2,20.11111111111111
2024-09-02 03:55:00,66.7,19.27777777777778
2024-09-02 04:55:00,63.7,17.61111111111111
2024-09-02 05:55:00,64.0,17.77777777777778
2024-09-02 06:55:00,61.3,16.277777777777775
2024-09-02 07:55:00,56.1,13.38888888888889
2024-09-02 08:55:00,52.9,11.61111111111111
2024-09-02 09:55:00,48.7,9.277777777777779
2024-09-02 10:55:00,51.1,10.611111111111112
2024-09-02 11:55:00,48.9,9.388888888888888
2024-09-02 12:55:00,50.2,10.111111111111112
2024-09-02 13:55:00,56.7,13.722222222222223
2024-09-02 14:55:00,62.4,16.88888888888889
2024-09-02 15:55:00,65.8,18.777777777777775
2024-09-02 16:55:00,72.5,22.5
2024-09-02 17:55:00,76.3,24.611111111111107
2024-09-02 18:55:00,79.0,26.11111111111111
2024-09-02 19:55:00,82.0,27.77777777777778
2024-09-02 20:13:00,82.4,28.000000000000004
2024-09-02 20:55:00,82.6,28.111111111111107
2024-09-02 21:55:00,83.3,28.499999999999996
2024-09-02 22:55:00,83.3,28.499999999999996
2024-09-02 23:55:00,82.8,28.22222222222222
2024-09-03 00:55:00,76.6,24.777777777777775
2024-09-03 01:55:00,73.4,23.000000000000004
2024-09-03 02:55:00,69.1,20.611111111111107
2024-09-03 03:55:00,68.7,20.38888888888889
2024-09-03 04:55:00,63.1,17.27777777777778
2024-09-03 05:55:00,58.3,14.611111111111109
2024-09-03 06:55:00,56.1,13.38888888888889
2024-09-03 07:55:00,54.9,12.722222222222221
2024-09-03 08:55:00,53.6,12.0
2024-09-03 09:55:00,51.8,10.999999999999998
2024-09-03 10:55:00,50.9,10.499999999999998
2024-09-03 11:55:00,50.7,10.388888888888891
2024-09-03 12:55:00,50.0,10.0
2024-09-03 13:55:00,60.6,15.88888888888889
2024-09-03 14:55:00,67.8,19.888888888888886
2024-09-03 15:55:00,75.4,24.111111111111114
2024-09-03 16:55:00,77.2,25.11111111111111
2024-09-03 17:55:00,80.1,26.722222222222218
2024-09-03 18:55:00,81.0,27.22222222222222
2024-09-03 19:55:00,85.3,29.611111111111107
2024-09-03 20:55:00,87.1,30.611111111111107
2024-09-03 21:55:00,87.1,30.611111111111107
2024-09-03 22:55:00,86.4,30.222222222222225
2024-09-03 23:55:00,84.9,29.388888888888893
2024-09-04 00:55:00,79.0,26.11111111111111
2024-09-04 01:55:00,74.7,23.722222222222225
2024-09-04 02:55:00,75.6,24.222222222222218
2024-09-04 03:55:00,77.0,25.0
2024-09-04 04:55:00,65.8,18.777777777777775
2024-09-04 05:55:00,62.1,16.72222222222222
2024-09-04 06:55:00,63.7,17.61111111111111
2024-09-04 07:55:00,62.2,16.77777777777778
2024-09-04 08:55:00,62.2,16.77777777777778
2024-09-04 09:55:00,63.9,17.72222222222222
2024-09-04 10:55:00,68.5,20.27777777777778
2024-09-04 11:55:00,67.5,19.72222222222222
2024-09-04 12:55:00,61.2,16.222222222222225
2024-09-04 13:55:00,69.8,20.999999999999996
2024-09-04 14:55:00,75.9,24.388888888888893
2024-09-04 15:55:00,78.4,25.77777777777778
2024-09-04 16:55:00,80.8,27.111111111111107
2024-09-04 17:55:00,82.0,27.77777777777778
2024-09-04 18:55:00,83.8,28.777777777777775
2024-09-04 19:55:00,83.7,28.72222222222222
2024-09-04 19:57:00,84.2,29.0
2024-09-04 20:55:00,84.0,28.88888888888889
2024-09-04 21:16:00,84.2,29.0
2024-09-04 21:24:00,82.4,28.000000000000004
2024-09-04 21:55:00,78.3,25.72222222222222
2024-09-04 22:39:00,75.2,24.0
2024-09-04 22:51:00,71.6,21.999999999999996
2024-09-04 22:55:00,71.6,21.999999999999996
2024-09-04 23:23:00,66.2,19.0
2024-09-04 23:51:00,68.0,20.0
2024-09-04 23:55:00,69.3,20.72222222222222
2024-09-05 00:18:00,66.2,19.0
2024-09-05 00:55:00,67.1,19.499999999999996
2024-09-05 01:55:00,63.3,17.388888888888886
2024-09-05 02:55:00,63.1,17.27777777777778
2024-09-05 03:55:00,64.6,18.111111111111107
2024-09-05 04:55:00,62.2,16.77777777777778
2024-09-05 05:13:00,62.6,17.0
2024-09-05 05:42:00,62.6,17.0
2024-09-05 05:55:00,61.0,16.11111111111111
2024-09-05 06:55:00,60.6,15.88888888888889
2024-09-05 07:55:00,59.5,15.277777777777777
2024-09-05 08:16:00,59.0,15.0
2024-09-05 08:31:00,55.4,12.999999999999998
2024-09-05 08:55:00,55.4,12.999999999999998
2024-09-05 09:55:00,56.8,13.777777777777775
2024-09-05 10:55:00,57.0,13.88888888888889
2024-09-05 11:55:00,56.7,13.722222222222223
2024-09-05 12:55:00,57.7,14.277777777777779
2024-09-05 13:14:00,57.2,14.000000000000002
2024-09-05 13:18:00,57.2,14.000000000000002
2024-09-05 13:22:00,57.2,14.000000000000002
2024-09-05 13:33:00,55.4,12.999999999999998
2024-09-05 13:44:00,55.4,12.999999999999998
2024-09-05 13:55:00,52.9,11.61111111111111
2024-09-05 14:06:00,53.6,12.0
2024-09-05 14:21:00,53.6,12.0
2024-09-05 14:42:00,55.4,12.999999999999998
2024-09-05 14:55:00,55.9,13.277777777777777
2024-09-05 15:00:00,57.2,14.000000000000002
2024-09-05 15:43:00,59.0,15.0
2024-09-05 15:55:00,61.0,16.11111111111111
2024-09-05 16:09:00,60.8,15.999999999999998
2024-09-05 16:29:00,55.4,12.999999999999998
2024-09-05 16:55:00,57.2,14.000000000000002
2024-09-05 17:49:00,57.2,14.000000000000002
2024-09-05 17:55:00,57.2,14.000000000000002
2024-09-05 17:55:00,57.2,14.000000000000002
2024-09-05 18:55:00,64.6,18.111111111111107
2024-09-05 19:55:00,64.0,17.77777777777778
2024-09-05 20:37:00,68.0,20.0
2024-09-05 20:55:00,68.7,20.38888888888889
2024-09-05 21:55:00,70.0,21.11111111111111
2024-09-05 22:55:00,70.7,21.5
2024-09-05 23:55:00,68.0,20.0
2024-09-06 00:55:00,66.9,19.388888888888893
2024-09-06 01:55:00,61.3,16.277777777777775
2024-09-06 02:55:00,61.0,16.11111111111111
2024-09-06 03:55:00,61.7,16.5
2024-09-06 04:55:00,60.6,15.88888888888889
2024-09-06 05:55:00,55.4,12.999999999999998
2024-09-06 06:55:00,54.1,12.277777777777779
2024-09-06 07:55:00,52.9,11.61111111111111
2024-09-06 08:55:00,52.7,11.500000000000002
2024-09-06 09:55:00,52.2,11.222222222222223
2024-09-06 10:55:00,50.4,10.222222222222221
2024-09-06 11:55:00,49.6,9.777777777777779
2024-09-06 12:55:00,49.5,9.722222222222221
2024-09-06 13:55:00,55.6,13.11111111111111
2024-09-06 14:55:00,61.3,16.277777777777775
2024-09-06 15:55:00,64.2,17.88888888888889
2024-09-06 16:55:00,70.7,21.5
2024-09-06 17:55:00,70.9,21.611111111111114
2024-09-06 18:55:00,74.1,23.388888888888886
2024-09-06 19:55:00,76.1,24.499999999999996
2024-09-06 20:55:00,76.5,24.72222222222222
2024-09-06 21:55:00,76.8,24.888888888888886
2024-09-06 22:55:00,77.0,25.0
2024-09-06 23:55:00,76.1,24.499999999999996
2024-09-07 00:55:00,70.0,21.11111111111111
2024-09-07 01:55:00,70.9,21.611111111111114
2024-09-07 02:55:00,65.8,18.777777777777775
2024-09-07 03:55:00,65.1,18.388888888888886
2024-09-07 04:55:00,63.1,17.27777777777778
2024-09-07 05:55:00,62.8,17.11111111111111
2024-09-07 06:55:00,62.1,16.72222222222222
2024-09-07 07:55:00,61.9,16.61111111111111
2024-09-07 08:55:00,55.6,13.11111111111111
2024-09-07 09:55:00,54.9,12.722222222222221
2024-09-07 10:55:00,54.3,12.388888888888888
2024-09-07 11:55:00,53.4,11.888888888888888
2024-09-07 12:55:00,53.4,11.888888888888888
2024-09-07 13:55:00,61.3,16.277777777777775
2024-09-07 14:55:00,64.6,18.111111111111107
2024-09-07 15:55:00,65.8,18.777777777777775
2024-09-07 16:55:00,72.0,22.22222222222222
2024-09-07 17:55:00,76.3,24.611111111111107
2024-09-07 18:55:00,78.6,25.888888888888886
2024-09-07 19:55:00,81.1,27.277777777777775
2024-09-07 20:55:00,82.0,27.77777777777778
2024-09-07 21:55:00,82.4,28.000000000000004
2024-09-07 22:55:00,79.9,26.611111111111114
2024-09-07 23:55:00,75.7,24.27777777777778
2024-09-08 00:54:00,73.4,23.000000000000004
2024-09-08 00:55:00,72.7,22.61111111111111
2024-09-08 00:56:00,73.4,23.000000000000004
2024-09-08 01:11:00,68.0,20.0
2024-09-08 01:37:00,66.2,19.0
2024-09-08 01:55:00,67.6,19.777777777777775
2024-09-08 01:56:00,68.0,20.0
2024-09-08 02:11:00,68.0,20.0
2024-09-08 02:55:00,66.2,19.0
2024-09-08 03:55:00,66.2,19.0
2024-09-08 04:55:00,73.2,22.88888888888889
2024-09-08 05:55:00,66.4,19.111111111111114
2024-09-08 06:55:00,63.5,17.5
2024-09-08 07:55:00,60.8,15.999999999999998
2024-09-08 08:55:00,59.7,15.38888888888889
2024-09-08 09:55:00,55.0,12.777777777777777
2024-09-08 10:55:00,58.1,14.5
2024-09-08 11:55:00,57.9,14.388888888888888
2024-09-08 12:55:00,59.9,15.499999999999998
2024-09-08 13:55:00,61.9,16.61111111111111
2024-09-08 14:55:00,66.0,18.88888888888889
2024-09-08 15:55:00,72.0,22.22222222222222
2024-09-08 16:55:00,75.0,23.88888888888889
2024-09-08 17:55:00,78.4,25.77777777777778
2024-09-08 18:55:00,81.5,27.5
2024-09-08 19:55:00,79.0,26.11111111111111
2024-09-08 20:55:00,82.2,27.88888888888889
2024-09-08 21:55:00,81.9,27.722222222222225
2024-09-08 22:17:00,80.6,26.999999999999996
2024-09-08 22:17:00,80.6,26.999999999999996
2024-09-08 22:32:00,78.8,25.999999999999996
2024-09-08 22:55:00,79.3,26.277777777777775
2024-09-08 23:55:00,75.9,24.388888888888893
2024-09-09 00:55:00,74.1,23.388888888888886
2024-09-09 01:55:00,72.7,22.61111111111111
2024-09-09 02:55:00,72.5,22.5
2024-09-09 03:55:00,72.3,22.388888888888886
2024-09-09 04:55:00,63.7,17.61111111111111
2024-09-09 05:55:00,64.0,17.77777777777778
2024-09-09 06:55:00,63.3,17.388888888888886
2024-09-09 07:55:00,58.8,14.888888888888888
2024-09-09 08:55:00,58.5,14.722222222222221
2024-09-09 09:55:00,59.5,15.277777777777777
2024-09-09 10:55:00,61.7,16.5
2024-09-09 11:55:00,56.7,13.722222222222223
2024-09-09 12:55:00,57.0,13.88888888888889
2024-09-09 13:55:00,63.5,17.5
2024-09-09 14:55:00,70.7,21.5
2024-09-09 15:55:00,76.6,24.777777777777775
2024-09-09 16:55:00,81.7,27.61111111111111
2024-09-09 17:55:00,84.4,29.111111111111114
2024-09-09 18:55:00,86.9,30.500000000000004
2024-09-09 19:39:00,87.8,30.999999999999996
2024-09-09 19:55:00,87.3,30.72222222222222
2024-09-09 20:55:00,86.5,30.27777777777778
2024-09-09 21:55:00,84.9,29.388888888888893
2024-09-09 22:07:00,82.4,28.000000000000004
2024-09-09 22:23:00,82.4,28.000000000000004
2024-09-09 22:45:00,80.6,26.999999999999996
2024-09-09 22:55:00,81.3,27.388888888888886
2024-09-09 23:55:00,80.8,27.111111111111107
2024-09-10 00:36:00,80.6,26.999999999999996
2024-09-10 00:45:00,78.8,25.999999999999996
2024-09-10 00:55:00,78.6,25.888888888888886
2024-09-10 01:55:00,77.5,25.27777777777778
2024-09-10 02:55:00,75.0,23.88888888888889
2024-09-10 03:55:00,76.3,24.611111111111107
2024-09-10 04:55:00,70.0,21.11111111111111
2024-09-10 05:55:00,66.0,18.88888888888889
2024-09-10 06:55:00,69.3,20.72222222222222
2024-09-10 07:55:00,63.7,17.61111111111111
2024-09-10 08:55:00,63.0,17.22222222222222
2024-09-10 09:55:00,59.9,15.499999999999998
2024-09-10 10:55:00,60.3,15.72222222222222
2024-09-10 11:55:00,58.1,14.5
2024-09-10 12:55:00,57.7,14.277777777777779
2024-09-10 13:55:00,64.0,17.77777777777778
2024-09-10 14:55:00,71.1,21.722222222222218
2024-09-10 15:55:00,76.3,24.611111111111107
2024-09-10 16:55:00,81.9,27.722222222222225
2024-09-10 17:07:00,82.4,28.000000000000004
2024-09-10 17:35:00,84.2,29.0
2024-09-10 17:55:00,83.8,28.777777777777775
2024-09-10 18:36:00,84.2,29.0
2024-09-10 18:41:00,84.2,29.0
2024-09-10 18:55:00,84.2,29.0
2024-09-10 19:55:00,85.6,29.777777777777775
2024-09-10 20:55:00,84.6,29.222222222222218
2024-09-10 21:55:00,84.9,29.388888888888893
2024-09-10 22:55:00,81.7,27.61111111111111
2024-09-10 23:55:00,78.1,25.611111111111107
2024-09-11 00:55:00,74.3,23.499999999999996
2024-09-11 00:59:00,75.2,24.0
2024-09-11 01:01:00,75.2,24.0
2024-09-11 01:30:00,73.4,23.000000000000004
2024-09-11 01:39:00,71.6,21.999999999999996
2024-09-11 01:51:00,73.4,23.000000000000004
2024-09-11 01:55:00,72.5,22.5
2024-09-11 02:00:00,71.6,21.999999999999996
2024-09-11 02:55:00,71.4,21.888888888888893
2024-09-11 03:09:00,71.6,21.999999999999996
2024-09-11 03:18:00,73.4,23.000000000000004
2024-09-11 03:19:00,73.4,23.000000000000004
2024-09-11 03:55:00,73.8,23.22222222222222
2024-09-11 04:55:00,74.1,23.388888888888886
2024-09-11 05:55:00,70.3,21.277777777777775
2024-09-11 06:55:00,68.2,20.11111111111111
2024-09-11 07:55:00,60.4,15.777777777777777
2024-09-11 08:55:00,61.9,16.61111111111111
2024-09-11 09:55:00,61.3,16.277777777777775
2024-09-11 10:55:00,58.8,14.888888888888888
2024-09-11 11:55:00,58.6,14.777777777777779
2024-09-11 12:55:00,58.5,14.722222222222221
2024-09-11 13:55:00,61.0,16.11111111111111
2024-09-11 14:55:00,66.2,19.0
2024-09-11 15:55:00,73.8,23.22222222222222
2024-09-11 16:55:00,76.3,24.611111111111107
2024-09-11 17:55:00,80.4,26.888888888888893
2024-09-11 18:55:00,83.7,28.72222222222222
2024-09-11 19:55:00,81.0,27.22222222222222
2024-09-11 20:01:00,80.6,26.999999999999996
2024-09-11 20:03:00,80.6,26.999999999999996
2024-09-11 20:09:00,80.6,26.999999999999996
2024-09-11 20:22:00,75.2,24.0
2024-09-11 20:27:00,73.4,23.000000000000004
2024-09-11 20:31:00,73.4,23.000000000000004
2024-09-11 20:36:00,71.6,21.999999999999996
2024-09-11 20:44:00,73.4,23.000000000000004
2024-09-11 20:55:00,70.5,21.38888888888889
2024-09-11 21:03:00,68.0,20.0
2024-09-11 21:10:00,71.6,21.999999999999996
2024-09-11 21:23:00,73.4,23.000000000000004
2024-09-11 21:25:00,71.6,21.999999999999996
2024-09-11 21:55:00,70.7,21.5
2024-09-11 22:29:00,66.2,19.0
2024-09-11 22:39:00,66.2,19.0
2024-09-11 22:40:00,66.2,19.0
2024-09-11 22:55:00,66.7,19.27777777777778
2024-09-11 23:10:00,62.6,17.0
2024-09-11 23:55:00,68.9,20.500000000000004
2024-09-12 00:55:00,65.3,18.499999999999996
2024-09-12 01:55:00,65.7,18.722222222222225
2024-09-12 02:55:00,67.5,19.72222222222222
2024-09-12 03:50:00,68.0,20.0
2024-09-12 03:55:00,65.8,18.777777777777775
2024-09-12 04:55:00,61.5,16.38888888888889
2024-09-12 05:55:00,58.8,14.888888888888888
2024-09-12 06:55:00,55.4,12.999999999999998
2024-09-12 07:55:00,52.9,11.61111111111111
2024-09-12 08:55:00,54.5,12.5
2024-09-12 09:55:00,51.6,10.88888888888889
2024-09-12 10:55:00,51.8,10.999999999999998
2024-09-12 11:55:00,51.3,10.72222222222222
2024-09-12 12:55:00,51.4,10.777777777777777
2024-09-12 13:55:00,57.2,14.000000000000002
2024-09-12 14:55:00,64.9,18.277777777777782
2024-09-12 15:55:00,66.4,19.111111111111114
2024-09-12 16:55:00,75.7,24.27777777777778
2024-09-12 17:55:00,81.7,27.61111111111111
2024-09-12 18:15:00,82.4,28.000000000000004
2024-09-12 18:55:00,83.3,28.499999999999996
2024-09-12 19:18:00,84.2,29.0
2024-09-12 19:55:00,84.2,29.0
2024-09-12 20:15:00,84.2,29.0
2024-09-12 20:27:00,84.2,29.0
2024-09-12 20:55:00,85.6,29.777777777777775
2024-09-12 21:55:00,86.9,30.500000000000004
2024-09-12 22:55:00,86.7,30.38888888888889
2024-09-12 23:55:00,85.5,29.72222222222222
2024-09-13 00:55:00,82.4,28.000000000000004
2024-09-13 01:55:00,77.7,25.38888888888889
2024-09-13 02:55:00,76.3,24.611111111111107
2024-09-13 03:55:00,73.2,22.88888888888889
2024-09-13 04:55:00,73.9,23.277777777777782
2024-09-13 05:55:00,76.6,24.777777777777775
2024-09-13 06:55:00,70.2,21.222222222222225
2024-09-13 07:55:00,61.7,16.5
2024-09-13 08:55:00,61.5,16.38888888888889
2024-09-13 09:55:00,64.2,17.88888888888889
2024-09-13 10:55:00,63.1,17.27777777777778
2024-09-13 11:55:00,62.1,16.72222222222222
2024-09-13 12:55:00,60.1,15.61111111111111
2024-09-13 13:55:00,63.3,17.388888888888886
2024-09-13 14:55:00,67.5,19.72222222222222
2024-09-13 15:55:00,74.7,23.722222222222225
2024-09-13 16:55:00,72.9,22.722222222222225
2024-09-13 17:55:00,75.4,24.111111111111114
2024-09-13 18:55:00,77.0,25.0
2024-09-13 19:55:00,79.2,26.22222222222222
2024-09-13 20:55:00,81.0,27.22222222222222
2024-09-13 21:55:00,82.8,28.22222222222222
2024-09-13 22:55:00,82.0,27.77777777777778
2024-09-13 23:55:00,80.2,26.77777777777778
2024-09-14 00:55:00,75.4,24.111111111111114
2024-09-14 01:55:00,76.3,24.611111111111107
2024-09-14 02:55:00,71.6,21.999999999999996
2024-09-14 03:55:00,70.7,21.5
2024-09-14 04:55:00,68.2,20.11111111111111
2024-09-14 05:55:00,64.6,18.111111111111107
2024-09-14 06:55:00,62.8,17.11111111111111
2024-09-14 07:55:00,60.8,15.999999999999998
2024-09-14 08:55:00,61.0,16.11111111111111
2024-09-14 09:55:00,56.5,13.61111111111111
2024-09-14 10:55:00,57.2,14.000000000000002
2024-09-14 11:55:00,56.7,13.722222222222223
2024-09-14 12:55:00,56.3,13.499999999999998
2024-09-14 13:55:00,58.1,14.5
2024-09-14 14:55:00,66.7,19.27777777777778
2024-09-14 15:55:00,73.8,23.22222222222222
2024-09-14 17:55:00,79.9,26.611111111111114
2024-09-14 18:55:00,81.3,27.388888888888886
2024-09-14 19:55:00,84.0,28.88888888888889
2024-09-14 20:40:00,86.0,30.0
2024-09-14 20:55:00,85.6,29.777777777777775
2024-09-14 21:55:00,87.4,30.77777777777778
2024-09-14 22:55:00,86.2,30.11111111111111
2024-09-14 23:08:00,86.0,30.0
2024-09-14 23:55:00,84.2,29.0
2024-09-15 00:55:00,77.0,25.0
2024-09-15 01:55:00,74.3,23.499999999999996
2024-09-15 02:55:00,73.8,23.22222222222222
2024-09-15 03:55:00,72.0,22.22222222222222
2024-09-15 04:55:00,72.1,22.277777777777775
2024-09-15 05:55:00,63.3,17.388888888888886
2024-09-15 06:55:00,60.6,15.88888888888889
2024-09-15 07:55:00,59.4,15.222222222222221
2024-09-15 08:55:00,57.6,14.222222222222223
2024-09-15 09:55:00,57.6,14.222222222222223
2024-09-15 10:55:00,56.7,13.722222222222223
2024-09-15 11:55:00,56.3,13.499999999999998
2024-09-15 12:55:00,55.9,13.277777777777777
2024-09-15 13:55:00,57.7,14.277777777777779
2024-09-15 14:55:00,70.2,21.222222222222225
2024-09-15 15:55:00,76.5,24.72222222222222
2024-09-15 16:55:00,77.0,25.0
2024-09-15 17:55:00,76.6,24.777777777777775
2024-09-15 18:55:00,82.2,27.88888888888889
2024-09-15 19:55:00,85.5,29.72222222222222
2024-09-15 20:55:00,86.4,30.222222222222225
2024-09-15 20:57:00,86.0,30.0
2024-09-15 21:55:00,83.5,28.61111111111111
2024-09-15 22:55:00,83.7,28.72222222222222
2024-09-15 23:55:00,81.1,27.277777777777775
2024-09-16 00:55:00,77.0,25.0
2024-09-16 01:55:00,74.5,23.61111111111111
2024-09-16 02:55:00,71.4,21.888888888888893
2024-09-16 03:55:00,65.3,18.499999999999996
2024-09-16 04:55:00,67.6,19.777777777777775
2024-09-16 05:55:00,63.0,17.22222222222222
2024-09-16 06:55:00,58.5,14.722222222222221
2024-09-16 07:55:00,58.5,14.722222222222221
2024-09-16 08:55:00,55.2,12.88888888888889
2024-09-16 09:55:00,54.0,12.222222222222221
2024-09-16 10:55:00,53.6,12.0
2024-09-16 11:55:00,52.3,11.277777777777777
2024-09-16 12:55:00,53.1,11.722222222222223
2024-09-16 13:55:00,58.6,14.777777777777779
2024-09-16 14:55:00,65.1,18.388888888888886
2024-09-16 15:55:00,71.1,21.722222222222218
2024-09-16 16:55:00,81.5,27.5
2024-09-16 17:55:00,79.2,26.22222222222222
2024-09-16 18:55:00,74.1,23.388888888888886
2024-09-16 19:55:00,69.8,20.999999999999996
2024-09-16 20:55:00,71.4,21.888888888888893
2024-09-16 21:55:00,72.9,22.722222222222225
2024-09-16 22:55:00,72.7,22.61111111111111
2024-09-16 23:55:00,72.3,22.388888888888886
2024-09-17 00:55:00,69.6,20.888888888888886
2024-09-17 01:55:00,68.5,20.27777777777778
2024-09-17 02:55:00,64.8,18.22222222222222
2024-09-17 03:55:00,61.7,16.5
2024-09-17 04:55:00,64.9,18.277777777777782
2024-09-17 05:55:00,64.4,18.000000000000004
2024-09-17 06:55:00,62.6,17.0
2024-09-17 07:55:00,57.7,14.277777777777779
2024-09-17 08:55:00,57.9,14.388888888888888
2024-09-17 09:55:00,55.6,13.11111111111111
2024-09-17 10:55:00,53.2,11.777777777777779
2024-09-17 11:55:00,51.4,10.777777777777777
2024-09-17 12:55:00,55.2,12.88888888888889
2024-09-17 13:55:00,60.4,15.777777777777777
2024-09-17 14:55:00,63.7,17.61111111111111
2024-09-17 15:55:00,73.2,22.88888888888889
2024-09-17 16:55:00,77.0,25.0
2024-09-17 17:55:00,80.6,26.999999999999996
2024-09-17 18:55:00,81.5,27.5
2024-09-17 19:55:00,81.0,27.22222222222222
2024-09-17 20:47:00,77.0,25.0
2024-09-17 20:48:00,77.0,25.0
2024-09-17 20:49:00,75.2,24.0
2024-09-17 20:55:00,65.8,18.777777777777775
2024-09-17 21:11:00,64.4,18.000000000000004
2024-09-17 21:15:00,64.4,18.000000000000004
2024-09-17 21:55:00,68.9,20.500000000000004
2024-09-17 22:55:00,68.7,20.38888888888889
2024-09-17 23:55:00,71.6,21.999999999999996
2024-09-18 00:55:00,64.2,17.88888888888889
2024-09-18 01:55:00,63.9,17.72222222222222
2024-09-18 02:27:00,59.0,15.0
2024-09-18 02:55:00,59.5,15.277777777777777
2024-09-18 03:55:00,58.6,14.777777777777779
2024-09-18 04:55:00,54.1,12.277777777777779
2024-09-18 05:55:00,54.7,12.611111111111112
2024-09-18 06:55:00,54.3,12.388888888888888
2024-09-18 07:55:00,52.0,11.11111111111111
2024-09-18 08:55:00,52.2,11.222222222222223
2024-09-18 09:55:00,61.5,16.38888888888889
2024-09-18 10:55:00,59.7,15.38888888888889
2024-09-18 11:55:00,61.9,16.61111111111111
2024-09-18 12:55:00,61.5,16.38888888888889
2024-09-18 13:55:00,64.2,17.88888888888889
2024-09-18 14:55:00,69.1,20.611111111111107
2024-09-18 15:55:00,75.6,24.222222222222218
2024-09-18 16:55:00,74.7,23.722222222222225
2024-09-18 17:55:00,75.4,24.111111111111114
2024-09-18 18:55:00,78.1,25.611111111111107
2024-09-18 19:55:00,80.2,26.77777777777778
2024-09-18 20:28:00,80.6,26.999999999999996
2024-09-18 20:55:00,80.4,26.888888888888893
2024-09-18 21:00:00,80.6,26.999999999999996
2024-09-18 21:03:00,80.6,26.999999999999996
2024-09-18 21:51:00,80.6,26.999999999999996
2024-09-18 21:55:00,82.0,27.77777777777778
2024-09-18 22:09:00,82.4,28.000000000000004
2024-09-18 22:55:00,82.2,27.88888888888889
2024-09-18 23:55:00,80.1,26.722222222222218
2024-09-19 00:55:00,74.1,23.388888888888886
2024-09-19 01:55:00,70.9,21.611111111111114
2024-09-19 02:55:00,73.4,23.000000000000004
2024-09-19 03:55:00,72.7,22.61111111111111
2024-09-19 04:55:00,69.1,20.611111111111107
2024-09-19 05:55:00,70.0,21.11111111111111
2024-09-19 06:55:00,62.4,16.88888888888889
2024-09-19 07:55:00,63.7,17.61111111111111
2024-09-19 08:55:00,55.8,13.22222222222222
2024-09-19 09:55:00,60.1,15.61111111111111
2024-09-19 10:55:00,56.5,13.61111111111111
2024-09-19 11:55:00,55.9,13.277777777777777
2024-09-19 12:55:00,50.9,10.499999999999998
2024-09-19 13:55:00,58.1,14.5
2024-09-19 14:55:00,64.2,17.88888888888889
2024-09-19 15:55:00,67.8,19.888888888888886
2024-09-19 16:55:00,71.4,21.888888888888893
2024-09-19 17:14:00,73.4,23.000000000000004
2024-09-19 17:55:00,73.9,23.277777777777782
2024-09-19 18:55:00,76.6,24.777777777777775
2024-09-19 19:43:00,77.0,25.0
2024-09-19 19:55:00,76.6,24.777777777777775
2024-09-19 20:28:00,77.0,25.0
2024-09-19 20:55:00,76.8,24.888888888888886
2024-09-19 21:55:00,77.5,25.27777777777778
2024-09-19 22:07:00,78.8,25.999999999999996
2024-09-19 22:55:00,78.1,25.611111111111107
2024-09-19 23:55:00,74.8,23.777777777777775
2024-09-20 00:55:00,70.0,21.11111111111111
2024-09-20 01:55:00,72.0,22.22222222222222
2024-09-20 02:55:00,71.4,21.888888888888893
2024-09-20 03:55:00,68.0,20.0
2024-09-20 04:55:00,62.8,17.11111111111111
2024-09-20 05:55:00,66.6,19.222222222222218
2024-09-20 06:55:00,64.8,18.22222222222222
2024-09-20 07:55:00,54.1,12.277777777777779
2024-09-20 08:55:00,54.7,12.611111111111112
2024-09-20 09:55:00,52.0,11.11111111111111
2024-09-20 10:55:00,52.3,11.277777777777777
2024-09-20 11:55:00,51.4,10.777777777777777
2024-09-20 12:55:00,51.4,10.777777777777777
2024-09-20 13:55:00,60.6,15.88888888888889
2024-09-20 14:55:00,66.0,18.88888888888889
2024-09-20 15:55:00,70.3,21.277777777777775
2024-09-20 16:55:00,75.2,24.0
2024-09-20 17:55:00,78.8,25.999999999999996
2024-09-20 18:55:00,83.5,28.61111111111111
2024-09-20 19:55:00,85.1,29.499999999999996
2024-09-20 20:55:00,86.2,30.11111111111111
2024-09-20 21:55:00,86.7,30.38888888888889
2024-09-20 22:11:00,86.0,30.0
2024-09-20 22:17:00,86.0,30.0
2024-09-20 22:37:00,86.0,30.0
2024-09-20 22:55:00,86.7,30.38888888888889
2024-09-20 23:55:00,83.5,28.61111111111111
2024-09-21 00:55:00,76.8,24.888888888888886
2024-09-21 01:55:00,75.4,24.111111111111114
2024-09-21 02:55:00,71.8,22.11111111111111
2024-09-21 03:55:00,63.5,17.5
2024-09-21 04:55:00,58.3,14.611111111111109
2024-09-21 05:55:00,58.8,14.888888888888888
2024-09-21 06:55:00,55.9,13.277777777777777
2024-09-21 07:55:00,58.1,14.5
2024-09-21 08:55:00,61.2,16.222222222222225
2024-09-21 09:55:00,58.6,14.777777777777779
2024-09-21 10:55:00,61.7,16.5
2024-09-21 11:55:00,64.0,17.77777777777778
2024-09-21 12:55:00,61.9,16.61111111111111
2024-09-21 13:55:00,65.8,18.777777777777775
2024-09-21 14:55:00,68.2,20.11111111111111
2024-09-21 15:55:00,68.0,20.0
2024-09-21 16:55:00,69.6,20.888888888888886
2024-09-21 17:55:00,70.3,21.277777777777775
2024-09-21 18:55:00,70.7,21.5
2024-09-21 19:55:00,70.3,21.277777777777775
2024-09-21 20:55:00,70.5,21.38888888888889
2024-09-21 21:55:00,66.4,19.111111111111114
2024-09-21 22:44:00,64.4,18.000000000000004
2024-09-21 22:55:00,64.6,18.111111111111107
2024-09-21 22:56:00,64.4,18.000000000000004
2024-09-21 23:01:00,64.4,18.000000000000004
2024-09-21 23:13:00,62.6,17.0
2024-09-21 23:31:00,60.8,15.999999999999998
2024-09-21 23:41:00,60.8,15.999999999999998
2024-09-21 23:55:00,59.2,15.111111111111112
2024-09-22 00:55:00,59.4,15.222222222222221
2024-09-22 01:52:00,59.0,15.0
2024-09-22 01:55:00,59.5,15.277777777777777
2024-09-22 01:57:00,59.0,15.0
2024-09-22 01:58:00,59.0,15.0
2024-09-22 02:28:00,51.8,10.999999999999998
2024-09-22 02:43:00,51.8,10.999999999999998
2024-09-22 02:55:00,51.1,10.611111111111112
2024-09-22 03:25:00,50.0,10.0
2024-09-22 03:55:00,49.6,9.777777777777779
2024-09-22 04:23:00,50.0,10.0
2024-09-22 04:25:00,50.0,10.0
2024-09-22 04:55:00,49.8,9.888888888888888
2024-09-22 04:56:00,50.0,10.0
2024-09-22 05:55:00,50.2,10.111111111111112
2024-09-22 06:55:00,49.8,9.888888888888888
2024-09-22 07:25:00,50.0,10.0
2024-09-22 07:40:00,50.0,10.0
2024-09-22 07:55:00,50.0,10.0
2024-09-22 08:25:00,50.0,10.0
2024-09-22 08:26:00,50.0,10.0
2024-09-22 08:41:00,50.0,10.0
2024-09-22 08:55:00,48.6,9.222222222222223
2024-09-22 09:10:00,48.2,9.000000000000002
2024-09-22 09:13:00,48.2,9.000000000000002
2024-09-22 09:55:00,48.9,9.388888888888888
2024-09-22 10:55:00,49.5,9.722222222222221
2024-09-22 10:58:00,50.0,10.0
2024-09-22 11:00:00,50.0,10.0
2024-09-22 11:15:00,48.2,9.000000000000002
2024-09-22 11:30:00,48.2,9.000000000000002
2024-09-22 11:45:00,48.2,9.000000000000002
2024-09-22 11:55:00,48.0,8.88888888888889
2024-09-22 12:25:00,48.2,9.000000000000002
2024-09-22 12:55:00,48.0,8.88888888888889
2024-09-22 13:10:00,48.2,9.000000000000002
2024-09-22 13:25:00,46.4,7.999999999999999
2024-09-22 13:26:00,46.4,7.999999999999999
2024-09-22 13:41:00,46.4,7.999999999999999
2024-09-22 13:55:00,45.9,7.722222222222221
2024-09-22 13:57:00,46.4,7.999999999999999
2024-09-22 14:27:00,44.6,7.000000000000001
2024-09-22 14:55:00,46.8,8.22222222222222
2024-09-22 14:59:00,46.4,7.999999999999999
2024-09-22 15:04:00,48.2,9.000000000000002
2024-09-22 15:15:00,42.8,5.999999999999998
2024-09-22 15:55:00,45.5,7.5
2024-09-22 16:40:00,46.4,7.999999999999999
2024-09-22 16:55:00,47.3,8.499999999999998
2024-09-22 17:10:00,48.2,9.000000000000002
2024-09-22 17:25:00,48.2,9.000000000000002
2024-09-22 17:55:00,48.7,9.277777777777779
2024-09-22 18:55:00,49.8,9.888888888888888
2024-09-22 19:55:00,50.0,10.0
2024-09-22 20:25:00,51.8,10.999999999999998
2024-09-22 20:40:00,51.8,10.999999999999998
2024-09-22 20:55:00,52.2,11.222222222222223
2024-09-22 21:10:00,51.8,10.999999999999998
2024-09-22 21:55:00,52.0,11.11111111111111
2024-09-22 22:55:00,53.2,11.777777777777779
2024-09-22 23:55:00,53.1,11.722222222222223
2024-09-23 00:55:00,52.5,11.38888888888889
2024-09-23 01:55:00,50.7,10.388888888888891
2024-09-23 02:55:00,47.3,8.499999999999998
2024-09-23 03:55:00,48.6,9.222222222222223
2024-09-23 04:55:00,47.7,8.722222222222223
2024-09-23 05:55:00,43.2,6.222222222222223
2024-09-23 06:55:00,42.6,5.888888888888889
2024-09-23 07:55:00,43.9,6.61111111111111
2024-09-23 08:55:00,41.2,5.1111111111111125
2024-09-23 09:55:00,40.6,4.777777777777779
2024-09-23 10:55:00,41.2,5.1111111111111125
2024-09-23 11:55:00,39.4,4.11111111111111
2024-09-23 12:55:00,42.1,5.611111111111112
2024-09-23 13:55:00,48.9,9.388888888888888
2024-09-23 14:55:00,56.3,13.499999999999998
2024-09-23 15:55:00,65.3,18.499999999999996
2024-09-23 16:55:00,68.9,20.500000000000004
2024-09-23 17:55:00,70.3,21.277777777777775
2024-09-23 18:55:00,73.2,22.88888888888889
2024-09-23 19:55:00,74.3,23.499999999999996
2024-09-23 20:55:00,75.2,24.0
2024-09-23 21:55:00,76.8,24.888888888888886
2024-09-23 22:55:00,76.1,24.499999999999996
2024-09-23 23:55:00,74.7,23.722222222222225
2024-09-24 00:55:00,68.0,20.0
2024-09-24 01:55:00,65.3,18.499999999999996
2024-09-24 02:55:00,66.6,19.222222222222218
2024-09-24 03:55:00,66.2,19.0
2024-09-24 04:55:00,58.8,14.888888888888888
2024-09-24 05:55:00,58.3,14.611111111111109
2024-09-24 06:55:00,57.4,14.11111111111111
2024-09-24 07:55:00,56.7,13.722222222222223
2024-09-24 08:55:00,54.9,12.722222222222221
2024-09-24 09:55:00,57.6,14.222222222222223
2024-09-24 10:55:00,55.0,12.777777777777777
2024-09-24 11:54:00,54.5,12.5
2024-09-24 12:10:00,55.4,12.999999999999998
2024-09-24 12:55:00,55.2,12.88888888888889
2024-09-24 13:55:00,57.9,14.388888888888888
2024-09-24 14:55:00,62.1,16.72222222222222
2024-09-24 15:55:00,65.7,18.722222222222225
2024-09-24 16:55:00,68.5,20.27777777777778
2024-09-24 17:55:00,73.4,23.000000000000004
2024-09-24 18:55:00,73.4,23.000000000000004
2024-09-24 19:59:00,74.8,23.777777777777775
2024-09-24 20:55:00,76.1,24.499999999999996
2024-09-24 21:53:00,76.5,24.72222222222222
2024-09-24 21:55:00,76.3,24.611111111111107
2024-09-24 22:55:00,76.6,24.777777777777775
2024-09-24 23:55:00,74.3,23.499999999999996
2024-09-25 00:55:00,70.2,21.222222222222225
2024-09-25 01:55:00,67.3,19.61111111111111
2024-09-25 02:55:00,63.7,17.61111111111111
2024-09-25 03:55:00,64.8,18.22222222222222
2024-09-25 04:10:00,64.4,18.000000000000004
2024-09-25 04:40:00,62.6,17.0
2024-09-25 04:55:00,59.2,15.111111111111112
2024-09-25 05:55:00,63.3,17.388888888888886
2024-09-25 06:55:00,51.6,10.88888888888889
2024-09-25 07:55:00,52.3,11.277777777777777
2024-09-25 08:56:00,52.2,11.222222222222223
2024-09-25 09:55:00,50.7,10.388888888888891
2024-09-25 10:56:00,50.2,10.111111111111112
2024-09-25 11:55:00,52.5,11.38888888888889
2024-09-25 12:55:00,51.1,10.611111111111112
2024-09-25 13:55:00,54.7,12.611111111111112
2024-09-25 14:25:00,59.0,15.0
2024-09-25 14:55:00,62.6,17.0
2024-09-25 15:55:00,67.5,19.72222222222222
2024-09-25 16:55:00,72.7,22.61111111111111
2024-09-25 17:55:00,75.6,24.222222222222218
2024-09-25 18:55:00,78.4,25.77777777777778
2024-09-25 19:55:00,79.5,26.38888888888889
2024-09-25 21:15:00,81.0,27.22222222222222
2024-09-25 21:55:00,80.8,27.111111111111107
2024-09-25 22:55:00,80.6,26.999999999999996
2024-09-25 23:55:00,77.9,25.500000000000004
2024-09-26 00:55:00,70.0,21.11111111111111
2024-09-26 01:55:00,66.7,19.27777777777778
2024-09-26 02:55:00,66.2,19.0
2024-09-26 03:55:00,66.4,19.111111111111114
2024-09-26 04:55:00,64.6,18.111111111111107
2024-09-26 05:55:00,65.8,18.777777777777775
2024-09-26 06:55:00,54.1,12.277777777777779
2024-09-26 07:55:00,55.6,13.11111111111111
2024-09-26 08:55:00,54.7,12.611111111111112
2024-09-26 09:55:00,51.4,10.777777777777777
2024-09-26 10:55:00,52.9,11.61111111111111
2024-09-26 11:55:00,53.6,12.0
2024-09-26 12:55:00,51.8,10.999999999999998
2024-09-26 13:55:00,57.4,14.11111111111111
2024-09-26 14:55:00,69.6,20.888888888888886
2024-09-26 15:55:00,73.6,23.111111111111107
2024-09-26 16:55:00,81.5,27.5
2024-09-26 17:55:00,85.6,29.777777777777775
2024-09-26 18:55:00,87.6,30.888888888888886
2024-09-26 19:55:00,88.5,31.38888888888889
2024-09-26 20:55:00,89.8,32.11111111111111
2024-09-26 21:55:00,89.4,31.888888888888893
2024-09-26 22:55:00,88.9,31.611111111111114
2024-09-26 23:55:00,85.6,29.777777777777775
2024-09-27 00:55:00,78.4,25.77777777777778
2024-09-27 01:55:00,73.9,23.277777777777782
2024-09-27 02:55:00,75.0,23.88888888888889
2024-09-27 03:55:00,76.5,24.72222222222222
2024-09-27 04:55:00,72.5,22.5
2024-09-27 05:55:00,66.0,18.88888888888889
2024-09-27 06:55:00,64.0,17.77777777777778
2024-09-27 07:55:00,66.2,19.0
2024-09-27 08:55:00,66.2,19.0
2024-09-27 09:55:00,64.4,18.000000000000004
2024-09-27 10:55:00,62.6,17.0
2024-09-27 11:55:00,66.4,19.111111111111114
2024-09-27 12:55:00,69.1,20.611111111111107
2024-09-27 13:55:00,71.4,21.888888888888893
2024-09-27 14:55:00,72.1,22.277777777777775
2024-09-27 15:55:00,72.9,22.722222222222225
2024-09-27 16:55:00,76.8,24.888888888888886
2024-09-27 17:55:00,81.5,27.5
2024-09-27 18:55:00,84.2,29.0
2024-09-27 19:55:00,85.3,29.611111111111107
2024-09-27 20:55:00,84.6,29.222222222222218
2024-09-27 21:55:00,85.1,29.499999999999996
2024-09-27 22:55:00,83.1,28.388888888888886
2024-09-27 23:55:00,79.5,26.38888888888889
2024-09-28 00:55:00,78.1,25.611111111111107
2024-09-28 01:55:00,68.4,20.222222222222225
2024-09-28 02:55:00,66.0,18.88888888888889
2024-09-28 03:55:00,63.5,17.5
2024-09-28 04:55:00,64.6,18.111111111111107
2024-09-28 05:55:00,65.7,18.722222222222225
2024-09-28 06:55:00,63.3,17.388888888888886
2024-09-28 07:55:00,61.9,16.61111111111111
2024-09-28 08:55:00,59.2,15.111111111111112
2024-09-28 09:55:00,59.4,15.222222222222221
2024-09-28 10:55:00,57.7,14.277777777777779
2024-09-28 11:55:00,56.8,13.777777777777775
2024-09-28 12:55:00,55.6,13.11111111111111
2024-09-28 13:55:00,59.4,15.222222222222221
2024-09-28 14:55:00,65.3,18.499999999999996
2024-09-28 15:55:00,73.6,23.111111111111107
2024-09-28 16:55:00,75.2,24.0
2024-09-28 17:55:00,78.1,25.611111111111107
2024-09-28 18:55:00,80.8,27.111111111111107
2024-09-28 19:55:00,80.4,26.888888888888893
2024-09-28 20:35:00,80.6,26.999999999999996
2024-09-28 20:55:00,81.9,27.722222222222225
2024-09-28 21:55:00,82.6,28.111111111111107
2024-09-28 22:55:00,81.9,27.722222222222225
2024-09-28 23:55:00,79.2,26.22222222222222
2024-09-29 00:55:00,72.7,22.61111111111111
2024-09-29 01:55:00,70.3,21.277777777777775
2024-09-29 02:55:00,68.9,20.500000000000004
2024-09-29 03:55:00,67.5,19.72222222222222
2024-09-29 04:55:00,66.7,19.27777777777778
2024-09-29 05:55:00,66.0,18.88888888888889
2024-09-29 06:55:00,60.3,15.72222222222222
2024-09-29 07:55:00,60.4,15.777777777777777
2024-09-29 08:55:00,61.3,16.277777777777775
2024-09-29 09:55:00,61.3,16.277777777777775
2024-09-29 10:55:00,52.7,11.500000000000002
2024-09-29 11:55:00,55.6,13.11111111111111
2024-09-29 12:55:00,53.8,12.111111111111109
2024-09-29 13:55:00,59.7,15.38888888888889
2024-09-29 14:55:00,67.5,19.72222222222222
2024-09-29 15:55:00,71.4,21.888888888888893
2024-09-29 16:55:00,75.0,23.88888888888889
2024-09-29 17:55:00,77.0,25.0
2024-09-29 18:55:00,81.7,27.61111111111111
2024-09-29 19:55:00,83.8,28.777777777777775
2024-09-29 20:55:00,84.7,29.27777777777778
2024-09-29 21:55:00,85.1,29.499999999999996
2024-09-29 22:12:00,84.2,29.0
2024-09-29 22:55:00,84.4,29.111111111111114
2024-09-29 23:55:00,82.0,27.77777777777778
2024-09-30 00:55:00,75.7,24.27777777777778
2024-09-30 01:55:00,74.8,23.777777777777775
2024-09-30 02:55:00,73.0,22.77777777777778
2024-09-30 03:55:00,74.3,23.499999999999996
2024-09-30 04:55:00,61.3,16.277777777777775
2024-09-30 05:55:00,61.0,16.11111111111111
2024-09-30 06:55:00,58.6,14.777777777777779
2024-09-30 07:55:00,60.4,15.777777777777777
2024-09-30 08:55:00,60.1,15.61111111111111
2024-09-30 09:55:00,61.7,16.5
2024-09-30 10:55:00,63.7,17.61111111111111
2024-09-30 11:55:00,65.7,18.722222222222225
2024-09-30 12:55:00,67.6,19.777777777777775
2024-09-30 13:55:00,72.7,22.61111111111111
2024-09-30 14:55:00,77.4,25.222222222222225
2024-09-30 15:55:00,82.8,28.22222222222222
2024-09-30 16:55:00,86.0,30.0
2024-09-30 17:05:00,86.0,30.0
2024-09-30 17:55:00,85.5,29.72222222222222
2024-09-30 18:55:00,84.7,29.27777777777778
2024-09-30 19:55:00,87.4,30.77777777777778
2024-09-30 20:42:00,82.4,28.000000000000004
2024-09-30 20:55:00,82.2,27.88888888888889
2024-09-30 21:55:00,81.0,27.22222222222222
2024-09-30 22:55:00,79.2,26.22222222222222
2024-09-30 23:55:00,74.8,23.777777777777775
2024-10-01 00:55:00,66.9,19.388888888888893
2024-10-01 01:55:00,63.9,17.72222222222222
2024-10-01 02:55:00,60.3,15.72222222222222
2024-10-01 03:55:00,58.1,14.5
2024-10-01 04:55:00,55.4,12.999999999999998
2024-10-01 05:55:00,54.5,12.5
2024-10-01 06:55:00,52.7,11.500000000000002
2024-10-01 07:55:00,51.1,10.611111111111112
2024-10-01 08:55:00,49.6,9.777777777777779
2024-10-01 09:55:00,46.9,8.277777777777777
2024-10-01 10:55:00,44.6,7.000000000000001
2024-10-01 11:55:00,44.1,6.722222222222223
2024-10-01 12:55:00,43.7,6.500000000000002
2024-10-01 13:55:00,46.6,8.111111111111112
2024-10-01 14:55:00,51.1,10.611111111111112
2024-10-01 15:55:00,56.3,13.499999999999998
2024-10-01 16:55:00,60.6,15.88888888888889
2024-10-01 17:55:00,63.7,17.61111111111111
2024-10-01 18:55:00,65.1,18.388888888888886
2024-10-01 19:55:00,66.6,19.222222222222218
2024-10-01 20:55:00,68.9,20.500000000000004
2024-10-01 21:55:00,69.1,20.611111111111107
2024-10-01 22:55:00,71.1,21.722222222222218
2024-10-01 23:55:00,67.6,19.777777777777775
2024-10-02 00:55:00,60.1,15.61111111111111
2024-10-02 01:55:00,62.2,16.77777777777778
2024-10-02 02:55:00,60.1,15.61111111111111
2024-10-02 03:55:00,59.0,15.0
2024-10-02 04:55:00,54.5,12.5
2024-10-02 05:55:00,47.5,8.61111111111111
2024-10-02 06:55:00,48.9,9.388888888888888
2024-10-02 07:55:00,49.8,9.888888888888888
2024-10-02 08:55:00,48.4,9.11111111111111
2024-10-02 09:55:00,48.2,9.000000000000002
2024-10-02 10:55:00,48.4,9.11111111111111
2024-10-02 11:55:00,58.8,14.888888888888888
2024-10-02 12:55:00,63.3,17.388888888888886
2024-10-02 13:55:00,61.2,16.222222222222225
2024-10-02 14:55:00,68.9,20.500000000000004
2024-10-02 15:55:00,78.6,25.888888888888886
2024-10-02 16:55:00,81.5,27.5
2024-10-02 17:02:00,82.4,28.000000000000004
2024-10-02 17:04:00,82.4,28.000000000000004
2024-10-02 17:55:00,84.6,29.222222222222218
2024-10-02 18:55:00,85.8,29.888888888888886
2024-10-02 19:55:00,86.5,30.27777777777778
2024-10-02 20:55:00,87.3,30.72222222222222
2024-10-02 21:55:00,87.8,30.999999999999996
2024-10-02 22:55:00,86.7,30.38888888888889
2024-10-02 23:55:00,82.8,28.22222222222222
2024-10-03 00:55:00,77.0,25.0
2024-10-03 01:55:00,66.7,19.27777777777778
2024-10-03 02:55:00,68.2,20.11111111111111
2024-10-03 03:55:00,62.2,16.77777777777778
2024-10-03 04:55:00,60.3,15.72222222222222
2024-10-03 05:55:00,61.3,16.277777777777775
2024-10-03 06:55:00,59.4,15.222222222222221
2024-10-03 07:55:00,59.9,15.499999999999998
2024-10-03 08:55:00,60.3,15.72222222222222
2024-10-03 09:55:00,58.8,14.888888888888888
2024-10-03 10:55:00,57.0,13.88888888888889
2024-10-03 11:55:00,57.6,14.222222222222223
2024-10-03 12:55:00,56.7,13.722222222222223
2024-10-03 13:55:00,61.3,16.277777777777775
2024-10-03 14:55:00,68.9,20.500000000000004
2024-10-03 15:55:00,76.8,24.888888888888886
2024-10-03 16:55:00,80.2,26.77777777777778
2024-10-03 17:55:00,80.1,26.722222222222218
2024-10-03 18:55:00,81.1,27.277777777777775
2024-10-03 19:55:00,80.1,26.722222222222218
2024-10-03 19:57:00,80.6,26.999999999999996
2024-10-03 20:13:00,80.6,26.999999999999996
2024-10-03 20:22:00,80.6,26.999999999999996
2024-10-03 20:55:00,76.8,24.888888888888886
2024-10-03 21:55:00,76.3,24.611111111111107
2024-10-03 22:55:00,73.6,23.111111111111107
2024-10-03 23:55:00,71.1,21.722222222222218
2024-10-04 00:55:00,64.0,17.77777777777778
2024-10-04 01:55:00,59.5,15.277777777777777
2024-10-04 02:55:00,56.7,13.722222222222223
2024-10-04 03:55:00,55.9,13.277777777777777
2024-10-04 04:55:00,56.1,13.38888888888889
2024-10-04 05:55:00,58.1,14.5
2024-10-04 06:55:00,54.3,12.388888888888888
2024-10-04 07:55:00,46.2,7.88888888888889
2024-10-04 08:55:00,48.4,9.11111111111111
2024-10-04 09:55:00,45.0,7.222222222222222
2024-10-04 10:55:00,47.7,8.722222222222223
2024-10-04 11:55:00,43.9,6.61111111111111
2024-10-04 12:55:00,41.0,5.0
2024-10-04 13:55:00,45.3,7.3888888888888875
2024-10-04 14:55:00,50.4,10.222222222222221
2024-10-04 15:55:00,55.8,13.22222222222222
2024-10-04 16:55:00,60.8,15.999999999999998
2024-10-04 17:55:00,63.0,17.22222222222222
2024-10-04 18:55:00,68.2,20.11111111111111
2024-10-04 19:55:00,71.2,21.77777777777778
2024-10-04 20:55:00,75.0,23.88888888888889
2024-10-04 21:55:00,76.1,24.499999999999996
2024-10-04 22:55:00,75.2,24.0
2024-10-04 23:55:00,73.2,22.88888888888889
2024-10-05 00:55:00,69.8,20.999999999999996
2024-10-05 01:55:00,64.9,18.277777777777782
2024-10-05 02:55:00,67.5,19.72222222222222
2024-10-05 03:55:00,60.8,15.999999999999998
2024-10-05 04:55:00,56.8,13.777777777777775
2024-10-05 05:55:00,58.1,14.5
2024-10-05 06:55:00,54.7,12.611111111111112
2024-10-05 07:55:00,52.2,11.222222222222223
2024-10-05 08:55:00,55.9,13.277777777777777
2024-10-05 09:55:00,59.9,15.499999999999998
2024-10-05 10:55:00,52.5,11.38888888888889
2024-10-05 11:55:00,56.7,13.722222222222223
2024-10-05 12:55:00,69.1,20.611111111111107
2024-10-05 13:55:00,61.2,16.222222222222225
2024-10-05 14:55:00,75.6,24.222222222222218
2024-10-05 15:55:00,81.3,27.388888888888886
2024-10-05 16:55:00,82.6,28.111111111111107
2024-10-05 17:55:00,84.6,29.222222222222218
2024-10-05 18:55:00,84.2,29.0
2024-10-05 19:55:00,84.7,29.27777777777778
2024-10-05 20:55:00,86.7,30.38888888888889
2024-10-05 21:55:00,85.6,29.777777777777775
2024-10-05 22:55:00,84.9,29.388888888888893
2024-10-05 23:55:00,81.5,27.5
2024-10-06 00:55:00,74.8,23.777777777777775
2024-10-06 01:55:00,67.8,19.888888888888886
2024-10-06 02:55:00,68.4,20.222222222222225
2024-10-06 02:56:00,68.0,20.0
2024-10-06 03:55:00,65.5,18.61111111111111
2024-10-06 04:55:00,62.2,16.77777777777778
2024-10-06 05:55:00,63.5,17.5
2024-10-06 06:55:00,60.4,15.777777777777777
2024-10-06 07:55:00,59.9,15.499999999999998
2024-10-06 08:55:00,57.9,14.388888888888888
2024-10-06 09:55:00,57.2,14.000000000000002
2024-10-06 10:55:00,48.0,8.88888888888889
2024-10-06 11:55:00,45.9,7.722222222222221
2024-10-06 12:55:00,48.7,9.277777777777779
2024-10-06 13:55:00,51.4,10.777777777777777
2024-10-06 14:55:00,56.7,13.722222222222223
2024-10-06 15:55:00,60.6,15.88888888888889
2024-10-06 16:55:00,62.8,17.11111111111111
2024-10-06 17:30:00,64.4,18.000000000000004
2024-10-06 17:55:00,65.5,18.61111111111111
2024-10-06 18:55:00,67.6,19.777777777777775
2024-10-06 19:55:00,70.5,21.38888888888889
2024-10-06 20:55:00,71.6,21.999999999999996
2024-10-06 21:55:00,71.6,21.999999999999996
2024-10-06 22:55:00,71.2,21.77777777777778
2024-10-06 23:55:00,67.3,19.61111111111111
2024-10-07 00:55:00,60.1,15.61111111111111
2024-10-07 01:55:00,55.0,12.777777777777777
2024-10-07 02:55:00,57.6,14.222222222222223
2024-10-07 03:55:00,57.7,14.277777777777779
2024-10-07 04:55:00,58.5,14.722222222222221
2024-10-07 05:55:00,50.0,10.0
2024-10-07 06:55:00,46.9,8.277777777777777
2024-10-07 07:55:00,47.5,8.61111111111111
2024-10-07 08:55:00,46.9,8.277777777777777
2024-10-07 09:55:00,46.4,7.999999999999999
2024-10-07 10:55:00,44.8,7.111111111111109
2024-10-07 11:55:00,48.4,9.11111111111111
2024-10-07 12:55:00,41.5,5.277777777777778
2024-10-07 13:00:00,41.5,5.277777777777778
2024-10-07 13:55:00,48.9,9.388888888888888
2024-10-07 14:55:00,60.8,15.999999999999998
2024-10-07 15:55:00,70.9,21.611111111111114
2024-10-07 16:55:00,72.7,22.61111111111111
2024-10-07 17:55:00,75.9,24.388888888888893
2024-10-07 18:55:00,79.3,26.277777777777775
2024-10-07 19:55:00,79.7,26.5
2024-10-07 20:55:00,77.9,25.500000000000004
2024-10-07 21:55:00,81.3,27.388888888888886
2024-10-07 22:55:00,78.6,25.888888888888886
2024-10-07 23:55:00,76.5,24.72222222222222
2024-10-08 00:55:00,68.7,20.38888888888889
2024-10-08 01:55:00,68.4,20.222222222222225
2024-10-08 02:55:00,61.9,16.61111111111111
2024-10-08 03:55:00,58.5,14.722222222222221
2024-10-08 04:55:00,55.8,13.22222222222222
2024-10-08 05:55:00,54.1,12.277777777777779
2024-10-08 06:55:00,54.0,12.222222222222221
2024-10-08 07:55:00,53.1,11.722222222222223
2024-10-08 08:55:00,51.6,10.88888888888889
2024-10-08 09:55:00,51.8,10.999999999999998
2024-10-08 10:55:00,50.2,10.111111111111112
2024-10-08 11:55:00,50.7,10.388888888888891
2024-10-08 12:55:00,51.6,10.88888888888889
2024-10-08 14:55:00,63.3,17.388888888888886
2024-10-08 15:55:00,71.2,21.77777777777778
2024-10-08 16:55:00,73.6,23.111111111111107
2024-10-08 17:55:00,76.6,24.777777777777775
2024-10-08 18:55:00,78.8,25.999999999999996
2024-10-08 19:55:00,77.0,25.0
2024-10-08 20:55:00,80.2,26.77777777777778
2024-10-08 21:55:00,77.4,25.222222222222225
2024-10-08 22:55:00,75.4,24.111111111111114
2024-10-08 23:55:00,72.5,22.5
2024-10-09 00:55:00,69.8,20.999999999999996
2024-10-09 01:55:00,65.5,18.61111111111111
2024-10-09 02:55:00,66.9,19.388888888888893
2024-10-09 03:55:00,64.2,17.88888888888889
2024-10-09 04:55:00,57.7,14.277777777777779
2024-10-09 05:55:00,55.0,12.777777777777777
2024-10-09 06:55:00,55.0,12.777777777777777
2024-10-09 07:55:00,54.3,12.388888888888888
2024-10-09 08:55:00,51.4,10.777777777777777
2024-10-09 09:55:00,50.7,10.388888888888891
2024-10-09 10:55:00,53.6,12.0
2024-10-09 11:55:00,54.7,12.611111111111112
2024-10-09 12:55:00,52.7,11.500000000000002
2024-10-09 13:55:00,57.6,14.222222222222223
2024-10-09 14:55:00,62.2,16.77777777777778
2024-10-09 15:55:00,72.9,22.722222222222225
2024-10-09 16:55:00,75.9,24.388888888888893
2024-10-09 17:55:00,80.2,26.77777777777778
2024-10-09 18:55:00,77.7,25.38888888888889
2024-10-09 19:55:00,78.4,25.77777777777778
2024-10-09 20:55:00,79.0,26.11111111111111
2024-10-09 21:55:00,73.0,22.77777777777778
2024-10-09 22:55:00,74.8,23.777777777777775
2024-10-09 23:55:00,71.8,22.11111111111111
2024-10-10 00:55:00,69.6,20.888888888888886
2024-10-10 01:55:00,68.9,20.500000000000004
2024-10-10 02:55:00,62.6,17.0
2024-10-10 03:55:00,56.5,13.61111111111111
2024-10-10 04:55:00,55.2,12.88888888888889
2024-10-10 05:55:00,58.1,14.5
2024-10-10 06:55:00,53.2,11.777777777777779
2024-10-10 07:55:00,55.9,13.277777777777777
2024-10-10 08:55:00,52.3,11.277777777777777
2024-10-10 09:55:00,54.3,12.388888888888888
2024-10-10 10:55:00,53.2,11.777777777777779
2024-10-10 11:55:00,52.9,11.61111111111111
2024-10-10 12:55:00,54.1,12.277777777777779
2024-10-10 13:55:00,57.9,14.388888888888888
2024-10-10 14:55:00,61.5,16.38888888888889
2024-10-10 15:55:00,72.0,22.22222222222222
2024-10-10 16:55:00,76.3,24.611111111111107
2024-10-10 17:55:00,78.6,25.888888888888886
2024-10-10 18:55:00,79.7,26.5
2024-10-10 19:55:00,81.3,27.388888888888886
2024-10-10 20:55:00,79.9,26.611111111111114
2024-10-10 21:55:00,80.6,26.999999999999996
2024-10-10 22:55:00,80.1,26.722222222222218
2024-10-10 23:55:00,77.4,25.222222222222225
2024-10-11 00:55:00,74.3,23.499999999999996
2024-10-11 01:55:00,72.3,22.388888888888886
2024-10-11 02:55:00,67.3,19.61111111111111
2024-10-11 03:55:00,61.2,16.222222222222225
2024-10-11 04:55:00,58.8,14.888888888888888
2024-10-11 05:55:00,56.8,13.777777777777775
2024-10-11 06:55:00,54.7,12.611111111111112
2024-10-11 07:55:00,56.3,13.499999999999998
2024-10-11 08:55:00,51.3,10.72222222222222
2024-10-11 09:55:00,52.7,11.500000000000002
2024-10-11 10:55:00,51.4,10.777777777777777
2024-10-11 11:55:00,54.7,12.611111111111112
2024-10-11 12:55:00,53.4,11.888888888888888
2024-10-11 13:55:00,54.7,12.611111111111112
2024-10-11 14:55:00,63.0,17.22222222222222
2024-10-11 15:55:00,70.5,21.38888888888889
2024-10-11 16:55:00,78.4,25.77777777777778
2024-10-11 17:55:00,79.7,26.5
2024-10-11 18:55:00,79.9,26.611111111111114
2024-10-11 19:55:00,79.7,26.5
2024-10-11 20:55:00,80.8,27.111111111111107
2024-10-11 21:55:00,81.3,27.388888888888886
2024-10-11 22:55:00,79.2,26.22222222222222
2024-10-11 23:55:00,75.9,24.388888888888893
2024-10-12 00:55:00,69.4,20.777777777777782
2024-10-12 01:55:00,64.4,18.000000000000004
2024-10-12 02:55:00,62.1,16.72222222222222
2024-10-12 03:55:00,64.9,18.277777777777782
2024-10-12 04:55:00,56.8,13.777777777777775
2024-10-12 05:55:00,54.0,12.222222222222221
2024-10-12 06:55:00,55.6,13.11111111111111
2024-10-12 07:55:00,53.6,12.0
2024-10-12 08:55:00,52.9,11.61111111111111
2024-10-12 09:55:00,50.4,10.222222222222221
2024-10-12 10:55:00,47.5,8.61111111111111
2024-10-12 11:55:00,48.7,9.277777777777779
2024-10-12 12:55:00,50.9,10.499999999999998
2024-10-12 13:55:00,57.0,13.88888888888889
2024-10-12 14:55:00,67.1,19.499999999999996
2024-10-12 15:55:00,72.7,22.61111111111111
2024-10-12 16:55:00,78.8,25.999999999999996
2024-10-12 17:55:00,80.2,26.77777777777778
2024-10-12 18:55:00,79.3,26.277777777777775
2024-10-12 19:55:00,80.8,27.111111111111107
2024-10-12 20:55:00,82.0,27.77777777777778
2024-10-12 21:55:00,81.7,27.61111111111111
2024-10-12 22:55:00,79.0,26.11111111111111
2024-10-12 23:55:00,76.1,24.499999999999996
2024-10-13 00:55:00,73.0,22.77777777777778
2024-10-13 01:55:00,70.7,21.5
2024-10-13 02:55:00,70.2,21.222222222222225
2024-10-13 03:55:00,63.9,17.72222222222222
2024-10-13 04:55:00,64.8,18.22222222222222
2024-10-13 05:55:00,62.6,17.0
2024-10-13 06:55:00,61.3,16.277777777777775
2024-10-13 07:55:00,59.5,15.277777777777777
2024-10-13 08:55:00,58.8,14.888888888888888
2024-10-13 09:55:00,52.2,11.222222222222223
2024-10-13 10:55:00,53.8,12.111111111111109
2024-10-13 11:55:00,50.0,10.0
2024-10-13 12:55:00,48.6,9.222222222222223
2024-10-13 13:55:00,52.5,11.38888888888889
2024-10-13 14:55:00,54.7,12.611111111111112
2024-10-13 15:55:00,60.1,15.61111111111111
2024-10-13 16:55:00,62.6,17.0
2024-10-13 17:55:00,67.3,19.61111111111111
2024-10-13 18:55:00,73.9,23.277777777777782
2024-10-13 19:55:00,68.7,20.38888888888889
2024-10-13 20:25:00,69.8,20.999999999999996
2024-10-13 20:55:00,69.4,20.777777777777782
2024-10-13 21:55:00,70.3,21.277777777777775
2024-10-13 22:55:00,70.5,21.38888888888889
2024-10-13 23:55:00,68.2,20.11111111111111
2024-10-14 00:55:00,59.7,15.38888888888889
2024-10-14 01:55:00,59.9,15.499999999999998
2024-10-14 02:55:00,56.7,13.722222222222223
2024-10-14 03:55:00,58.1,14.5
2024-10-14 04:55:00,53.6,12.0
2024-10-14 05:55:00,55.4,12.999999999999998
2024-10-14 06:55:00,50.2,10.111111111111112
2024-10-14 07:55:00,45.7,7.6111111111111125
2024-10-14 08:55:00,47.3,8.499999999999998
2024-10-14 10:55:00,41.5,5.277777777777778
2024-10-14 11:55:00,44.4,6.8888888888888875
2024-10-14 12:55:00,45.1,7.277777777777779
2024-10-14 13:55:00,46.2,7.88888888888889
2024-10-14 14:55:00,52.2,11.222222222222223
2024-10-14 15:55:00,59.2,15.111111111111112
2024-10-14 16:55:00,65.3,18.499999999999996
2024-10-14 17:55:00,70.0,21.11111111111111
2024-10-14 18:55:00,80.2,26.77777777777778
2024-10-14 19:55:00,81.1,27.277777777777775
2024-10-14 20:55:00,79.2,26.22222222222222
2024-10-14 21:55:00,79.7,26.5
2024-10-14 22:55:00,78.6,25.888888888888886
2024-10-14 23:55:00,74.8,23.777777777777775
2024-10-14 23:56:00,75.2,24.0
2024-10-15 00:51:00,75.2,24.0
2024-10-15 00:55:00,74.1,23.388888888888886
2024-10-15 01:18:00,73.4,23.000000000000004
2024-10-15 01:55:00,70.5,21.38888888888889
2024-10-15 02:55:00,70.2,21.222222222222225
2024-10-15 03:55:00,63.5,17.5
2024-10-15 04:55:00,62.6,17.0
2024-10-15 05:55:00,60.6,15.88888888888889
2024-10-15 06:55:00,64.2,17.88888888888889
2024-10-15 07:55:00,58.5,14.722222222222221
2024-10-15 08:55:00,57.0,13.88888888888889
2024-10-15 09:55:00,56.3,13.499999999999998
2024-10-15 10:55:00,56.3,13.499999999999998
2024-10-15 11:55:00,55.0,12.777777777777777
2024-10-15 12:55:00,54.3,12.388888888888888
2024-10-15 13:55:00,55.8,13.22222222222222
2024-10-15 14:55:00,59.4,15.222222222222221
2024-10-15 15:55:00,67.1,19.499999999999996
2024-10-15 16:51:00,70.7,21.5
2024-10-15 16:55:00,71.6,21.999999999999996
2024-10-15 17:55:00,71.2,21.77777777777778
2024-10-15 18:55:00,73.2,22.88888888888889
2024-10-15 19:55:00,72.9,22.722222222222225
2024-10-15 20:55:00,72.3,22.388888888888886
2024-10-15 21:55:00,70.9,21.611111111111114
2024-10-15 22:55:00,67.3,19.61111111111111
2024-10-15 23:55:00,61.9,16.61111111111111
2024-10-16 00:55:00,55.6,13.11111111111111
2024-10-16 01:55:00,51.1,10.611111111111112
2024-10-16 02:55:00,47.7,8.722222222222223
2024-10-16 03:55:00,46.2,7.88888888888889
2024-10-16 04:55:00,45.5,7.5
2024-10-16 05:55:00,42.6,5.888888888888889
2024-10-16 06:55:00,39.9,4.388888888888888
2024-10-16 07:55:00,38.5,3.611111111111111
2024-10-16 08:55:00,37.0,2.7777777777777777
2024-10-16 09:55:00,36.3,2.388888888888887
2024-10-16 10:55:00,33.3,0.7222222222222207
2024-10-16 11:55:00,35.8,2.1111111111111094
2024-10-16 12:55:00,35.6,2.000000000000001
2024-10-16 13:55:00,36.5,2.5
2024-10-16 14:55:00,40.1,4.500000000000001
2024-10-16 15:55:00,45.1,7.277777777777779
2024-10-16 16:55:00,50.4,10.222222222222221
2024-10-16 17:55:00,58.1,14.5
2024-10-16 18:55:00,63.1,17.27777777777778
2024-10-16 19:55:00,69.1,20.611111111111107
2024-10-16 20:55:00,73.8,23.22222222222222
2024-10-16 21:55:00,73.4,23.000000000000004
2024-10-16 22:55:00,70.7,21.5
2024-10-16 23:55:00,66.6,19.222222222222218
2024-10-17 00:55:00,63.0,17.22222222222222
2024-10-17 01:55:00,61.0,16.11111111111111
2024-10-17 02:55:00,59.5,15.277777777777777
2024-10-17 03:55:00,57.7,14.277777777777779
2024-10-17 04:55:00,57.9,14.388888888888888
2024-10-17 05:55:00,59.9,15.499999999999998
2024-10-17 06:55:00,57.0,13.88888888888889
2024-10-17 07:55:00,60.8,15.999999999999998
2024-10-17 08:21:00,62.6,17.0
2024-10-17 08:55:00,61.0,16.11111111111111
2024-10-17 09:55:00,59.2,15.111111111111112
2024-10-17 10:55:00,60.4,15.777777777777777
2024-10-17 11:55:00,59.0,15.0
2024-10-17 12:55:00,57.9,14.388888888888888
2024-10-17 13:55:00,57.0,13.88888888888889
2024-10-17 14:55:00,60.6,15.88888888888889
2024-10-17 15:55:00,63.9,17.72222222222222
2024-10-17 16:55:00,63.7,17.61111111111111
2024-10-17 17:55:00,64.8,18.22222222222222
2024-10-17 18:55:00,69.3,20.72222222222222
2024-10-17 19:55:00,70.9,21.611111111111114
2024-10-17 20:55:00,69.3,20.72222222222222
2024-10-17 21:55:00,68.9,20.500000000000004
2024-10-17 22:07:00,68.0,20.0
2024-10-17 22:26:00,66.2,19.0
2024-10-17 22:55:00,61.2,16.222222222222225
2024-10-17 23:55:00,60.8,15.999999999999998
2024-10-18 00:55:00,60.4,15.777777777777777
2024-10-18 01:55:00,57.2,14.000000000000002
2024-10-18 02:55:00,55.8,13.22222222222222
2024-10-18 03:55:00,54.0,12.222222222222221
2024-10-18 04:55:00,53.2,11.777777777777779
2024-10-18 05:55:00,48.6,9.222222222222223
2024-10-18 06:55:00,48.0,8.88888888888889
2024-10-18 07:55:00,48.6,9.222222222222223
2024-10-18 08:55:00,46.0,7.777777777777778
2024-10-18 09:55:00,47.1,8.38888888888889
2024-10-18 10:55:00,46.4,7.999999999999999
2024-10-18 11:55:00,46.8,8.22222222222222
2024-10-18 12:55:00,46.9,8.277777777777777
2024-10-18 13:55:00,49.5,9.722222222222221
2024-10-18 14:55:00,54.5,12.5
2024-10-18 15:55:00,55.9,13.277777777777777
2024-10-18 16:55:00,59.0,15.0
2024-10-18 17:55:00,59.4,15.222222222222221
2024-10-18 18:07:00,59.0,15.0
2024-10-18 18:09:00,57.2,14.000000000000002
2024-10-18 18:18:00,57.2,14.000000000000002
2024-10-18 18:21:00,57.2,14.000000000000002
2024-10-18 18:32:00,57.2,14.000000000000002
2024-10-18 18:46:00,57.2,14.000000000000002
2024-10-18 18:55:00,55.8,13.22222222222222
2024-10-18 18:56:00,55.4,12.999999999999998
2024-10-18 19:19:00,55.4,12.999999999999998
2024-10-18 19:25:00,55.4,12.999999999999998
2024-10-18 19:48:00,57.2,14.000000000000002
2024-10-18 19:55:00,56.8,13.777777777777775
2024-10-18 20:55:00,56.5,13.61111111111111
2024-10-18 21:08:00,55.4,12.999999999999998
2024-10-18 21:20:00,53.6,12.0
2024-10-18 21:55:00,50.9,10.499999999999998
2024-10-18 22:00:00,50.0,10.0
2024-10-18 22:11:00,48.2,9.000000000000002
2024-10-18 22:15:00,48.2,9.000000000000002
2024-10-18 22:30:00,48.2,9.000000000000002
2024-10-18 22:35:00,48.2,9.000000000000002
2024-10-18 22:55:00,46.6,8.111111111111112
2024-10-18 23:09:00,46.4,7.999999999999999
2024-10-18 23:42:00,46.4,7.999999999999999
2024-10-18 23:55:00,43.9,6.61111111111111
2024-10-19 00:40:00,44.6,7.000000000000001
2024-10-19 00:55:00,45.3,7.3888888888888875
2024-10-19 01:10:00,44.6,7.000000000000001
2024-10-19 01:12:00,44.6,7.000000000000001
2024-10-19 01:55:00,45.3,7.3888888888888875
2024-10-19 02:40:00,44.6,7.000000000000001
2024-10-19 02:55:00,44.1,6.722222222222223
2024-10-19 02:56:00,44.6,7.000000000000001
2024-10-19 03:18:00,44.6,7.000000000000001
2024-10-19 03:33:00,44.6,7.000000000000001
2024-10-19 03:55:00,43.0,6.111111111111111
2024-10-19 04:16:00,42.8,5.999999999999998
2024-10-19 04:55:00,43.9,6.61111111111111
2024-10-19 05:55:00,44.2,6.7777777777777795
2024-10-19 06:10:00,44.6,7.000000000000001
2024-10-19 06:55:00,43.7,6.500000000000002
2024-10-19 07:05:00,42.8,5.999999999999998
2024-10-19 07:15:00,42.8,5.999999999999998
2024-10-19 07:30:00,42.8,5.999999999999998
2024-10-19 07:55:00,43.5,6.388888888888888
2024-10-19 08:25:00,44.6,7.000000000000001
2024-10-19 08:55:00,43.5,6.388888888888888
2024-10-19 09:10:00,44.6,7.000000000000001
2024-10-19 09:55:00,44.1,6.722222222222223
2024-10-19 10:55:00,44.2,6.7777777777777795
2024-10-19 11:50:00,44.6,7.000000000000001
2024-10-19 11:55:00,44.2,6.7777777777777795
2024-10-19 12:19:00,44.6,7.000000000000001
2024-10-19 12:55:00,44.8,7.111111111111109
2024-10-19 13:10:00,44.6,7.000000000000001
2024-10-19 13:25:00,44.6,7.000000000000001
2024-10-19 13:37:00,44.6,7.000000000000001
2024-10-19 13:52:00,44.6,7.000000000000001
2024-10-19 13:55:00,43.5,6.388888888888888
2024-10-19 14:10:00,44.6,7.000000000000001
2024-10-19 14:25:00,44.6,7.000000000000001
2024-10-19 14:40:00,44.6,7.000000000000001
2024-10-19 14:55:00,44.2,6.7777777777777795
2024-10-19 15:10:00,44.6,7.000000000000001
2024-10-19 15:25:00,44.6,7.000000000000001
2024-10-19 15:55:00,45.3,7.3888888888888875
2024-10-19 16:02:00,44.6,7.000000000000001
2024-10-19 16:16:00,44.6,7.000000000000001
2024-10-19 16:32:00,46.4,7.999999999999999
2024-10-19 16:39:00,46.4,7.999999999999999
2024-10-19 16:43:00,46.4,7.999999999999999
2024-10-19 16:55:00,47.3,8.499999999999998
2024-10-19 17:10:00,50.0,10.0
2024-10-19 17:12:00,50.0,10.0
2024-10-19 17:55:00,52.0,11.11111111111111
2024-10-19 18:55:00,55.6,13.11111111111111
2024-10-19 19:55:00,58.6,14.777777777777779
2024-10-19 20:55:00,59.0,15.0
2024-10-19 21:55:00,59.0,15.0
2024-10-19 22:55:00,55.6,13.11111111111111
2024-10-19 23:55:00,50.2,10.111111111111112
2024-10-20 00:55:00,48.9,9.388888888888888
2024-10-20 01:55:00,49.3,9.611111111111109
2024-10-20 02:10:00,48.2,9.000000000000002
2024-10-20 02:40:00,48.2,9.000000000000002
2024-10-20 02:50:00,48.2,9.000000000000002
2024-10-20 02:55:00,49.1,9.5
2024-10-20 03:25:00,48.2,9.000000000000002
2024-10-20 03:55:00,48.6,9.222222222222223
2024-10-20 04:10:00,48.2,9.000000000000002
2024-10-20 04:25:00,48.2,9.000000000000002
2024-10-20 04:40:00,48.2,9.000000000000002
2024-10-20 04:55:00,47.7,8.722222222222223
2024-10-20 05:25:00,48.2,9.000000000000002
2024-10-20 05:40:00,48.2,9.000000000000002
2024-10-20 05:55:00,48.0,8.88888888888889
2024-10-20 06:40:00,46.4,7.999999999999999
2024-10-20 06:55:00,47.7,8.722222222222223
2024-10-20 07:10:00,46.4,7.999999999999999
2024-10-20 07:15:00,46.4,7.999999999999999
2024-10-20 07:30:00,46.4,7.999999999999999
2024-10-20 07:45:00,46.4,7.999999999999999
2024-10-20 07:55:00,45.3,7.3888888888888875
2024-10-20 08:05:00,46.4,7.999999999999999
2024-10-20 08:10:00,46.4,7.999999999999999
2024-10-20 08:25:00,46.4,7.999999999999999
2024-10-20 08:26:00,44.6,7.000000000000001
2024-10-20 08:41:00,46.4,7.999999999999999
2024-10-20 08:55:00,45.0,7.222222222222222
2024-10-20 09:55:00,46.2,7.88888888888889
2024-10-20 10:40:00,46.4,7.999999999999999
2024-10-20 10:55:00,46.2,7.88888888888889
2024-10-20 11:10:00,46.4,7.999999999999999
2024-10-20 11:25:00,46.4,7.999999999999999
2024-10-20 11:30:00,46.4,7.999999999999999
2024-10-20 11:45:00,46.4,7.999999999999999
2024-10-20 11:55:00,45.9,7.722222222222221
2024-10-20 12:10:00,46.4,7.999999999999999
2024-10-20 12:25:00,46.4,7.999999999999999
2024-10-20 12:55:00,46.2,7.88888888888889
2024-10-20 13:10:00,46.4,7.999999999999999
2024-10-20 13:25:00,46.4,7.999999999999999
2024-10-20 13:55:00,47.5,8.61111111111111
2024-10-20 14:10:00,48.2,9.000000000000002
2024-10-20 14:15:00,48.2,9.000000000000002
2024-10-20 14:30:00,48.2,9.000000000000002
2024-10-20 14:45:00,50.0,10.0
2024-10-20 14:55:00,49.6,9.777777777777779
2024-10-20 15:55:00,60.3,15.72222222222222
2024-10-20 16:55:00,63.3,17.388888888888886
2024-10-20 17:55:00,65.1,18.388888888888886
2024-10-20 18:55:00,67.5,19.72222222222222
2024-10-20 19:55:00,68.0,20.0
2024-10-20 20:55:00,69.3,20.72222222222222
2024-10-20 21:39:00,69.8,20.999999999999996
2024-10-20 21:46:00,68.0,20.0
2024-10-20 21:55:00,68.2,20.11111111111111
2024-10-20 22:55:00,64.2,17.88888888888889
2024-10-20 23:55:00,59.4,15.222222222222221
2024-10-21 00:55:00,57.0,13.88888888888889
2024-10-21 01:48:00,57.2,14.000000000000002
2024-10-21 01:55:00,55.8,13.22222222222222
2024-10-21 02:01:00,55.4,12.999999999999998
2024-10-21 02:07:00,57.2,14.000000000000002
2024-10-21 02:23:00,57.2,14.000000000000002
2024-10-21 02:29:00,57.2,14.000000000000002
2024-10-21 02:36:00,55.4,12.999999999999998
2024-10-21 02:50:00,53.6,12.0
2024-10-21 02:53:00,51.8,10.999999999999998
2024-10-21 02:55:00,51.1,10.611111111111112
2024-10-21 03:13:00,51.8,10.999999999999998
2024-10-21 03:55:00,50.0,10.0
2024-10-21 04:55:00,50.4,10.222222222222221
2024-10-21 05:55:00,49.5,9.722222222222221
2024-10-21 06:55:00,49.8,9.888888888888888
2024-10-21 07:55:00,49.1,9.5
2024-10-21 08:55:00,48.4,9.11111111111111
2024-10-21 09:55:00,47.3,8.499999999999998
2024-10-21 10:55:00,47.7,8.722222222222223
2024-10-21 11:55:00,48.9,9.388888888888888
2024-10-21 12:55:00,45.7,7.6111111111111125
2024-10-21 13:55:00,45.5,7.5
2024-10-21 14:55:00,50.5,10.277777777777777
2024-10-21 15:55:00,56.3,13.499999999999998
2024-10-21 16:55:00,61.9,16.61111111111111
2024-10-21 17:13:00,66.2,19.0
2024-10-21 17:55:00,66.6,19.222222222222218
2024-10-21 18:55:00,67.6,19.777777777777775
2024-10-21 18:58:00,68.0,20.0
2024-10-21 19:55:00,68.2,20.11111111111111
2024-10-21 20:55:00,68.2,20.11111111111111
2024-10-21 21:55:00,68.7,20.38888888888889
2024-10-21 22:55:00,69.1,20.611111111111107
2024-10-21 23:55:00,68.0,20.0
2024-10-22 00:55:00,60.8,15.999999999999998
2024-10-22 01:55:00,60.3,15.72222222222222
2024-10-22 02:55:00,55.2,12.88888888888889
2024-10-22 03:55:00,48.0,8.88888888888889
2024-10-22 04:55:00,52.9,11.61111111111111
2024-10-22 05:55:00,55.4,12.999999999999998
2024-10-22 06:55:00,52.3,11.277777777777777
2024-10-22 07:55:00,50.0,10.0
2024-10-22 08:55:00,44.2,6.7777777777777795
2024-10-22 09:55:00,41.0,5.0
2024-10-22 10:55:00,43.0,6.111111111111111
2024-10-22 11:55:00,46.2,7.88888888888889
2024-10-22 12:55:00,46.9,8.277777777777777
2024-10-22 13:55:00,45.5,7.5
2024-10-22 14:55:00,57.4,14.11111111111111
2024-10-22 15:55:00,63.3,17.388888888888886
2024-10-22 16:55:00,68.2,20.11111111111111
2024-10-22 17:55:00,74.7,23.722222222222225
2024-10-22 18:55:00,75.0,23.88888888888889
2024-10-22 19:55:00,77.0,25.0
2024-10-22 20:20:00,75.2,24.0
2024-10-22 20:54:00,75.6,24.222222222222218
2024-10-22 20:55:00,75.2,24.0
2024-10-22 21:55:00,74.1,23.388888888888886
2024-10-22 22:55:00,73.6,23.111111111111107
2024-10-22 23:55:00,66.2,19.0
2024-10-23 00:55:00,65.7,18.722222222222225
2024-10-23 01:55:00,66.7,19.27777777777778
2024-10-23 02:55:00,55.6,13.11111111111111
2024-10-23 03:55:00,50.9,10.499999999999998
2024-10-23 04:55:00,49.3,9.611111111111109
2024-10-23 05:55:00,49.6,9.777777777777779
2024-10-23 06:55:00,50.2,10.111111111111112
2024-10-23 07:55:00,49.3,9.611111111111109
2024-10-23 08:55:00,50.4,10.222222222222221
2024-10-23 09:55:00,43.2,6.222222222222223
2024-10-23 10:55:00,46.8,8.22222222222222
2024-10-23 11:55:00,49.5,9.722222222222221
2024-10-23 12:55:00,48.2,9.000000000000002
2024-10-23 13:55:00,52.7,11.500000000000002
2024-10-23 14:55:00,53.6,12.0
2024-10-23 15:55:00,55.8,13.22222222222222
2024-10-23 16:55:00,57.2,14.000000000000002
2024-10-23 17:55:00,60.8,15.999999999999998
2024-10-23 18:55:00,64.0,17.77777777777778
2024-10-23 19:55:00,66.0,18.88888888888889
2024-10-23 20:21:00,66.2,19.0
2024-10-23 20:55:00,65.8,18.777777777777775
2024-10-23 21:55:00,67.3,19.61111111111111
2024-10-23 22:55:00,65.5,18.61111111111111
2024-10-23 23:55:00,60.4,15.777777777777777
2024-10-24 00:55:00,54.1,12.277777777777779
2024-10-24 01:55:00,50.9,10.499999999999998
2024-10-24 02:55:00,46.4,7.999999999999999
2024-10-24 03:55:00,43.0,6.111111111111111
2024-10-24 04:55:00,43.3,6.277777777777776
2024-10-24 05:55:00,42.4,5.777777777777777
2024-10-24 06:55:00,42.3,5.7222222222222205
2024-10-24 07:55:00,42.3,5.7222222222222205
2024-10-24 08:55:00,40.6,4.777777777777779
2024-10-24 09:55:00,40.5,4.722222222222222
2024-10-24 10:55:00,39.2,4.000000000000002
2024-10-24 11:55:00,41.0,5.0
2024-10-24 12:30:00,42.8,5.999999999999998
2024-10-24 12:55:00,55.6,13.11111111111111
2024-10-24 13:55:00,57.6,14.222222222222223
2024-10-24 14:55:00,62.1,16.72222222222222
2024-10-24 15:55:00,69.4,20.777777777777782
2024-10-24 16:55:00,74.5,23.61111111111111
2024-10-24 17:55:00,75.2,24.0
2024-10-24 18:55:00,74.8,23.777777777777775
2024-10-24 19:55:00,75.9,24.388888888888893
2024-10-24 20:55:00,75.6,24.222222222222218
2024-10-24 21:13:00,71.6,21.999999999999996
2024-10-24 21:55:00,67.5,19.72222222222222
2024-10-24 22:55:00,63.9,17.72222222222222
2024-10-24 23:55:00,58.5,14.722222222222221
2024-10-25 00:25:00,59.0,15.0
2024-10-25 00:55:00,55.4,12.999999999999998
2024-10-25 01:55:00,54.7,12.611111111111112
2024-10-25 02:55:00,53.6,12.0
2024-10-25 03:55:00,51.1,10.611111111111112
2024-10-25 04:10:00,51.8,10.999999999999998
2024-10-25 04:55:00,46.6,8.111111111111112
2024-10-25 05:55:00,47.7,8.722222222222223
2024-10-25 06:55:00,46.9,8.277777777777777
2024-10-25 07:55:00,44.8,7.111111111111109
2024-10-25 08:55:00,44.4,6.8888888888888875
2024-10-25 09:55:00,42.3,5.7222222222222205
2024-10-25 10:55:00,40.1,4.500000000000001
2024-10-25 11:55:00,41.2,5.1111111111111125
2024-10-25 12:55:00,39.2,4.000000000000002
2024-10-25 13:55:00,40.1,4.500000000000001
2024-10-25 14:55:00,47.3,8.499999999999998
2024-10-25 15:55:00,50.9,10.499999999999998
2024-10-25 16:55:00,53.4,11.888888888888888
2024-10-25 17:55:00,55.2,12.88888888888889
2024-10-25 18:55:00,56.8,13.777777777777775
2024-10-25 19:55:00,59.2,15.111111111111112
2024-10-25 20:16:00,59.0,15.0
2024-10-25 20:17:00,59.0,15.0
2024-10-25 20:55:00,59.5,15.277777777777777
2024-10-25 21:55:00,60.8,15.999999999999998
2024-10-25 22:55:00,59.0,15.0
2024-10-25 23:55:00,55.2,12.88888888888889
2024-10-25 23:57:00,54.3,12.388888888888888
2024-10-26 00:55:00,50.7,10.388888888888891
2024-10-26 01:55:00,51.6,10.88888888888889
2024-10-26 02:55:00,49.6,9.777777777777779
2024-10-26 03:55:00,44.4,6.8888888888888875
2024-10-26 04:55:00,48.7,9.277777777777779
2024-10-26 05:55:00,47.5,8.61111111111111
2024-10-26 06:55:00,37.4,2.999999999999999
2024-10-26 07:55:00,37.9,3.277777777777777
2024-10-26 08:55:00,37.4,2.999999999999999
2024-10-26 09:55:00,34.9,1.6111111111111103
2024-10-26 10:55:00,33.4,0.777777777777777
2024-10-26 11:55:00,33.3,0.7222222222222207
2024-10-26 12:55:00,32.5,0.2777777777777778
2024-10-26 13:55:00,36.7,2.6111111111111125
2024-10-26 14:55:00,43.3,6.277777777777776
2024-10-26 15:55:00,49.3,9.611111111111109
2024-10-26 16:55:00,51.8,10.999999999999998
2024-10-26 17:55:00,57.6,14.222222222222223
2024-10-26 18:58:00,60.1,15.61111111111111
2024-10-26 19:55:00,63.9,17.72222222222222
2024-10-26 20:55:00,63.9,17.72222222222222
2024-10-26 21:55:00,66.2,19.0
2024-10-26 22:55:00,64.6,18.111111111111107
2024-10-26 23:55:00,60.4,15.777777777777777
2024-10-27 00:55:00,57.4,14.11111111111111
2024-10-27 01:55:00,54.0,12.222222222222221
2024-10-27 02:55:00,45.3,7.3888888888888875
2024-10-27 03:55:00,45.1,7.277777777777779
2024-10-27 04:55:00,44.1,6.722222222222223
2024-10-27 05:55:00,45.5,7.5
2024-10-27 06:55:00,44.1,6.722222222222223
2024-10-27 07:55:00,42.3,5.7222222222222205
2024-10-27 08:55:00,46.4,7.999999999999999
2024-10-27 09:55:00,49.3,9.611111111111109
2024-10-27 10:55:00,47.5,8.61111111111111
2024-10-27 11:55:00,47.1,8.38888888888889
2024-10-27 12:55:00,45.9,7.722222222222221
2024-10-27 13:55:00,46.0,7.777777777777778
2024-10-27 14:55:00,52.9,11.61111111111111
2024-10-27 15:55:00,63.5,17.5
2024-10-27 16:55:00,67.3,19.61111111111111
2024-10-27 17:55:00,69.4,20.777777777777782
2024-10-27 18:55:00,77.9,25.500000000000004
2024-10-27 19:46:00,75.6,24.222222222222218
2024-10-27 19:55:00,75.6,24.222222222222218
2024-10-27 20:55:00,78.6,25.888888888888886
2024-10-27 21:55:00,75.6,24.222222222222218
2024-10-27 22:55:00,72.7,22.61111111111111
2024-10-27 23:55:00,67.3,19.61111111111111
2024-10-28 00:55:00,65.7,18.722222222222225
2024-10-28 01:55:00,62.8,17.11111111111111
2024-10-28 01:56:00,62.2,16.77777777777778
2024-10-28 02:55:00,61.5,16.38888888888889
2024-10-28 03:55:00,58.8,14.888888888888888
2024-10-28 04:55:00,59.7,15.38888888888889
2024-10-28 05:55:00,66.4,19.111111111111114
2024-10-28 06:55:00,66.0,18.88888888888889
2024-10-28 07:55:00,63.1,17.27777777777778
2024-10-28 08:55:00,66.4,19.111111111111114
2024-10-28 09:55:00,64.6,18.111111111111107
2024-10-28 10:55:00,65.1,18.388888888888886
2024-10-28 11:55:00,66.2,19.0
2024-10-28 12:55:00,64.0,17.77777777777778
2024-10-28 13:55:00,66.0,18.88888888888889
2024-10-28 14:10:00,66.2,19.0
2024-10-28 14:55:00,66.2,19.0
2024-10-28 15:55:00,69.1,20.611111111111107
2024-10-28 16:56:00,71.4,21.888888888888893
2024-10-28 17:55:00,70.0,21.11111111111111
2024-10-28 18:55:00,77.7,25.38888888888889
2024-10-28 19:55:00,76.8,24.888888888888886
2024-10-28 20:46:00,77.0,25.0
2024-10-28 20:55:00,77.9,25.500000000000004
2024-10-28 21:55:00,77.0,25.0
2024-10-28 22:55:00,75.2,24.0
2024-10-28 23:55:00,72.9,22.722222222222225
2024-10-29 00:55:00,71.4,21.888888888888893
2024-10-29 01:55:00,69.8,20.999999999999996
2024-10-29 02:55:00,63.0,17.22222222222222
2024-10-29 03:55:00,63.5,17.5
2024-10-29 04:55:00,62.8,17.11111111111111
2024-10-29 05:55:00,62.2,16.77777777777778
2024-10-29 06:55:00,60.1,15.61111111111111
2024-10-29 07:55:00,55.0,12.777777777777777
2024-10-29 08:55:00,48.7,9.277777777777779
2024-10-29 09:55:00,49.8,9.888888888888888
2024-10-29 10:55:00,57.0,13.88888888888889
2024-10-29 11:55:00,54.5,12.5
2024-10-29 12:55:00,54.0,12.222222222222221
2024-10-29 13:20:00,57.2,14.000000000000002
2024-10-29 13:55:00,48.0,8.88888888888889
2024-10-29 14:55:00,60.8,15.999999999999998
2024-10-29 15:55:00,65.7,18.722222222222225
2024-10-29 16:57:00,68.7,20.38888888888889
2024-10-29 17:55:00,71.8,22.11111111111111
2024-10-29 18:58:00,70.5,21.38888888888889
2024-10-29 19:56:00,70.3,21.277777777777775
2024-10-29 20:55:00,66.6,19.222222222222218
2024-10-29 21:55:00,63.9,17.72222222222222
2024-10-29 22:55:00,61.9,16.61111111111111
2024-10-29 23:55:00,58.5,14.722222222222221
2024-10-30 00:55:00,56.7,13.722222222222223
2024-10-30 01:55:00,54.0,12.222222222222221
2024-10-30 02:55:00,53.2,11.777777777777779
2024-10-30 03:55:00,50.4,10.222222222222221
2024-10-30 04:55:00,48.0,8.88888888888889
2024-10-30 05:55:00,45.9,7.722222222222221
2024-10-30 06:55:00,49.1,9.5
2024-10-30 07:55:00,39.0,3.888888888888889
2024-10-30 08:55:00,38.3,3.4999999999999982
2024-10-30 09:55:00,31.6,-0.22222222222222143
2024-10-30 10:55:00,31.8,-0.11111111111111072
2024-10-30 11:55:00,29.3,-1.4999999999999996
2024-10-30 12:55:00,31.5,-0.2777777777777778
2024-10-30 13:55:00,33.1,0.6111111111111119
2024-10-30 14:55:00,38.1,3.3888888888888897
2024-10-30 15:55:00,41.4,5.222222222222221
2024-10-30 16:57:00,43.2,6.222222222222223
2024-10-30 17:55:00,43.2,6.222222222222223
2024-10-30 18:54:00,44.1,6.722222222222223
2024-10-30 19:55:00,46.4,7.999999999999999
2024-10-30 20:38:00,42.8,5.999999999999998
2024-10-30 20:55:00,41.0,5.0
2024-10-30 20:59:00,41.0,5.0
2024-10-30 21:16:00,42.8,5.999999999999998
2024-10-30 21:55:00,43.9,6.61111111111111
2024-10-30 22:21:00,42.8,5.999999999999998
2024-10-30 22:52:00,39.2,4.000000000000002
2024-10-30 22:55:00,39.4,4.11111111111111
2024-10-30 23:55:00,36.0,2.2222222222222223
2024-10-31 00:07:00,35.6,2.000000000000001
2024-10-31 00:28:00,35.6,2.000000000000001
2024-10-31 00:55:00,33.8,0.9999999999999984
2024-10-31 01:55:00,33.1,0.6111111111111119
2024-10-31 02:55:00,33.6,0.8888888888888896
2024-10-31 03:55:00,33.4,0.777777777777777
2024-10-31 03:58:00,33.8,0.9999999999999984
2024-10-31 04:28:00,33.8,0.9999999999999984
2024-10-31 04:55:00,33.4,0.777777777777777
2024-10-31 05:10:00,33.8,0.9999999999999984
2024-10-31 05:55:00,34.2,1.2222222222222239
2024-10-31 06:55:00,33.6,0.8888888888888896
2024-10-31 07:32:00,33.8,0.9999999999999984
2024-10-31 07:55:00,33.3,0.7222222222222207
2024-10-31 08:25:00,33.8,0.9999999999999984
2024-10-31 08:45:00,33.8,0.9999999999999984
2024-10-31 08:55:00,33.8,0.9999999999999984
2024-10-31 09:30:00,33.8,0.9999999999999984
2024-10-31 09:45:00,33.8,0.9999999999999984
2024-10-31 09:50:00,33.8,0.9999999999999984
2024-10-31 09:55:00,32.7,0.38888888888889045
2024-10-31 10:55:00,31.1,-0.4999999999999992
2024-10-31 11:55:00,30.7,-0.7222222222222227
2024-10-31 12:55:00,31.3,-0.3888888888888885
2024-10-31 13:55:00,29.7,-1.2777777777777781
2024-10-31 14:55:00,33.6,0.8888888888888896
2024-10-31 15:55:00,36.5,2.5
2024-10-31 16:54:00,40.1,4.500000000000001
2024-10-31 16:55:00,40.1,4.500000000000001
2024-10-31 17:55:00,43.7,6.500000000000002
2024-10-31 18:55:00,48.0,8.88888888888889
2024-10-31 19:55:00,54.7,12.611111111111112
2024-10-31 20:55:00,54.3,12.388888888888888
2024-10-31 21:55:00,53.1,11.722222222222223
2024-10-31 22:55:00,52.3,11.277777777777777
2024-10-31 23:55:00,49.3,9.611111111111109
2024-11-01 00:55:00,46.2,7.88888888888889
2024-11-01 01:55:00,48.0,8.88888888888889
2024-11-01 02:55:00,41.0,5.0
2024-11-01 03:55:00,43.9,6.61111111111111
2024-11-01 04:55:00,34.5,1.3888888888888888
2024-11-01 05:55:00,33.6,0.8888888888888896
2024-11-01 06:55:00,36.0,2.2222222222222223
2024-11-01 07:55:00,32.9,0.4999999999999992
2024-11-01 08:55:00,38.7,3.7222222222222237
2024-11-01 09:55:00,43.2,6.222222222222223
2024-11-01 10:55:00,39.0,3.888888888888889
2024-11-01 11:55:00,32.9,0.4999999999999992
2024-11-01 12:55:00,33.3,0.7222222222222207
2024-11-01 13:20:00,33.8,0.9999999999999984
2024-11-01 13:30:00,33.8,0.9999999999999984
2024-11-01 13:55:00,33.4,0.777777777777777
2024-11-01 14:55:00,39.2,4.000000000000002
2024-11-01 15:55:00,45.7,7.6111111111111125
2024-11-01 16:55:00,48.6,9.222222222222223
2024-11-01 17:55:00,52.5,11.38888888888889
2024-11-01 18:55:00,55.0,12.777777777777777
2024-11-01 19:55:00,56.5,13.61111111111111
2024-11-01 20:55:00,57.2,14.000000000000002
2024-11-01 21:50:00,55.4,12.999999999999998
2024-11-01 21:55:00,55.9,13.277777777777777
2024-11-01 22:55:00,54.1,12.277777777777779
2024-11-01 23:55:00,49.5,9.722222222222221
2024-11-02 00:55:00,49.1,9.5
2024-11-02 01:55:00,45.3,7.3888888888888875
2024-11-02 02:55:00,45.9,7.722222222222221
2024-11-02 03:55:00,44.8,7.111111111111109
2024-11-02 04:55:00,42.8,5.999999999999998
2024-11-02 05:55:00,41.5,5.277777777777778
2024-11-02 06:55:00,42.1,5.611111111111112
2024-11-02 07:55:00,37.2,2.8888888888888906
2024-11-02 08:55:00,36.9,2.7222222222222214
2024-11-02 09:55:00,32.5,0.2777777777777778
2024-11-02 10:55:00,32.2,0.11111111111111269
2024-11-02 11:55:00,33.4,0.777777777777777
2024-11-02 12:55:00,30.6,-0.777777777777777
2024-11-02 13:55:00,32.0,0.0
2024-11-02 14:55:00,37.9,3.277777777777777
2024-11-02 15:55:00,43.3,6.277777777777776
2024-11-02 16:55:00,46.6,8.111111111111112
2024-11-02 17:55:00,47.1,8.38888888888889
2024-11-02 18:55:00,52.3,11.277777777777777
2024-11-02 19:55:00,56.7,13.722222222222223
2024-11-02 20:55:00,59.2,15.111111111111112
2024-11-02 21:55:00,61.2,16.222222222222225
2024-11-02 22:55:00,57.7,14.277777777777779
2024-11-02 23:55:00,49.6,9.777777777777779
2024-11-03 00:55:00,49.8,9.888888888888888
2024-11-03 01:55:00,48.7,9.277777777777779
2024-11-03 02:55:00,41.0,5.0
2024-11-03 03:55:00,41.7,5.38888888888889
2024-11-03 04:55:00,40.3,4.61111111111111
2024-11-03 05:55:00,37.4,2.999999999999999
2024-11-03 06:55:00,38.8,3.777777777777776
2024-11-03 07:55:00,37.0,2.7777777777777777
2024-11-03 08:55:00,35.6,2.000000000000001
2024-11-03 09:55:00,40.3,4.61111111111111
2024-11-03 10:55:00,50.0,10.0
2024-11-03 11:55:00,48.2,9.000000000000002
2024-11-03 12:55:00,42.6,5.888888888888889
2024-11-03 13:55:00,45.5,7.5
2024-11-03 14:55:00,44.6,7.000000000000001
2024-11-03 15:55:00,47.3,8.499999999999998
2024-11-03 16:55:00,49.8,9.888888888888888
2024-11-03 17:55:00,52.7,11.500000000000002
2024-11-03 18:55:00,53.1,11.722222222222223
2024-11-03 19:55:00,54.0,12.222222222222221
2024-11-03 20:14:00,53.6,12.0
2024-11-03 20:55:00,54.7,12.611111111111112
2024-11-03 21:55:00,54.1,12.277777777777779
2024-11-03 22:55:00,52.5,11.38888888888889
2024-11-03 23:55:00,48.2,9.000000000000002
2024-11-04 00:55:00,44.8,7.111111111111109
2024-11-04 01:55:00,43.5,6.388888888888888
2024-11-04 02:55:00,43.5,6.388888888888888
2024-11-04 03:55:00,41.5,5.277777777777778
2024-11-04 04:21:00,41.0,5.0
2024-11-04 04:51:00,39.2,4.000000000000002
2024-11-04 04:55:00,39.7,4.2777777777777795
2024-11-04 05:10:00,39.2,4.000000000000002
2024-11-04 05:55:00,37.2,2.8888888888888906
2024-11-04 06:10:00,37.4,2.999999999999999
2024-11-04 06:37:00,37.4,2.999999999999999
2024-11-04 06:55:00,36.3,2.388888888888887
2024-11-04 07:25:00,35.6,2.000000000000001
2024-11-04 07:40:00,35.6,2.000000000000001
2024-11-04 07:55:00,36.1,2.2777777777777786
2024-11-04 08:10:00,35.6,2.000000000000001
2024-11-04 08:25:00,35.6,2.000000000000001
2024-11-04 08:55:00,35.8,2.1111111111111094
2024-11-04 09:16:00,35.6,2.000000000000001
2024-11-04 09:41:00,35.6,2.000000000000001
2024-11-04 09:54:00,35.6,2.000000000000001
2024-11-04 09:55:00,35.8,2.1111111111111094
2024-11-04 10:11:00,35.6,2.000000000000001
2024-11-04 10:55:00,35.6,2.000000000000001
2024-11-04 11:31:00,35.6,2.000000000000001
2024-11-04 11:37:00,35.6,2.000000000000001
2024-11-04 11:55:00,34.9,1.6111111111111103
2024-11-04 12:21:00,35.6,2.000000000000001
2024-11-04 12:24:00,35.6,2.000000000000001
2024-11-04 12:55:00,35.6,2.000000000000001
2024-11-04 13:04:00,35.6,2.000000000000001
2024-11-04 13:17:00,35.6,2.000000000000001
2024-11-04 13:49:00,35.6,2.000000000000001
2024-11-04 13:55:00,36.0,2.2222222222222223
2024-11-04 14:37:00,35.6,2.000000000000001
2024-11-04 14:44:00,35.6,2.000000000000001
2024-11-04 14:55:00,36.3,2.388888888888887
2024-11-04 15:02:00,35.6,2.000000000000001
2024-11-04 15:26:00,35.6,2.000000000000001
2024-11-04 15:32:00,35.6,2.000000000000001
2024-11-04 15:47:00,33.8,0.9999999999999984
2024-11-04 15:55:00,33.8,0.9999999999999984
2024-11-04 16:55:00,34.2,1.2222222222222239
2024-11-04 17:55:00,35.6,2.000000000000001
2024-11-04 18:55:00,37.4,2.999999999999999
2024-11-04 19:55:00,39.0,3.888888888888889
2024-11-04 20:55:00,38.7,3.7222222222222237
2024-11-04 21:55:00,39.0,3.888888888888889
2024-11-04 22:55:00,39.4,4.11111111111111
2024-11-04 23:55:00,35.4,1.888888888888888
2024-11-05 00:55:00,34.7,1.5000000000000016
2024-11-05 01:55:00,34.9,1.6111111111111103
2024-11-05 02:55:00,35.6,2.000000000000001
2024-11-05 03:55:00,37.2,2.8888888888888906
2024-11-05 04:55:00,34.9,1.6111111111111103
2024-11-05 05:55:00,34.5,1.3888888888888888
2024-11-05 06:55:00,33.3,0.7222222222222207
2024-11-05 07:55:00,27.3,-2.6111111111111107
2024-11-05 08:55:00,25.9,-3.3888888888888897
2024-11-05 09:55:00,27.9,-2.2777777777777786
2024-11-05 10:55:00,27.9,-2.2777777777777786
2024-11-05 11:55:00,24.4,-4.222222222222223
2024-11-05 12:55:00,26.2,-3.2222222222222223
2024-11-05 13:55:00,27.5,-2.5
2024-11-05 14:55:00,36.5,2.5
2024-11-05 15:55:00,42.8,5.999999999999998
2024-11-05 16:55:00,46.6,8.111111111111112
2024-11-05 17:55:00,48.4,9.11111111111111
2024-11-05 18:38:00,51.8,10.999999999999998
2024-11-05 18:55:00,52.3,11.277777777777777
2024-11-05 19:40:00,53.6,12.0
2024-11-05 19:55:00,53.2,11.777777777777779
2024-11-05 20:55:00,55.8,13.22222222222222
2024-11-05 21:44:00,53.6,12.0
2024-11-05 21:55:00,51.4,10.777777777777777
2024-11-05 22:55:00,47.8,8.777777777777777
2024-11-05 23:55:00,45.5,7.5
2024-11-06 00:55:00,44.2,6.7777777777777795
2024-11-06 01:14:00,44.6,7.000000000000001
2024-11-06 01:55:00,41.0,5.0
2024-11-06 01:57:00,41.0,5.0
2024-11-06 02:13:00,41.0,5.0
2024-11-06 02:27:00,39.2,4.000000000000002
2024-11-06 02:55:00,37.0,2.7777777777777777
2024-11-06 03:35:00,33.8,0.9999999999999984
2024-11-06 03:50:00,33.8,0.9999999999999984
2024-11-06 03:55:00,32.9,0.4999999999999992
2024-11-06 04:24:00,32.0,0.0
2024-11-06 04:27:00,32.0,0.0
2024-11-06 04:38:00,32.0,0.0
2024-11-06 04:42:00,32.0,0.0
2024-11-06 04:55:00,31.1,-0.4999999999999992
2024-11-06 05:12:00,30.2,-1.0000000000000004
2024-11-06 05:42:00,30.2,-1.0000000000000004
2024-11-06 05:55:00,30.2,-1.0000000000000004
2024-11-06 06:45:00,30.2,-1.0000000000000004
2024-11-06 06:55:00,29.1,-1.6111111111111103
2024-11-06 07:36:00,28.4,-2.000000000000001
2024-11-06 07:55:00,29.1,-1.6111111111111103
2024-11-06 08:02:00,30.2,-1.0000000000000004
2024-11-06 08:29:00,30.2,-1.0000000000000004
2024-11-06 08:37:00,30.2,-1.0000000000000004
2024-11-06 08:55:00,29.8,-1.2222222222222219
2024-11-06 09:55:00,29.7,-1.2777777777777781
2024-11-06 10:40:00,29.8,-1.2222222222222219
2024-11-06 10:55:00,29.8,-1.2222222222222219
2024-11-06 11:55:00,30.7,-0.7222222222222227
2024-11-06 12:52:00,29.8,-1.2222222222222219
2024-11-06 13:17:00,30.2,-1.0000000000000004
2024-11-06 13:41:00,30.2,-1.0000000000000004
2024-11-06 13:55:00,31.3,-0.3888888888888885
2024-11-06 14:18:00,32.0,0.0
2024-11-06 14:55:00,30.7,-0.7222222222222227
2024-11-06 15:04:00,30.2,-1.0000000000000004
2024-11-06 15:55:00,29.8,-1.2222222222222219
2024-11-06 16:31:00,28.4,-2.000000000000001
2024-11-06 16:55:00,29.3,-1.4999999999999996
2024-11-06 17:55:00,29.3,-1.4999999999999996
2024-11-06 18:17:00,30.2,-1.0000000000000004
2024-11-06 18:42:00,30.2,-1.0000000000000004
2024-11-06 18:57:00,28.6,-1.888888888888888
2024-11-06 19:55:00,29.3,-1.4999999999999996
2024-11-06 20:55:00,28.4,-2.000000000000001
2024-11-06 20:58:00,28.4,-2.000000000000001
2024-11-06 21:43:00,30.2,-1.0000000000000004
2024-11-06 21:55:00,29.7,-1.2777777777777781
2024-11-06 22:55:00,29.3,-1.4999999999999996
2024-11-06 23:30:00,30.2,-1.0000000000000004
2024-11-06 23:45:00,30.2,-1.0000000000000004
2024-11-06 23:55:00,29.5,-1.3888888888888888
2024-11-07 00:22:00,28.4,-2.000000000000001
2024-11-07 00:55:00,29.1,-1.6111111111111103
2024-11-07 01:27:00,28.4,-2.000000000000001
2024-11-07 01:37:00,28.4,-2.000000000000001
2024-11-07 01:40:00,28.4,-2.000000000000001
2024-11-07 01:55:00,28.8,-1.7777777777777772
2024-11-07 02:19:00,28.4,-2.000000000000001
2024-11-07 02:28:00,28.4,-2.000000000000001
2024-11-07 02:55:00,28.2,-2.1111111111111116
2024-11-07 03:30:00,28.4,-2.000000000000001
2024-11-07 03:55:00,28.2,-2.1111111111111116
2024-11-07 04:55:00,28.0,-2.2222222222222223
2024-11-07 05:26:00,28.4,-2.000000000000001
2024-11-07 05:55:00,27.7,-2.3888888888888893
2024-11-07 06:55:00,28.0,-2.2222222222222223
2024-11-07 07:22:00,28.4,-2.000000000000001
2024-11-07 07:30:00,28.4,-2.000000000000001
2024-11-07 07:36:00,28.4,-2.000000000000001
2024-11-07 07:55:00,28.0,-2.2222222222222223
2024-11-07 08:30:00,28.4,-2.000000000000001
2024-11-07 08:31:00,28.4,-2.000000000000001
2024-11-07 08:40:00,28.4,-2.000000000000001
2024-11-07 08:50:00,28.4,-2.000000000000001
2024-11-07 08:55:00,28.0,-2.2222222222222223
2024-11-07 09:10:00,28.4,-2.000000000000001
2024-11-07 09:48:00,26.6,-2.999999999999999
2024-11-07 09:55:00,27.0,-2.7777777777777777
2024-11-07 10:55:00,26.8,-2.8888888888888884
2024-11-07 11:55:00,26.4,-3.1111111111111116
2024-11-07 12:55:00,26.4,-3.1111111111111116
2024-11-07 13:55:00,26.6,-2.999999999999999
2024-11-07 14:55:00,27.7,-2.3888888888888893
2024-11-07 15:55:00,28.8,-1.7777777777777772
2024-11-07 16:55:00,29.8,-1.2222222222222219
2024-11-07 17:55:00,31.3,-0.3888888888888885
2024-11-07 18:55:00,31.8,-0.11111111111111072
2024-11-07 19:55:00,32.5,0.2777777777777778
2024-11-07 20:10:00,32.0,0.0
2024-11-07 20:55:00,33.4,0.777777777777777
2024-11-07 21:22:00,33.8,0.9999999999999984
2024-11-07 21:36:00,33.8,0.9999999999999984
2024-11-07 21:48:00,33.8,0.9999999999999984
2024-11-07 21:55:00,33.1,0.6111111111111119
2024-11-07 22:07:00,33.8,0.9999999999999984
2024-11-07 22:15:00,32.0,0.0
2024-11-07 22:27:00,32.0,0.0
2024-11-07 22:36:00,32.0,0.0
2024-11-07 22:55:00,31.8,-0.11111111111111072
2024-11-07 23:03:00,32.0,0.0
2024-11-07 23:54:00,31.3,-0.3888888888888885
2024-11-07 23:55:00,31.3,-0.3888888888888885
2024-11-08 00:25:00,30.2,-1.0000000000000004
2024-11-08 00:55:00,30.6,-0.777777777777777
2024-11-08 01:55:00,30.6,-0.777777777777777
2024-11-08 02:25:00,30.2,-1.0000000000000004
2024-11-08 02:29:00,30.2,-1.0000000000000004
2024-11-08 02:55:00,30.0,-1.1111111111111112
2024-11-08 03:10:00,30.2,-1.0000000000000004
2024-11-08 03:12:00,30.2,-1.0000000000000004
2024-11-08 03:25:00,30.2,-1.0000000000000004
2024-11-08 03:38:00,30.2,-1.0000000000000004
2024-11-08 03:55:00,30.0,-1.1111111111111112
2024-11-08 04:55:00,29.7,-1.2777777777777781
2024-11-08 05:08:00,30.2,-1.0000000000000004
2024-11-08 05:13:00,30.2,-1.0000000000000004
2024-11-08 05:16:00,30.2,-1.0000000000000004
2024-11-08 05:20:00,30.2,-1.0000000000000004
2024-11-08 05:22:00,30.2,-1.0000000000000004
2024-11-08 05:55:00,29.7,-1.2777777777777781
2024-11-08 06:12:00,30.2,-1.0000000000000004
2024-11-08 06:55:00,30.2,-1.0000000000000004
2024-11-08 07:25:00,30.2,-1.0000000000000004
2024-11-08 07:55:00,29.3,-1.4999999999999996
2024-11-08 08:06:00,30.2,-1.0000000000000004
2024-11-08 08:21:00,30.2,-1.0000000000000004
2024-11-08 08:36:00,30.2,-1.0000000000000004
2024-11-08 08:51:00,30.2,-1.0000000000000004
2024-11-08 08:55:00,29.8,-1.2222222222222219
2024-11-08 09:55:00,29.8,-1.2222222222222219
2024-11-08 10:10:00,30.2,-1.0000000000000004
2024-11-08 10:25:00,30.2,-1.0000000000000004
2024-11-08 10:40:00,30.2,-1.0000000000000004
2024-11-08 10:55:00,30.2,-1.0000000000000004
2024-11-08 11:10:00,30.2,-1.0000000000000004
2024-11-08 11:55:00,30.7,-0.7222222222222227
2024-11-08 12:16:00,30.2,-1.0000000000000004
2024-11-08 12:22:00,30.2,-1.0000000000000004
2024-11-08 12:24:00,30.2,-1.0000000000000004
2024-11-08 12:55:00,30.9,-0.6111111111111119
2024-11-08 13:20:00,32.0,0.0
2024-11-08 13:55:00,31.5,-0.2777777777777778
2024-11-08 14:55:00,32.4,0.22222222222222143
2024-11-08 15:11:00,32.0,0.0
2024-11-08 15:55:00,32.7,0.38888888888889045
2024-11-08 16:11:00,32.0,0.0
2024-11-08 16:25:00,32.0,0.0
2024-11-08 16:40:00,32.0,0.0
2024-11-08 16:43:00,32.0,0.0
2024-11-08 16:55:00,32.5,0.2777777777777778
2024-11-08 17:10:00,32.0,0.0
2024-11-08 17:30:00,33.8,0.9999999999999984
2024-11-08 17:55:00,33.3,0.7222222222222207
2024-11-08 18:30:00,33.8,0.9999999999999984
2024-11-08 18:55:00,33.6,0.8888888888888896
2024-11-08 19:56:00,34.0,1.1111111111111112
2024-11-08 20:25:00,35.6,2.000000000000001
2024-11-08 20:46:00,33.8,0.9999999999999984
2024-11-08 20:55:00,33.1,0.6111111111111119
2024-11-08 21:07:00,32.0,0.0
2024-11-08 21:42:00,33.8,0.9999999999999984
2024-11-08 21:50:00,32.9,0.4999999999999992
2024-11-08 21:50:00,33.8,0.9999999999999984
2024-11-08 21:55:00,32.9,0.4999999999999992
2024-11-08 22:32:00,32.0,0.0
2024-11-08 22:41:00,32.0,0.0
2024-11-08 22:55:00,32.4,0.22222222222222143
2024-11-08 23:19:00,32.0,0.0
2024-11-08 23:29:00,32.0,0.0
2024-11-08 23:51:00,32.7,0.38888888888889045
2024-11-08 23:58:00,32.7,0.38888888888889045
2024-11-08 23:59:00,39.4,4.11111111111111
2024-11-09 00:31:00,32.0,0.0
2024-11-09 00:55:00,32.5,0.2777777777777778
2024-11-09 01:24:00,32.0,0.0
2024-11-09 01:48:00,32.0,0.0
2024-11-09 01:55:00,32.4,0.22222222222222143
2024-11-09 01:56:00,32.4,0.22222222222222143
2024-11-09 02:18:00,32.0,0.0
2024-11-09 02:20:00,32.0,0.0
2024-11-09 02:55:00,32.5,0.2777777777777778
2024-11-09 03:55:00,33.1,0.6111111111111119
2024-11-09 04:49:00,33.8,0.9999999999999984
2024-11-09 04:56:00,34.0,1.1111111111111112
2024-11-09 05:10:00,33.8,0.9999999999999984
2024-11-09 05:43:00,33.8,0.9999999999999984
2024-11-09 05:55:00,34.2,1.2222222222222239
2024-11-09 06:09:00,33.8,0.9999999999999984
2024-11-09 06:55:00,33.3,0.7222222222222207
2024-11-09 07:55:00,34.3,1.2777777777777761
2024-11-09 08:55:00,35.6,2.000000000000001
2024-11-09 09:12:00,35.6,2.000000000000001
2024-11-09 09:23:00,35.6,2.000000000000001
2024-11-09 09:55:00,35.1,1.722222222222223
2024-11-09 10:04:00,33.8,0.9999999999999984
2024-11-09 10:55:00,34.5,1.3888888888888888
2024-11-09 11:55:00,31.8,-0.11111111111111072
2024-11-09 12:55:00,31.5,-0.2777777777777778
2024-11-09 13:55:00,31.1,-0.4999999999999992
2024-11-09 14:55:00,32.7,0.38888888888889045
2024-11-09 15:55:00,35.6,2.000000000000001
2024-11-09 16:55:00,36.3,2.388888888888887
2024-11-09 17:55:00,39.6,4.222222222222223
2024-11-09 18:55:00,39.6,4.222222222222223
2024-11-09 20:55:00,37.0,2.7777777777777777
2024-11-09 21:55:00,37.6,3.1111111111111116
2024-11-09 22:55:00,36.5,2.5
2024-11-10 00:55:00,32.4,0.22222222222222143
2024-11-10 01:55:00,35.1,1.722222222222223
2024-11-10 02:55:00,33.3,0.7222222222222207
2024-11-10 03:55:00,30.6,-0.777777777777777
2024-11-10 04:55:00,27.5,-2.5
2024-11-10 05:55:00,27.5,-2.5
2024-11-10 06:55:00,28.0,-2.2222222222222223
2024-11-10 07:55:00,31.6,-0.22222222222222143
2024-11-10 08:55:00,37.9,3.277777777777777
2024-11-10 09:55:00,34.7,1.5000000000000016
2024-11-10 10:55:00,32.9,0.4999999999999992
2024-11-10 11:55:00,33.1,0.6111111111111119
2024-11-10 12:55:00,29.8,-1.2222222222222219
2024-11-10 13:55:00,34.9,1.6111111111111103
2024-11-10 14:55:00,38.7,3.7222222222222237
2024-11-10 15:55:00,41.2,5.1111111111111125
2024-11-10 16:55:00,45.7,7.6111111111111125
2024-11-10 17:55:00,51.3,10.72222222222222
2024-11-10 18:55:00,52.9,11.61111111111111
2024-11-10 19:55:00,56.8,13.777777777777775
2024-11-10 20:55:00,51.8,10.999999999999998
2024-11-10 21:55:00,52.0,11.11111111111111
2024-11-10 22:55:00,50.4,10.222222222222221
2024-11-10 23:55:00,46.0,7.777777777777778
2024-11-11 00:55:00,50.2,10.111111111111112
2024-11-11 01:55:00,45.7,7.6111111111111125
2024-11-11 02:55:00,41.4,5.222222222222221
2024-11-11 03:55:00,35.8,2.1111111111111094
2024-11-11 04:55:00,37.6,3.1111111111111116
2024-11-11 05:55:00,34.3,1.2777777777777761
2024-11-11 06:55:00,37.4,2.999999999999999
2024-11-11 07:55:00,40.8,4.8888888888888875
2024-11-11 08:55:00,39.0,3.888888888888889
2024-11-11 09:55:00,38.3,3.4999999999999982
2024-11-11 10:55:00,39.0,3.888888888888889
2024-11-11 11:55:00,36.0,2.2222222222222223
2024-11-11 12:55:00,34.2,1.2222222222222239
2024-11-11 13:55:00,33.8,0.9999999999999984
2024-11-11 14:55:00,37.4,2.999999999999999
2024-11-11 15:55:00,39.4,4.11111111111111
2024-11-11 16:55:00,47.3,8.499999999999998
2024-11-11 17:55:00,52.3,11.277777777777777
2024-11-11 18:55:00,52.2,11.222222222222223
2024-11-11 19:55:00,52.9,11.61111111111111
2024-11-11 20:55:00,50.5,10.277777777777777
2024-11-11 21:55:00,47.7,8.722222222222223
2024-11-11 22:55:00,48.7,9.277777777777779
2024-11-11 23:55:00,45.0,7.222222222222222
2024-11-12 00:55:00,44.6,7.000000000000001
2024-11-12 01:55:00,41.2,5.1111111111111125
2024-11-12 02:55:00,44.1,6.722222222222223
2024-11-12 03:55:00,37.9,3.277777777777777
2024-11-12 04:55:00,31.5,-0.2777777777777778
2024-11-12 05:55:00,32.2,0.11111111111111269
2024-11-12 06:55:00,31.1,-0.4999999999999992
2024-11-12 07:55:00,30.7,-0.7222222222222227
2024-11-12 08:55:00,29.3,-1.4999999999999996
2024-11-12 09:55:00,30.4,-0.8888888888888896
2024-11-12 10:55:00,29.8,-1.2222222222222219
2024-11-12 11:55:00,27.3,-2.6111111111111107
2024-11-12 12:55:00,29.5,-1.3888888888888888
2024-11-12 13:55:00,28.4,-2.000000000000001
2024-11-12 14:55:00,30.9,-0.6111111111111119
2024-11-12 15:55:00,36.3,2.388888888888887
2024-11-12 16:55:00,39.6,4.222222222222223
2024-11-12 17:55:00,39.0,3.888888888888889
2024-11-12 18:55:00,46.0,7.777777777777778
2024-11-12 18:58:00,46.4,7.999999999999999
2024-11-12 19:55:00,55.9,13.277777777777777
2024-11-12 21:55:00,51.4,10.777777777777777
2024-11-12 22:55:00,52.7,11.500000000000002
2024-11-12 23:55:00,49.1,9.5
2024-11-13 00:55:00,42.8,5.999999999999998
2024-11-13 01:55:00,39.2,4.000000000000002
2024-11-13 02:55:00,41.2,5.1111111111111125
2024-11-13 03:55:00,36.5,2.5
2024-11-13 04:55:00,38.3,3.4999999999999982
2024-11-13 05:55:00,36.3,2.388888888888887
2024-11-13 06:55:00,39.7,4.2777777777777795
2024-11-13 07:55:00,38.3,3.4999999999999982
2024-11-13 08:55:00,36.9,2.7222222222222214
2024-11-13 09:55:00,31.1,-0.4999999999999992
2024-11-13 10:55:00,33.1,0.6111111111111119
2024-11-13 11:55:00,31.6,-0.22222222222222143
2024-11-13 12:55:00,32.9,0.4999999999999992
2024-11-13 13:55:00,30.2,-1.0000000000000004
2024-11-13 14:55:00,33.3,0.7222222222222207
2024-11-13 15:55:00,35.2,1.7777777777777792
2024-11-13 16:55:00,37.0,2.7777777777777777
2024-11-13 17:55:00,38.5,3.611111111111111
2024-11-13 18:55:00,40.1,4.500000000000001
2024-11-13 19:55:00,40.6,4.777777777777779
2024-11-13 20:55:00,40.1,4.500000000000001
2024-11-13 21:55:00,39.4,4.11111111111111
2024-11-13 22:55:00,37.9,3.277777777777777
2024-11-13 23:55:00,34.0,1.1111111111111112
2024-11-14 00:55:00,33.3,0.7222222222222207
2024-11-14 01:55:00,34.2,1.2222222222222239
2024-11-14 02:55:00,32.5,0.2777777777777778
2024-11-14 03:55:00,30.0,-1.1111111111111112
2024-11-14 04:55:00,28.2,-2.1111111111111116
2024-11-14 05:55:00,29.7,-1.2777777777777781
2024-11-14 06:55:00,27.5,-2.5
2024-11-14 07:55:00,26.6,-2.999999999999999
2024-11-14 08:55:00,28.4,-2.000000000000001
2024-11-14 09:55:00,27.3,-2.6111111111111107
2024-11-14 10:55:00,27.5,-2.5
2024-11-14 11:55:00,32.2,0.11111111111111269
2024-11-14 12:55:00,29.1,-1.6111111111111103
2024-11-14 13:55:00,33.1,0.6111111111111119
2024-11-14 14:55:00,36.9,2.7222222222222214
2024-11-14 15:55:00,48.7,9.277777777777779
2024-11-14 16:55:00,48.7,9.277777777777779
2024-11-14 17:55:00,54.0,12.222222222222221
2024-11-14 18:55:00,56.3,13.499999999999998
2024-11-14 19:55:00,60.1,15.61111111111111
2024-11-14 20:55:00,59.2,15.111111111111112
2024-11-14 21:55:00,56.7,13.722222222222223
2024-11-14 22:55:00,55.0,12.777777777777777
2024-11-14 23:55:00,46.2,7.88888888888889
2024-11-15 00:55:00,47.1,8.38888888888889
2024-11-15 01:55:00,49.3,9.611111111111109
2024-11-15 02:55:00,45.0,7.222222222222222
2024-11-15 03:55:00,45.0,7.222222222222222
2024-11-15 04:55:00,35.2,1.7777777777777792
2024-11-15 05:55:00,34.7,1.5000000000000016
2024-11-15 06:55:00,30.9,-0.6111111111111119
2024-11-15 07:55:00,32.0,0.0
2024-11-15 08:55:00,29.1,-1.6111111111111103
2024-11-15 09:55:00,32.2,0.11111111111111269
2024-11-15 10:55:00,32.0,0.0
2024-11-15 11:55:00,31.6,-0.22222222222222143
2024-11-15 12:55:00,33.3,0.7222222222222207
2024-11-15 13:55:00,31.8,-0.11111111111111072
2024-11-15 14:55:00,36.9,2.7222222222222214
2024-11-15 15:55:00,41.5,5.277777777777778
2024-11-15 16:55:00,43.7,6.500000000000002
2024-11-15 17:55:00,47.5,8.61111111111111
2024-11-15 18:55:00,48.7,9.277777777777779
2024-11-15 19:55:00,48.7,9.277777777777779
2024-11-15 20:55:00,51.1,10.611111111111112
2024-11-15 21:55:00,49.8,9.888888888888888
2024-11-15 22:55:00,46.8,8.22222222222222
2024-11-15 23:55:00,42.4,5.777777777777777
2024-11-16 00:55:00,41.0,5.0
2024-11-16 01:55:00,34.3,1.2777777777777761
2024-11-16 02:55:00,33.3,0.7222222222222207
2024-11-16 03:55:00,36.1,2.2777777777777786
2024-11-16 04:55:00,40.1,4.500000000000001
2024-11-16 05:55:00,31.6,-0.22222222222222143
2024-11-16 06:55:00,32.0,0.0
2024-11-16 07:55:00,31.6,-0.22222222222222143
2024-11-16 08:55:00,33.4,0.777777777777777
2024-11-16 09:55:00,37.2,2.8888888888888906
2024-11-16 10:55:00,35.6,2.000000000000001
2024-11-16 11:55:00,38.8,3.777777777777776
2024-11-16 12:55:00,44.8,7.111111111111109
2024-11-16 13:55:00,46.0,7.777777777777778
2024-11-16 14:55:00,48.4,9.11111111111111
2024-11-16 15:55:00,50.4,10.222222222222221
2024-11-16 16:55:00,52.5,11.38888888888889
2024-11-16 17:55:00,53.8,12.111111111111109
2024-11-16 18:55:00,54.9,12.722222222222221
2024-11-16 19:55:00,54.9,12.722222222222221
2024-11-16 20:55:00,54.3,12.388888888888888
2024-11-16 21:55:00,53.8,12.111111111111109
2024-11-16 22:55:00,51.8,10.999999999999998
2024-11-16 23:55:00,46.2,7.88888888888889
2024-11-17 00:55:00,41.4,5.222222222222221
2024-11-17 01:55:00,39.6,4.222222222222223
2024-11-17 02:55:00,37.0,2.7777777777777777
2024-11-17 03:55:00,35.2,1.7777777777777792
2024-11-17 04:55:00,35.8,2.1111111111111094
2024-11-17 05:55:00,32.4,0.22222222222222143
2024-11-17 06:55:00,33.3,0.7222222222222207
2024-11-17 07:55:00,30.6,-0.777777777777777
2024-11-17 08:55:00,30.9,-0.6111111111111119
2024-11-17 09:55:00,35.6,2.000000000000001
2024-11-17 10:55:00,32.9,0.4999999999999992
2024-11-17 11:55:00,34.2,1.2222222222222239
2024-11-17 12:55:00,32.4,0.22222222222222143
2024-11-17 13:55:00,26.6,-2.999999999999999
2024-11-17 14:55:00,36.7,2.6111111111111125
2024-11-17 15:55:00,40.5,4.722222222222222
2024-11-17 16:55:00,42.4,5.777777777777777
2024-11-17 17:55:00,44.2,6.7777777777777795
2024-11-17 18:55:00,46.9,8.277777777777777
2024-11-17 19:55:00,46.9,8.277777777777777
2024-11-17 20:55:00,47.5,8.61111111111111
2024-11-17 21:55:00,46.9,8.277777777777777
2024-11-17 22:55:00,44.1,6.722222222222223
2024-11-17 23:55:00,35.4,1.888888888888888
2024-11-18 00:55:00,37.6,3.1111111111111116
2024-11-18 01:55:00,36.0,2.2222222222222223
2024-11-18 02:55:00,33.8,0.9999999999999984
2024-11-18 03:55:00,28.9,-1.722222222222223
2024-11-18 04:55:00,30.9,-0.6111111111111119
2024-11-18 05:55:00,32.4,0.22222222222222143
2024-11-18 06:55:00,28.6,-1.888888888888888
2024-11-18 07:55:00,29.5,-1.3888888888888888
2024-11-18 08:55:00,28.6,-1.888888888888888
2024-11-18 09:55:00,30.9,-0.6111111111111119
2024-11-18 10:55:00,27.5,-2.5
2024-11-18 11:55:00,31.6,-0.22222222222222143
2024-11-18 12:55:00,33.3,0.7222222222222207
2024-11-18 14:55:00,35.4,1.888888888888888
2024-11-18 15:55:00,41.4,5.222222222222221
2024-11-18 16:55:00,48.2,9.000000000000002
2024-11-18 17:55:00,52.2,11.222222222222223
2024-11-18 18:55:00,54.1,12.277777777777779
2024-11-18 19:55:00,55.8,13.22222222222222
2024-11-18 20:55:00,57.7,14.277777777777779
2024-11-18 21:55:00,58.6,14.777777777777779
2024-11-18 22:55:00,54.9,12.722222222222221
2024-11-18 23:55:00,47.5,8.61111111111111
2024-11-19 00:33:00,46.4,7.999999999999999
2024-11-19 00:55:00,46.0,7.777777777777778
2024-11-19 01:55:00,48.7,9.277777777777779
2024-11-19 02:55:00,47.1,8.38888888888889
2024-11-19 03:55:00,46.9,8.277777777777777
2024-11-19 04:15:00,42.8,5.999999999999998
2024-11-19 04:55:00,45.0,7.222222222222222
2024-11-19 05:55:00,44.8,7.111111111111109
2024-11-19 06:55:00,41.2,5.1111111111111125
2024-11-19 07:55:00,36.1,2.2777777777777786
2024-11-19 08:55:00,34.2,1.2222222222222239
2024-11-19 09:55:00,27.9,-2.2777777777777786
2024-11-19 10:55:00,25.9,-3.3888888888888897
2024-11-19 11:55:00,26.4,-3.1111111111111116
2024-11-19 12:55:00,30.9,-0.6111111111111119
2024-11-19 13:55:00,26.6,-2.999999999999999
2024-11-19 14:55:00,30.7,-0.7222222222222227
2024-11-19 15:55:00,32.2,0.11111111111111269
2024-11-19 16:11:00,33.8,0.9999999999999984
2024-11-19 16:34:00,33.8,0.9999999999999984
2024-11-19 16:45:00,35.6,2.000000000000001
2024-11-19 16:55:00,34.3,1.2777777777777761
2024-11-19 17:55:00,36.1,2.2777777777777786
2024-11-19 18:30:00,35.6,2.000000000000001
2024-11-19 18:55:00,33.1,0.6111111111111119
2024-11-19 19:55:00,32.7,0.38888888888889045
2024-11-19 20:55:00,35.4,1.888888888888888
2024-11-19 21:19:00,37.4,2.999999999999999
2024-11-19 21:30:00,39.2,4.000000000000002
2024-11-19 21:55:00,39.0,3.888888888888889
2024-11-19 22:55:00,36.5,2.5
2024-11-19 22:58:00,37.4,2.999999999999999
2024-11-19 23:55:00,33.3,0.7222222222222207
2024-11-20 00:55:00,32.9,0.4999999999999992
2024-11-20 01:55:00,30.2,-1.0000000000000004
2024-11-20 02:55:00,28.0,-2.2222222222222223
2024-11-20 03:55:00,30.0,-1.1111111111111112
2024-11-20 04:17:00,26.6,-2.999999999999999
2024-11-20 04:55:00,25.2,-3.777777777777778
2024-11-20 05:55:00,23.9,-4.500000000000001
2024-11-20 06:55:00,24.3,-4.277777777777778
2024-11-20 07:55:00,23.9,-4.500000000000001
2024-11-20 08:55:00,23.2,-4.888888888888889
2024-11-20 09:55:00,19.0,-7.222222222222222
2024-11-20 10:55:00,17.4,-8.111111111111112
2024-11-20 11:55:00,18.9,-7.277777777777779
2024-11-20 12:55:00,19.2,-7.111111111111112
2024-11-20 13:55:00,18.7,-7.388888888888889
2024-11-20 14:55:00,23.5,-4.722222222222222
2024-11-20 15:55:00,29.5,-1.3888888888888888
2024-11-20 16:55:00,33.3,0.7222222222222207
2024-11-20 17:55:00,37.2,2.8888888888888906
2024-11-20 18:55:00,39.0,3.888888888888889
2024-11-20 19:55:00,42.1,5.611111111111112
2024-11-20 20:55:00,44.8,7.111111111111109
2024-11-20 21:55:00,45.0,7.222222222222222
2024-11-20 22:55:00,43.0,6.111111111111111
2024-11-20 23:55:00,40.3,4.61111111111111
2024-11-21 00:55:00,37.4,2.999999999999999
2024-11-21 01:55:00,32.9,0.4999999999999992
2024-11-21 02:30:00,32.0,0.0
2024-11-21 02:55:00,30.0,-1.1111111111111112
2024-11-21 03:55:00,33.1,0.6111111111111119
2024-11-21 04:55:00,30.4,-0.8888888888888896
2024-11-21 05:55:00,29.8,-1.2222222222222219
2024-11-21 06:55:00,31.8,-0.11111111111111072
2024-11-21 07:55:00,28.6,-1.888888888888888
2024-11-21 08:55:00,30.9,-0.6111111111111119
2024-11-21 09:55:00,28.9,-1.722222222222223
2024-11-21 10:55:00,31.3,-0.3888888888888885
2024-11-21 11:55:00,30.4,-0.8888888888888896
2024-11-21 12:55:00,32.7,0.38888888888889045
2024-11-21 13:55:00,31.3,-0.3888888888888885
2024-11-21 14:55:00,37.8,3.2222222222222205
2024-11-21 15:55:00,45.5,7.5
2024-11-21 16:55:00,49.1,9.5
2024-11-21 17:55:00,48.7,9.277777777777779
2024-11-21 18:55:00,51.4,10.777777777777777
2024-11-21 19:55:00,52.0,11.11111111111111
2024-11-21 20:55:00,51.8,10.999999999999998
2024-11-21 21:55:00,51.4,10.777777777777777
2024-11-21 22:55:00,51.6,10.88888888888889
2024-11-21 23:55:00,46.8,8.22222222222222
2024-11-22 00:55:00,47.7,8.722222222222223
2024-11-22 01:55:00,45.5,7.5
2024-11-22 02:55:00,40.1,4.500000000000001
2024-11-22 03:55:00,35.4,1.888888888888888
2024-11-22 04:55:00,37.9,3.277777777777777
2024-11-22 05:55:00,34.7,1.5000000000000016
2024-11-22 06:55:00,35.1,1.722222222222223
2024-11-22 07:55:00,36.1,2.2777777777777786
2024-11-22 08:55:00,38.5,3.611111111111111
2024-11-22 09:55:00,40.8,4.8888888888888875
2024-11-22 10:55:00,41.2,5.1111111111111125
2024-11-22 11:55:00,40.6,4.777777777777779
2024-11-22 12:55:00,36.7,2.6111111111111125
2024-11-22 13:55:00,39.0,3.888888888888889
2024-11-22 14:55:00,44.1,6.722222222222223
2024-11-22 15:55:00,51.3,10.72222222222222
2024-11-22 16:55:00,60.8,15.999999999999998
2024-11-22 17:55:00,61.7,16.5
2024-11-22 18:55:00,62.4,16.88888888888889
2024-11-22 19:55:00,63.5,17.5
2024-11-22 20:55:00,65.3,18.499999999999996
2024-11-22 21:55:00,62.4,16.88888888888889
2024-11-22 22:55:00,59.4,15.222222222222221
2024-11-22 23:55:00,52.5,11.38888888888889
2024-11-23 00:55:00,53.1,11.722222222222223
2024-11-23 01:55:00,45.1,7.277777777777779
2024-11-23 02:55:00,42.4,5.777777777777777
2024-11-23 03:55:00,40.1,4.500000000000001
2024-11-23 04:55:00,39.2,4.000000000000002
2024-11-23 05:55:00,38.5,3.611111111111111
2024-11-23 06:55:00,37.6,3.1111111111111116
2024-11-23 07:55:00,43.3,6.277777777777776
2024-11-23 08:55:00,41.4,5.222222222222221
2024-11-23 09:55:00,38.3,3.4999999999999982
2024-11-23 10:55:00,43.0,6.111111111111111
2024-11-23 11:55:00,41.9,5.499999999999999
2024-11-23 12:55:00,38.5,3.611111111111111
2024-11-23 13:55:00,39.2,4.000000000000002
2024-11-23 14:55:00,43.2,6.222222222222223
2024-11-23 15:55:00,47.7,8.722222222222223
2024-11-23 16:55:00,50.5,10.277777777777777
2024-11-23 17:55:00,67.5,19.72222222222222
2024-11-23 18:55:00,69.1,20.611111111111107
2024-11-23 19:55:00,69.1,20.611111111111107
2024-11-23 20:55:00,68.7,20.38888888888889
2024-11-23 21:55:00,68.4,20.222222222222225
2024-11-23 22:55:00,64.4,18.000000000000004
2024-11-23 23:55:00,59.2,15.111111111111112
2024-11-24 00:55:00,56.3,13.499999999999998
2024-11-24 01:55:00,53.1,11.722222222222223
2024-11-24 02:55:00,51.6,10.88888888888889
2024-11-24 03:55:00,57.7,14.277777777777779
2024-11-24 04:55:00,55.2,12.88888888888889
2024-11-24 05:55:00,55.8,13.22222222222222
2024-11-24 06:55:00,56.7,13.722222222222223
2024-11-24 07:55:00,54.0,12.222222222222221
2024-11-24 08:55:00,52.9,11.61111111111111
2024-11-24 09:55:00,53.4,11.888888888888888
2024-11-24 10:55:00,51.4,10.777777777777777
2024-11-24 11:55:00,53.8,12.111111111111109
2024-11-24 12:55:00,42.4,5.777777777777777
2024-11-24 13:55:00,39.7,4.2777777777777795
2024-11-24 14:55:00,50.0,10.0
2024-11-24 15:55:00,55.2,12.88888888888889
2024-11-24 16:55:00,58.8,14.888888888888888
2024-11-24 17:55:00,62.4,16.88888888888889
2024-11-24 18:55:00,62.8,17.11111111111111
2024-11-24 19:55:00,62.8,17.11111111111111
2024-11-24 20:55:00,60.8,15.999999999999998
2024-11-24 21:53:00,64.4,18.000000000000004
2024-11-24 21:55:00,63.5,17.5
2024-11-24 22:55:00,58.6,14.777777777777779
2024-11-24 23:37:00,57.2,14.000000000000002
2024-11-24 23:55:00,48.4,9.11111111111111
2024-11-25 00:55:00,43.3,6.277777777777776
2024-11-25 01:55:00,39.6,4.222222222222223
2024-11-25 02:51:00,41.0,5.0
2024-11-25 02:55:00,38.7,3.7222222222222237
2024-11-25 03:11:00,39.2,4.000000000000002
2024-11-25 03:55:00,36.9,2.7222222222222214
2024-11-25 04:55:00,37.6,3.1111111111111116
2024-11-25 05:37:00,37.4,2.999999999999999
2024-11-25 05:55:00,36.9,2.7222222222222214
2024-11-25 06:20:00,35.6,2.000000000000001
2024-11-25 06:21:00,35.6,2.000000000000001
2024-11-25 06:51:00,33.8,0.9999999999999984
2024-11-25 06:55:00,33.3,0.7222222222222207
2024-11-25 07:10:00,33.8,0.9999999999999984
2024-11-25 07:25:00,33.8,0.9999999999999984
2024-11-25 07:55:00,31.5,-0.2777777777777778
2024-11-25 08:10:00,32.0,0.0
2024-11-25 08:40:00,30.2,-1.0000000000000004
2024-11-25 08:55:00,30.9,-0.6111111111111119
2024-11-25 09:40:00,30.2,-1.0000000000000004
2024-11-25 09:55:00,30.7,-0.7222222222222227
2024-11-25 10:25:00,30.2,-1.0000000000000004
2024-11-25 10:43:00,30.2,-1.0000000000000004
2024-11-25 10:55:00,30.2,-1.0000000000000004
2024-11-25 11:05:00,30.2,-1.0000000000000004
2024-11-25 11:50:00,30.2,-1.0000000000000004
2024-11-25 11:55:00,29.8,-1.2222222222222219
2024-11-25 12:40:00,30.2,-1.0000000000000004
2024-11-25 12:55:00,29.5,-1.3888888888888888
2024-11-25 13:40:00,30.2,-1.0000000000000004
2024-11-25 13:55:00,30.6,-0.777777777777777
2024-11-25 14:25:00,32.0,0.0
2024-11-25 14:40:00,30.2,-1.0000000000000004
2024-11-25 14:55:00,30.7,-0.7222222222222227
2024-11-25 15:34:00,32.0,0.0
2024-11-25 15:49:00,32.0,0.0
2024-11-25 15:55:00,33.1,0.6111111111111119
2024-11-25 16:55:00,34.7,1.5000000000000016
2024-11-25 17:10:00,35.6,2.000000000000001
2024-11-25 17:55:00,36.0,2.2222222222222223
2024-11-25 18:55:00,36.7,2.6111111111111125
2024-11-25 19:25:00,39.2,4.000000000000002
2024-11-25 19:55:00,38.3,3.4999999999999982
2024-11-25 20:40:00,39.2,4.000000000000002
2024-11-25 20:55:00,38.8,3.777777777777776
2024-11-25 21:55:00,39.0,3.888888888888889
2024-11-25 22:25:00,39.2,4.000000000000002
2024-11-25 22:55:00,39.2,4.000000000000002
2024-11-25 23:55:00,35.2,1.7777777777777792
2024-11-26 00:55:00,30.9,-0.6111111111111119
2024-11-26 01:55:00,33.1,0.6111111111111119
2024-11-26 02:55:00,32.2,0.11111111111111269
2024-11-26 03:55:00,30.6,-0.777777777777777
2024-11-26 04:55:00,29.3,-1.4999999999999996
2024-11-26 05:55:00,27.1,-2.7222222222222214
2024-11-26 06:55:00,25.5,-3.611111111111111
2024-11-26 07:55:00,25.3,-3.722222222222222
2024-11-26 08:55:00,28.4,-2.000000000000001
2024-11-26 09:55:00,24.4,-4.222222222222223
2024-11-26 10:55:00,25.7,-3.5000000000000004
2024-11-26 11:55:00,26.4,-3.1111111111111116
2024-11-26 12:55:00,28.2,-2.1111111111111116
2024-11-26 13:55:00,28.9,-1.722222222222223
2024-11-26 14:55:00,35.1,1.722222222222223
2024-11-26 15:55:00,45.3,7.3888888888888875
2024-11-26 16:55:00,47.3,8.499999999999998
2024-11-26 17:55:00,51.4,10.777777777777777
2024-11-26 18:55:00,51.3,10.72222222222222
2024-11-26 19:55:00,52.9,11.61111111111111
2024-11-26 20:55:00,52.0,11.11111111111111
2024-11-26 21:55:00,52.0,11.11111111111111
2024-11-26 22:55:00,50.0,10.0
2024-11-26 23:55:00,44.8,7.111111111111109
2024-11-27 00:55:00,44.4,6.8888888888888875
2024-11-27 01:55:00,43.2,6.222222222222223
2024-11-27 01:57:00,43.5,6.388888888888888
2024-11-27 02:55:00,39.6,4.222222222222223
2024-11-27 03:55:00,38.5,3.611111111111111
2024-11-27 04:55:00,32.9,0.4999999999999992
2024-11-27 05:55:00,34.9,1.6111111111111103
2024-11-27 06:55:00,36.3,2.388888888888887
2024-11-27 07:55:00,37.8,3.2222222222222205
2024-11-27 08:04:00,37.4,2.999999999999999
2024-11-27 08:16:00,35.6,2.000000000000001
2024-11-27 08:20:00,35.6,2.000000000000001
2024-11-27 08:37:00,33.8,0.9999999999999984
2024-11-27 08:55:00,33.1,0.6111111111111119
2024-11-27 09:20:00,33.8,0.9999999999999984
2024-11-27 09:25:00,33.8,0.9999999999999984
2024-11-27 09:55:00,32.4,0.22222222222222143
2024-11-27 10:55:00,32.5,0.2777777777777778
2024-11-27 11:10:00,32.0,0.0
2024-11-27 11:31:00,32.0,0.0
2024-11-27 11:55:00,32.7,0.38888888888889045
2024-11-27 12:16:00,32.0,0.0
2024-11-27 12:25:00,33.8,0.9999999999999984
2024-11-27 12:55:00,32.9,0.4999999999999992
2024-11-27 13:25:00,33.8,0.9999999999999984
2024-11-27 13:55:00,33.1,0.6111111111111119
2024-11-27 14:11:00,32.0,0.0
2024-11-27 14:55:00,34.0,1.1111111111111112
2024-11-27 15:25:00,35.6,2.000000000000001
2024-11-27 15:55:00,35.2,1.7777777777777792
2024-11-27 16:55:00,35.1,1.722222222222223
2024-11-27 17:00:00,35.6,2.000000000000001
2024-11-27 17:09:00,33.8,0.9999999999999984
2024-11-27 17:31:00,32.0,0.0
2024-11-27 17:49:00,32.7,0.38888888888889045
2024-11-27 17:55:00,32.7,0.38888888888889045
2024-11-27 18:13:00,32.0,0.0
2024-11-27 18:31:00,32.0,0.0
2024-11-27 18:55:00,32.2,0.11111111111111269
2024-11-27 19:10:00,32.0,0.0
2024-11-27 19:55:00,33.8,0.9999999999999984
2024-11-27 20:55:00,34.3,1.2777777777777761
2024-11-27 21:55:00,33.8,0.9999999999999984
2024-11-27 22:55:00,32.5,0.2777777777777778
2024-11-27 23:40:00,30.2,-1.0000000000000004
2024-11-27 23:55:00,31.3,-0.3888888888888885
2024-11-28 00:55:00,30.0,-1.1111111111111112
2024-11-28 01:55:00,30.6,-0.777777777777777
2024-11-28 02:40:00,30.2,-1.0000000000000004
2024-11-28 02:55:00,29.8,-1.2222222222222219
2024-11-28 03:40:00,30.2,-1.0000000000000004
2024-11-28 03:55:00,29.7,-1.2777777777777781
2024-11-28 04:40:00,30.2,-1.0000000000000004
2024-11-28 04:55:00,29.5,-1.3888888888888888
2024-11-28 05:55:00,29.5,-1.3888888888888888
2024-11-28 06:55:00,28.8,-1.7777777777777772
2024-11-28 07:55:00,27.1,-2.7222222222222214
2024-11-28 08:55:00,27.9,-2.2777777777777786
2024-11-28 09:25:00,24.8,-3.9999999999999996
2024-11-28 09:55:00,20.3,-6.499999999999999
2024-11-28 10:55:00,19.2,-7.111111111111112
2024-11-28 11:55:00,17.4,-8.111111111111112
2024-11-28 12:55:00,18.3,-7.611111111111111
2024-11-28 13:55:00,18.3,-7.611111111111111
2024-11-28 14:55:00,21.7,-5.722222222222222
2024-11-28 15:55:00,26.6,-2.999999999999999
2024-11-28 16:55:00,31.1,-0.4999999999999992
2024-11-28 17:55:00,36.5,2.5
2024-11-28 18:55:00,39.7,4.2777777777777795
2024-11-28 19:55:00,39.2,4.000000000000002
2024-11-28 20:55:00,37.0,2.7777777777777777
2024-11-28 21:55:00,35.6,2.000000000000001
2024-11-28 22:55:00,35.6,2.000000000000001
2024-11-28 23:55:00,28.2,-2.1111111111111116
2024-11-29 00:55:00,27.1,-2.7222222222222214
2024-11-29 01:55:00,27.5,-2.5
2024-11-29 02:55:00,26.1,-3.277777777777777
2024-11-29 03:55:00,25.9,-3.3888888888888897
2024-11-29 04:55:00,24.6,-4.11111111111111
2024-11-29 05:55:00,21.4,-5.888888888888889
2024-11-29 06:55:00,23.5,-4.722222222222222
2024-11-29 07:55:00,18.1,-7.722222222222221
2024-11-29 08:55:00,19.4,-7.000000000000001
2024-11-29 09:55:00,18.3,-7.611111111111111
2024-11-29 10:55:00,18.5,-7.5
2024-11-29 11:55:00,17.8,-7.888888888888888
2024-11-29 12:55:00,18.3,-7.611111111111111
2024-11-29 13:55:00,18.3,-7.611111111111111
2024-11-29 14:55:00,23.2,-4.888888888888889
2024-11-29 15:55:00,27.7,-2.3888888888888893
2024-11-29 16:55:00,35.1,1.722222222222223
2024-11-29 17:55:00,36.7,2.6111111111111125
2024-11-29 18:55:00,40.3,4.61111111111111
2024-11-29 19:55:00,42.8,5.999999999999998
2024-11-29 20:55:00,42.8,5.999999999999998
2024-11-29 21:55:00,44.6,7.000000000000001
2024-11-29 22:55:00,42.8,5.999999999999998
2024-11-29 23:55:00,42.8,5.999999999999998
2024-11-30 00:55:00,32.0,0.0
2024-11-30 01:55:00,30.2,-1.0000000000000004
2024-11-30 02:55:00,30.2,-1.0000000000000004
2024-11-30 03:55:00,33.8,0.9999999999999984
2024-11-30 04:55:00,30.2,-1.0000000000000004
2024-11-30 05:55:00,33.8,0.9999999999999984
2024-11-30 06:55:00,28.4,-2.000000000000001
2024-11-30 07:55:00,30.2,-1.0000000000000004
2024-11-30 08:55:00,30.2,-1.0000000000000004
2024-11-30 09:56:00,28.4,-2.000000000000001
2024-11-30 10:55:00,26.6,-2.999999999999999
2024-11-30 11:55:00,30.2,-1.0000000000000004
2024-11-30 12:55:00,30.9,-0.6111111111111119
2024-11-30 13:55:00,26.6,-2.999999999999999
2024-11-30 14:55:00,28.4,-2.000000000000001
2024-11-30 15:55:00,41.0,5.0
2024-11-30 16:55:00,39.2,4.000000000000002
2024-11-30 17:55:00,39.6,4.222222222222223
2024-11-30 18:55:00,43.2,6.222222222222223
2024-11-30 19:55:00,43.2,6.222222222222223
2024-11-30 20:55:00,42.8,5.999999999999998
2024-11-30 21:55:00,42.8,5.999999999999998
2024-11-30 22:55:00,39.9,4.388888888888888
2024-11-30 23:55:00,34.0,1.1111111111111112
2024-12-01 00:55:00,33.1,0.6111111111111119
2024-12-01 01:55:00,30.0,-1.1111111111111112
2024-12-01 02:55:00,30.0,-1.1111111111111112
2024-12-01 03:55:00,30.0,-1.1111111111111112
2024-12-01 04:55:00,32.0,0.0
2024-12-01 05:55:00,30.2,-1.0000000000000004
2024-12-01 06:55:00,28.8,-1.7777777777777772
2024-12-01 07:55:00,28.4,-2.000000000000001
2024-12-01 08:55:00,27.7,-2.3888888888888893
2024-12-01 09:55:00,28.0,-2.2222222222222223
2024-12-01 10:55:00,27.1,-2.7222222222222214
2024-12-01 11:58:00,27.5,-2.5
2024-12-01 12:55:00,27.1,-2.7222222222222214
2024-12-01 13:55:00,27.9,-2.2777777777777786
2024-12-01 14:55:00,28.9,-1.722222222222223
2024-12-01 15:55:00,35.8,2.1111111111111094
2024-12-01 16:55:00,44.8,7.111111111111109
2024-12-01 17:55:00,49.6,9.777777777777779
2024-12-01 18:55:00,50.0,10.0
2024-12-01 19:55:00,51.6,10.88888888888889
2024-12-01 20:55:00,50.0,10.0
2024-12-01 21:55:00,49.8,9.888888888888888
2024-12-01 22:55:00,47.3,8.499999999999998
2024-12-01 23:55:00,42.3,5.7222222222222205
2024-12-02 00:55:00,39.0,3.888888888888889
2024-12-02 01:55:00,38.7,3.7222222222222237
2024-12-02 02:55:00,35.1,1.722222222222223
2024-12-02 03:55:00,39.6,4.222222222222223
2024-12-02 04:55:00,32.0,0.0
2024-12-02 05:55:00,31.8,-0.11111111111111072
2024-12-02 06:55:00,30.7,-0.7222222222222227
2024-12-02 07:55:00,30.7,-0.7222222222222227
2024-12-02 08:55:00,30.2,-1.0000000000000004
2024-12-02 09:55:00,32.0,0.0
2024-12-02 10:55:00,29.1,-1.6111111111111103
2024-12-02 11:55:00,28.9,-1.722222222222223
2024-12-02 12:55:00,27.7,-2.3888888888888893
2024-12-02 13:55:00,27.7,-2.3888888888888893
2024-12-02 14:55:00,34.0,1.1111111111111112
2024-12-02 15:55:00,40.1,4.500000000000001
2024-12-02 16:55:00,42.8,5.999999999999998
2024-12-02 17:55:00,43.7,6.500000000000002
2024-12-02 18:56:00,44.8,7.111111111111109
2024-12-02 19:55:00,45.7,7.6111111111111125
2024-12-02 20:55:00,45.7,7.6111111111111125
2024-12-02 21:55:00,45.7,7.6111111111111125
2024-12-02 22:55:00,42.6,5.888888888888889
2024-12-02 23:55:00,37.2,2.8888888888888906
2024-12-03 01:55:00,34.3,1.2777777777777761
2024-12-03 03:55:00,34.9,1.6111111111111103
2024-12-03 05:14:00,29.5,-1.3888888888888888
2024-12-03 05:55:00,29.5,-1.3888888888888888
2024-12-03 07:55:00,28.9,-1.722222222222223
2024-12-03 08:55:00,32.0,0.0
2024-12-03 09:55:00,28.9,-1.722222222222223
2024-12-03 10:55:00,30.7,-0.7222222222222227
2024-12-03 11:55:00,30.6,-0.777777777777777
2024-12-03 12:55:00,32.0,0.0
2024-12-03 13:55:00,32.0,0.0
2024-12-03 14:55:00,37.2,2.8888888888888906
2024-12-03 16:55:00,51.8,10.999999999999998
2024-12-03 17:55:00,60.6,15.88888888888889
2024-12-03 23:55:00,53.4,11.888888888888888
2024-12-04 00:55:00,48.2,9.000000000000002
2024-12-04 01:55:00,39.7,4.2777777777777795
2024-12-04 02:55:00,39.6,4.222222222222223
2024-12-04 03:55:00,41.0,5.0
2024-12-04 04:55:00,40.5,4.722222222222222
2024-12-04 05:55:00,37.9,3.277777777777777
2024-12-04 06:55:00,36.3,2.388888888888887
2024-12-04 07:55:00,38.3,3.4999999999999982
2024-12-04 08:55:00,36.3,2.388888888888887
2024-12-04 09:55:00,37.8,3.2222222222222205
2024-12-04 10:55:00,35.8,2.1111111111111094
2024-12-04 11:55:00,34.2,1.2222222222222239
2024-12-04 12:55:00,33.6,0.8888888888888896
2024-12-04 13:55:00,36.9,2.7222222222222214
2024-12-04 14:55:00,40.3,4.61111111111111
2024-12-04 15:55:00,45.7,7.6111111111111125
2024-12-04 16:55:00,49.5,9.722222222222221
2024-12-04 17:55:00,51.1,10.611111111111112
2024-12-04 18:55:00,52.5,11.38888888888889
2024-12-04 19:55:00,54.0,12.222222222222221
2024-12-04 20:55:00,53.6,12.0
2024-12-04 21:55:00,53.1,11.722222222222223
2024-12-04 22:55:00,49.5,9.722222222222221
2024-12-05 00:43:00,44.6,7.000000000000001
2024-12-05 00:45:00,44.6,7.000000000000001
2024-12-05 00:55:00,44.2,6.7777777777777795
2024-12-05 01:55:00,41.0,5.0
2024-12-05 02:55:00,32.9,0.4999999999999992
2024-12-05 03:55:00,33.4,0.777777777777777
2024-12-05 04:55:00,34.9,1.6111111111111103
2024-12-05 05:55:00,36.3,2.388888888888887
2024-12-05 06:55:00,37.0,2.7777777777777777
2024-12-05 07:55:00,28.9,-1.722222222222223
2024-12-05 08:55:00,27.7,-2.3888888888888893
2024-12-05 09:55:00,28.2,-2.1111111111111116
2024-12-05 10:55:00,28.4,-2.000000000000001
2024-12-05 11:55:00,29.5,-1.3888888888888888
2024-12-05 12:55:00,28.6,-1.888888888888888
2024-12-05 13:55:00,25.9,-3.3888888888888897
2024-12-05 14:55:00,25.7,-3.5000000000000004
2024-12-05 15:55:00,29.1,-1.6111111111111103
2024-12-05 16:55:00,34.0,1.1111111111111112
2024-12-05 17:55:00,35.2,1.7777777777777792
2024-12-05 18:55:00,40.6,4.777777777777779
2024-12-05 19:55:00,43.2,6.222222222222223
2024-12-05 20:55:00,45.5,7.5
2024-12-05 21:55:00,47.1,8.38888888888889
2024-12-05 22:55:00,42.3,5.7222222222222205
2024-12-05 23:55:00,39.2,4.000000000000002
2024-12-06 00:55:00,37.9,3.277777777777777
2024-12-06 01:55:00,35.1,1.722222222222223
2024-12-06 02:55:00,35.1,1.722222222222223
2024-12-06 03:55:00,35.1,1.722222222222223
2024-12-06 04:55:00,30.7,-0.7222222222222227
2024-12-06 05:55:00,33.3,0.7222222222222207
2024-12-06 06:55:00,33.4,0.777777777777777
2024-12-06 07:55:00,30.7,-0.7222222222222227
2024-12-06 08:55:00,30.7,-0.7222222222222227
2024-12-06 09:55:00,32.2,0.11111111111111269
2024-12-06 10:55:00,30.6,-0.777777777777777
2024-12-06 11:55:00,33.4,0.777777777777777
2024-12-06 12:55:00,31.1,-0.4999999999999992
2024-12-06 13:55:00,31.5,-0.2777777777777778
2024-12-06 14:55:00,34.3,1.2777777777777761
2024-12-06 15:55:00,39.6,4.222222222222223
2024-12-06 16:55:00,47.3,8.499999999999998
2024-12-06 17:55:00,50.7,10.388888888888891
2024-12-06 18:55:00,51.1,10.611111111111112
2024-12-06 19:55:00,53.6,12.0
2024-12-06 20:55:00,53.6,12.0
2024-12-06 21:55:00,53.6,12.0
2024-12-06 22:55:00,50.7,10.388888888888891
2024-12-06 23:55:00,46.2,7.88888888888889
2024-12-07 00:55:00,44.2,6.7777777777777795
2024-12-07 01:55:00,44.1,6.722222222222223
2024-12-07 02:55:00,36.1,2.2777777777777786
2024-12-07 03:55:00,33.4,0.777777777777777
2024-12-07 04:55:00,32.5,0.2777777777777778
2024-12-07 05:59:00,32.0,0.0
2024-12-07 06:55:00,30.4,-0.8888888888888896
2024-12-07 07:55:00,29.8,-1.2222222222222219
2024-12-07 08:55:00,29.7,-1.2777777777777781
2024-12-07 09:55:00,29.1,-1.6111111111111103
2024-12-07 10:55:00,29.1,-1.6111111111111103
2024-12-07 11:55:00,27.9,-2.2777777777777786
2024-12-07 12:55:00,28.0,-2.2222222222222223
2024-12-07 13:55:00,26.1,-3.277777777777777
2024-12-07 14:55:00,33.4,0.777777777777777
2024-12-07 15:55:00,37.6,3.1111111111111116
2024-12-07 16:55:00,48.6,9.222222222222223
2024-12-07 17:55:00,55.2,12.88888888888889
2024-12-07 18:55:00,58.3,14.611111111111109
2024-12-07 19:55:00,59.9,15.499999999999998
2024-12-07 20:55:00,59.7,15.38888888888889
2024-12-07 21:55:00,59.7,15.38888888888889
2024-12-07 22:55:00,55.4,12.999999999999998
2024-12-08 00:55:00,47.5,8.61111111111111
2024-12-08 01:55:00,40.6,4.777777777777779
2024-12-08 02:55:00,35.1,1.722222222222223
2024-12-08 03:55:00,32.4,0.22222222222222143
2024-12-08 04:55:00,33.3,0.7222222222222207
2024-12-08 06:55:00,32.7,0.38888888888889045
2024-12-08 07:55:00,32.2,0.11111111111111269
2024-12-08 09:55:00,33.1,0.6111111111111119
2024-12-08 11:55:00,35.2,1.7777777777777792
2024-12-08 12:55:00,37.2,2.8888888888888906
2024-12-08 13:55:00,37.0,2.7777777777777777
2024-12-08 14:55:00,45.0,7.222222222222222
2024-12-08 15:55:00,51.8,10.999999999999998
2024-12-08 16:55:00,60.6,15.88888888888889
2024-12-08 17:55:00,63.9,17.72222222222222
2024-12-08 18:55:00,63.3,17.388888888888886
2024-12-08 19:55:00,63.0,17.22222222222222
2024-12-08 21:55:00,54.7,12.611111111111112
2024-12-08 22:55:00,51.4,10.777777777777777
2024-12-08 23:55:00,48.4,9.11111111111111
2024-12-09 00:55:00,43.0,6.111111111111111
2024-12-09 01:55:00,39.9,4.388888888888888
2024-12-09 02:55:00,40.1,4.500000000000001
2024-12-09 03:55:00,39.9,4.388888888888888
2024-12-09 04:55:00,40.3,4.61111111111111
2024-12-09 05:55:00,35.6,2.000000000000001
2024-12-09 06:55:00,32.9,0.4999999999999992
2024-12-09 07:55:00,31.3,-0.3888888888888885
2024-12-09 08:55:00,29.7,-1.2777777777777781
2024-12-09 09:55:00,29.1,-1.6111111111111103
2024-12-09 10:55:00,30.0,-1.1111111111111112
2024-12-09 11:55:00,26.1,-3.277777777777777
2024-12-09 12:55:00,30.0,-1.1111111111111112
2024-12-09 13:55:00,31.5,-0.2777777777777778
2024-12-09 14:55:00,30.9,-0.6111111111111119
2024-12-09 15:55:00,30.7,-0.7222222222222227
2024-12-09 16:46:00,30.2,-1.0000000000000004
2024-12-09 16:55:00,30.7,-0.7222222222222227
2024-12-09 17:16:00,30.2,-1.0000000000000004
2024-12-09 17:20:00,30.2,-1.0000000000000004
2024-12-09 17:35:00,28.4,-2.000000000000001
2024-12-09 17:55:00,27.3,-2.6111111111111107
2024-12-09 18:35:00,28.4,-2.000000000000001
2024-12-09 18:55:00,27.7,-2.3888888888888893
2024-12-09 18:57:00,27.3,-2.6111111111111107
2024-12-09 19:05:00,26.6,-2.999999999999999
2024-12-09 19:55:00,27.3,-2.6111111111111107
2024-12-09 20:55:00,25.7,-3.5000000000000004
2024-12-09 21:01:00,24.8,-3.9999999999999996
2024-12-09 21:55:00,26.6,-2.999999999999999
2024-12-09 22:55:00,28.4,-2.000000000000001
2024-12-09 23:55:00,27.3,-2.6111111111111107
2024-12-10 00:55:00,26.1,-3.277777777777777
2024-12-10 01:55:00,26.2,-3.2222222222222223
2024-12-10 02:39:00,26.6,-2.999999999999999
2024-12-10 02:54:00,26.6,-2.999999999999999
2024-12-10 02:55:00,26.8,-2.8888888888888884
2024-12-10 03:24:00,26.6,-2.999999999999999
2024-12-10 03:57:00,25.9,-3.3888888888888897
2024-12-10 04:12:00,24.8,-3.9999999999999996
2024-12-10 04:55:00,24.3,-4.277777777777778
2024-12-10 05:06:00,24.8,-3.9999999999999996
2024-12-10 05:26:00,24.8,-3.9999999999999996
2024-12-10 05:55:00,24.3,-4.277777777777778
2024-12-10 05:56:00,24.3,-4.277777777777778
2024-12-10 06:55:00,22.1,-5.499999999999999
2024-12-10 07:08:00,21.2,-6.0
2024-12-10 07:16:00,17.6,-7.999999999999999
2024-12-10 07:31:00,15.8,-9.0
2024-12-10 07:55:00,20.8,-6.222222222222221
2024-12-10 08:55:00,21.0,-6.111111111111111
2024-12-10 09:40:00,21.2,-6.0
2024-12-10 09:55:00,22.5,-5.277777777777778
2024-12-10 10:25:00,19.4,-7.000000000000001
2024-12-10 10:55:00,10.4,-12.0
2024-12-10 11:55:00,10.4,-12.0
2024-12-10 12:55:00,9.3,-12.61111111111111
2024-12-10 13:55:00,10.0,-12.222222222222221
2024-12-10 14:55:00,11.7,-11.277777777777779
2024-12-10 15:55:00,19.4,-7.000000000000001
2024-12-10 16:05:00,19.4,-7.000000000000001
2024-12-10 16:10:00,19.6,-6.8888888888888875
2024-12-10 16:55:00,24.8,-3.9999999999999996
2024-12-10 17:55:00,28.9,-1.722222222222223
2024-12-10 18:55:00,29.8,-1.2222222222222219
2024-12-10 19:55:00,31.1,-0.4999999999999992
2024-12-10 20:55:00,32.0,0.0
2024-12-10 21:14:00,32.0,0.0
2024-12-10 21:55:00,33.8,0.9999999999999984
2024-12-10 22:55:00,33.3,0.7222222222222207
2024-12-10 23:55:00,29.1,-1.6111111111111103
2024-12-11 00:55:00,27.9,-2.2777777777777786
2024-12-11 01:55:00,25.7,-3.5000000000000004
2024-12-11 02:55:00,23.0,-5.0
2024-12-11 03:55:00,19.6,-6.8888888888888875
2024-12-11 04:55:00,24.8,-3.9999999999999996
2024-12-11 05:55:00,28.4,-2.000000000000001
2024-12-11 06:55:00,23.9,-4.500000000000001
2024-12-11 07:35:00,19.4,-7.000000000000001
2024-12-11 07:55:00,25.2,-3.777777777777778
2024-12-11 08:55:00,25.9,-3.3888888888888897
2024-12-11 09:55:00,19.4,-7.000000000000001
2024-12-11 10:55:00,20.5,-6.388888888888888
2024-12-11 11:55:00,19.0,-7.222222222222222
2024-12-11 12:55:00,21.7,-5.722222222222222
2024-12-11 13:55:00,22.6,-5.222222222222221
2024-12-11 14:55:00,23.2,-4.888888888888889
2024-12-11 15:55:00,28.8,-1.7777777777777772
2024-12-11 16:55:00,35.6,2.000000000000001
2024-12-11 17:55:00,40.5,4.722222222222222
2024-12-11 18:55:00,42.3,5.7222222222222205
2024-12-11 19:55:00,46.6,8.111111111111112
2024-12-11 20:55:00,47.3,8.499999999999998
2024-12-11 21:55:00,47.1,8.38888888888889
2024-12-11 21:55:00,46.4,7.999999999999999
2024-12-11 22:55:00,44.4,6.8888888888888875
2024-12-11 23:55:00,39.4,4.11111111111111
2024-12-12 00:55:00,38.7,3.7222222222222237
2024-12-12 01:55:00,41.0,5.0
2024-12-12 02:55:00,34.0,1.1111111111111112
2024-12-12 03:55:00,29.5,-1.3888888888888888
2024-12-12 04:55:00,29.3,-1.4999999999999996
2024-12-12 05:55:00,30.9,-0.6111111111111119
2024-12-12 06:55:00,40.5,4.722222222222222
2024-12-12 07:55:00,29.8,-1.2222222222222219
2024-12-12 08:55:00,32.0,0.0
2024-12-12 09:55:00,36.7,2.6111111111111125
2024-12-12 10:55:00,27.5,-2.5
2024-12-12 11:55:00,30.4,-0.8888888888888896
2024-12-12 12:55:00,32.0,0.0
2024-12-12 13:55:00,29.3,-1.4999999999999996
2024-12-12 14:55:00,33.1,0.6111111111111119
2024-12-12 15:55:00,37.6,3.1111111111111116
2024-12-12 16:55:00,44.2,6.7777777777777795
2024-12-12 17:55:00,50.0,10.0
2024-12-12 18:55:00,50.7,10.388888888888891
2024-12-12 19:55:00,51.3,10.72222222222222
2024-12-12 20:55:00,48.4,9.11111111111111
2024-12-12 21:55:00,46.4,7.999999999999999
2024-12-12 22:55:00,44.6,7.000000000000001
2024-12-12 23:55:00,44.2,6.7777777777777795
2024-12-13 00:55:00,43.7,6.500000000000002
2024-12-13 01:55:00,42.6,5.888888888888889
2024-12-13 02:55:00,37.4,2.999999999999999
2024-12-13 03:55:00,34.2,1.2222222222222239
2024-12-13 04:55:00,34.0,1.1111111111111112
2024-12-13 05:55:00,29.5,-1.3888888888888888
2024-12-13 06:55:00,29.5,-1.3888888888888888
2024-12-13 07:55:00,29.5,-1.3888888888888888
2024-12-13 08:55:00,25.5,-3.611111111111111
2024-12-13 09:55:00,26.2,-3.2222222222222223
2024-12-13 10:55:00,24.8,-3.9999999999999996
2024-12-13 11:55:00,21.4,-5.888888888888889
2024-12-13 12:55:00,17.2,-8.222222222222223
2024-12-13 13:55:00,20.7,-6.277777777777778
2024-12-13 14:55:00,23.2,-4.888888888888889
2024-12-13 15:55:00,26.8,-2.8888888888888884
2024-12-13 16:55:00,31.1,-0.4999999999999992
2024-12-13 17:55:00,44.6,7.000000000000001
2024-12-13 18:33:00,50.0,10.0
2024-12-13 18:34:00,50.0,10.0
2024-12-13 18:55:00,50.5,10.277777777777777
2024-12-13 19:41:00,51.8,10.999999999999998
2024-12-13 19:55:00,50.9,10.499999999999998
2024-12-13 20:03:00,50.0,10.0
2024-12-13 20:05:00,50.0,10.0
2024-12-13 20:55:00,49.8,9.888888888888888
2024-12-13 21:07:00,50.0,10.0
2024-12-13 21:55:00,46.0,7.777777777777778
2024-12-13 22:07:00,46.4,7.999999999999999
2024-12-13 22:55:00,45.5,7.5
2024-12-13 23:55:00,42.6,5.888888888888889
2024-12-14 00:55:00,39.7,4.2777777777777795
2024-12-14 01:55:00,35.1,1.722222222222223
2024-12-14 02:55:00,36.1,2.2777777777777786
2024-12-14 03:55:00,36.7,2.6111111111111125
2024-12-14 04:55:00,33.6,0.8888888888888896
2024-12-14 05:55:00,31.6,-0.22222222222222143
2024-12-14 06:55:00,31.8,-0.11111111111111072
2024-12-14 07:55:00,32.7,0.38888888888889045
2024-12-14 08:55:00,29.7,-1.2777777777777781
2024-12-14 09:55:00,27.1,-2.7222222222222214
2024-12-14 10:55:00,24.4,-4.222222222222223
2024-12-14 11:55:00,25.2,-3.777777777777778
2024-12-14 12:55:00,26.4,-3.1111111111111116
2024-12-14 13:55:00,26.2,-3.2222222222222223
2024-12-14 14:55:00,27.3,-2.6111111111111107
2024-12-14 15:55:00,36.7,2.6111111111111125
2024-12-14 16:55:00,42.4,5.777777777777777
2024-12-14 17:55:00,45.0,7.222222222222222
2024-12-14 18:55:00,46.0,7.777777777777778
2024-12-14 19:55:00,47.8,8.777777777777777
2024-12-14 20:55:00,51.3,10.72222222222222
2024-12-14 21:55:00,49.6,9.777777777777779
2024-12-14 22:55:00,47.5,8.61111111111111
2024-12-14 23:55:00,43.7,6.500000000000002
2024-12-15 00:55:00,43.5,6.388888888888888
2024-12-15 01:55:00,39.0,3.888888888888889
2024-12-15 02:55:00,34.5,1.3888888888888888
2024-12-15 03:55:00,34.2,1.2222222222222239
2024-12-15 04:55:00,32.9,0.4999999999999992
2024-12-15 05:55:00,29.3,-1.4999999999999996
2024-12-15 06:55:00,31.1,-0.4999999999999992
2024-12-15 07:55:00,29.5,-1.3888888888888888
2024-12-15 08:55:00,51.1,10.611111111111112
2024-12-15 09:55:00,52.7,11.500000000000002
2024-12-15 10:55:00,49.1,9.5
2024-12-15 11:55:00,45.5,7.5
2024-12-15 12:55:00,44.6,7.000000000000001
2024-12-15 13:55:00,45.9,7.722222222222221
2024-12-15 14:55:00,42.4,5.777777777777777
2024-12-15 15:55:00,48.9,9.388888888888888
2024-12-15 16:25:00,51.8,10.999999999999998
2024-12-15 16:55:00,54.3,12.388888888888888
2024-12-15 17:55:00,55.2,12.88888888888889
2024-12-15 18:11:00,55.4,12.999999999999998
2024-12-15 18:17:00,55.4,12.999999999999998
2024-12-15 18:55:00,56.8,13.777777777777775
2024-12-15 18:58:00,55.4,12.999999999999998
2024-12-15 19:55:00,56.3,13.499999999999998
2024-12-15 20:08:00,57.2,14.000000000000002
2024-12-15 20:19:00,57.2,14.000000000000002
2024-12-15 20:49:00,57.2,14.000000000000002
2024-12-15 20:55:00,56.8,13.777777777777775
2024-12-15 20:57:00,57.2,14.000000000000002
2024-12-15 21:04:00,57.2,14.000000000000002
2024-12-15 21:09:00,57.2,14.000000000000002
2024-12-15 21:55:00,55.0,12.777777777777777
2024-12-15 22:55:00,54.3,12.388888888888888
2024-12-15 22:57:00,53.6,12.0
2024-12-15 23:04:00,53.6,12.0
2024-12-15 23:40:00,53.6,12.0
2024-12-15 23:46:00,53.6,12.0
2024-12-15 23:55:00,52.0,11.11111111111111
2024-12-16 00:55:00,50.0,10.0
2024-12-16 01:55:00,48.2,9.000000000000002
2024-12-16 02:45:00,48.2,9.000000000000002
2024-12-16 02:47:00,48.2,9.000000000000002
2024-12-16 02:55:00,44.6,7.000000000000001
2024-12-16 03:55:00,36.9,2.7222222222222214
2024-12-16 04:55:00,41.9,5.499999999999999
2024-12-16 05:55:00,35.8,2.1111111111111094
2024-12-16 06:55:00,35.4,1.888888888888888
2024-12-16 07:55:00,34.3,1.2777777777777761
2024-12-16 08:55:00,28.6,-1.888888888888888
2024-12-16 09:55:00,25.0,-3.888888888888889
2024-12-16 10:55:00,30.9,-0.6111111111111119
2024-12-16 11:55:00,28.9,-1.722222222222223
2024-12-16 12:55:00,29.8,-1.2222222222222219
2024-12-16 13:55:00,28.9,-1.722222222222223
2024-12-16 14:55:00,26.6,-2.999999999999999
2024-12-16 15:55:00,32.2,0.11111111111111269
2024-12-16 16:55:00,35.4,1.888888888888888
2024-12-16 17:55:00,36.0,2.2222222222222223
2024-12-16 18:55:00,37.2,2.8888888888888906
2024-12-16 19:55:00,36.7,2.6111111111111125
2024-12-16 20:55:00,38.1,3.3888888888888897
2024-12-16 21:55:00,39.6,4.222222222222223
2024-12-16 22:55:00,37.6,3.1111111111111116
2024-12-16 23:55:00,30.0,-1.1111111111111112
2024-12-17 00:55:00,31.8,-0.11111111111111072
2024-12-17 02:55:00,29.7,-1.2777777777777781
2024-12-17 03:55:00,28.4,-2.000000000000001
2024-12-17 04:55:00,24.3,-4.277777777777778
2024-12-17 05:55:00,25.7,-3.5000000000000004
2024-12-17 06:55:00,26.2,-3.2222222222222223
2024-12-17 07:55:00,24.4,-4.222222222222223
2024-12-17 08:55:00,27.0,-2.7777777777777777
2024-12-17 09:55:00,27.5,-2.5
2024-12-17 10:55:00,32.2,0.11111111111111269
2024-12-17 11:55:00,32.5,0.2777777777777778
2024-12-17 12:55:00,32.4,0.22222222222222143
2024-12-17 13:55:00,31.8,-0.11111111111111072
2024-12-17 14:55:00,37.6,3.1111111111111116
2024-12-17 15:55:00,43.5,6.388888888888888
2024-12-17 16:55:00,47.3,8.499999999999998
2024-12-17 17:55:00,51.8,10.999999999999998
2024-12-17 18:55:00,56.3,13.499999999999998
2024-12-17 19:55:00,54.0,12.222222222222221
2024-12-17 20:55:00,53.1,11.722222222222223
2024-12-17 21:52:00,50.0,10.0
2024-12-17 21:55:00,50.4,10.222222222222221
2024-12-17 22:55:00,48.9,9.388888888888888
2024-12-17 23:55:00,44.6,7.000000000000001
2024-12-18 01:55:00,38.5,3.611111111111111
2024-12-18 02:04:00,37.4,2.999999999999999
2024-12-18 02:23:00,37.4,2.999999999999999
2024-12-18 02:34:00,35.6,2.000000000000001
2024-12-18 02:55:00,35.4,1.888888888888888
2024-12-18 02:58:00,35.6,2.000000000000001
2024-12-18 03:20:00,35.6,2.000000000000001
2024-12-18 03:31:00,35.6,2.000000000000001
2024-12-18 03:55:00,34.7,1.5000000000000016
2024-12-18 04:55:00,33.4,0.777777777777777
2024-12-18 05:55:00,33.6,0.8888888888888896
2024-12-18 06:55:00,32.0,0.0
2024-12-18 07:10:00,30.2,-1.0000000000000004
2024-12-18 07:55:00,30.2,-1.0000000000000004
2024-12-18 13:55:00,23.2,-4.888888888888889
2024-12-18 14:55:00,26.6,-2.999999999999999
2024-12-18 15:55:00,28.6,-1.888888888888888
2024-12-18 15:55:00,28.6,-1.888888888888888
2024-12-18 16:55:00,31.6,-0.22222222222222143
2024-12-18 17:55:00,32.7,0.38888888888889045
2024-12-18 18:55:00,33.8,0.9999999999999984
2024-12-18 19:55:00,37.0,2.7777777777777777
2024-12-18 20:55:00,36.1,2.2777777777777786
2024-12-18 21:55:00,36.0,2.2222222222222223
2024-12-18 22:55:00,35.1,1.722222222222223
2024-12-18 23:55:00,33.6,0.8888888888888896
2024-12-19 00:55:00,33.4,0.777777777777777
2024-12-19 01:55:00,36.1,2.2777777777777786
2024-12-19 02:55:00,32.2,0.11111111111111269
2024-12-19 03:55:00,34.5,1.3888888888888888
2024-12-19 04:55:00,53.6,12.0
2024-12-19 05:55:00,40.3,4.61111111111111
2024-12-19 06:55:00,39.6,4.222222222222223
2024-12-19 07:55:00,45.5,7.5
2024-12-19 08:55:00,48.2,9.000000000000002
2024-12-19 09:55:00,44.8,7.111111111111109
2024-12-19 10:55:00,42.6,5.888888888888889
2024-12-19 11:55:00,44.6,7.000000000000001
2024-12-19 12:55:00,45.5,7.5
2024-12-19 13:55:00,46.2,7.88888888888889
2024-12-19 14:55:00,41.2,5.1111111111111125
2024-12-19 15:55:00,45.5,7.5
2024-12-19 16:55:00,49.1,9.5
2024-12-19 17:55:00,57.0,13.88888888888889
2024-12-19 18:55:00,54.1,12.277777777777779
2024-12-19 19:55:00,55.9,13.277777777777777
2024-12-19 20:55:00,55.2,12.88888888888889
2024-12-19 21:55:00,54.9,12.722222222222221
2024-12-19 22:55:00,49.6,9.777777777777779
2024-12-19 22:55:00,49.6,9.777777777777779
2024-12-19 23:55:00,42.6,5.888888888888889
2024-12-20 00:55:00,42.4,5.777777777777777
2024-12-20 01:55:00,40.3,4.61111111111111
2024-12-20 02:55:00,36.1,2.2777777777777786
2024-12-20 03:55:00,35.8,2.1111111111111094
2024-12-20 04:55:00,34.7,1.5000000000000016
2024-12-20 05:55:00,31.6,-0.22222222222222143
2024-12-20 06:55:00,31.3,-0.3888888888888885
2024-12-20 07:55:00,29.5,-1.3888888888888888
2024-12-20 08:55:00,26.8,-2.8888888888888884
2024-12-20 09:55:00,26.4,-3.1111111111111116
2024-12-20 10:55:00,23.9,-4.500000000000001
2024-12-20 11:55:00,30.2,-1.0000000000000004
2024-12-20 12:55:00,23.5,-4.722222222222222
2024-12-20 13:55:00,25.7,-3.5000000000000004
2024-12-20 14:55:00,31.8,-0.11111111111111072
2024-12-20 15:55:00,39.6,4.222222222222223
2024-12-20 16:55:00,42.4,5.777777777777777
2024-12-20 17:55:00,48.4,9.11111111111111
2024-12-20 18:55:00,53.8,12.111111111111109
2024-12-20 19:55:00,57.9,14.388888888888888
2024-12-20 20:55:00,56.5,13.61111111111111
2024-12-20 21:55:00,54.5,12.5
2024-12-20 22:55:00,52.3,11.277777777777777
2024-12-20 23:55:00,46.6,8.111111111111112
2024-12-21 00:55:00,40.6,4.777777777777779
2024-12-21 01:55:00,43.0,6.111111111111111
2024-12-21 02:55:00,34.0,1.1111111111111112
2024-12-21 03:55:00,42.4,5.777777777777777
2024-12-21 04:55:00,42.1,5.611111111111112
2024-12-21 05:55:00,38.3,3.4999999999999982
2024-12-21 06:55:00,36.1,2.2777777777777786
2024-12-21 07:55:00,32.4,0.22222222222222143
2024-12-21 08:55:00,42.4,5.777777777777777
2024-12-21 09:55:00,38.3,3.4999999999999982
2024-12-21 10:55:00,37.6,3.1111111111111116
2024-12-21 11:55:00,43.3,6.277777777777776
2024-12-21 12:55:00,43.2,6.222222222222223
2024-12-21 13:55:00,40.8,4.8888888888888875
2024-12-21 14:55:00,43.5,6.388888888888888
2024-12-21 15:55:00,48.2,9.000000000000002
2024-12-21 16:55:00,51.6,10.88888888888889
2024-12-21 17:55:00,53.4,11.888888888888888
2024-12-21 18:55:00,55.4,12.999999999999998
2024-12-21 19:55:00,57.7,14.277777777777779
2024-12-21 20:55:00,57.6,14.222222222222223
2024-12-21 21:55:00,57.6,14.222222222222223
2024-12-21 22:55:00,54.1,12.277777777777779
2024-12-21 23:55:00,51.8,10.999999999999998
2024-12-22 00:55:00,39.6,4.222222222222223
2024-12-22 01:55:00,36.5,2.5
2024-12-22 02:55:00,36.5,2.5
2024-12-22 03:55:00,36.7,2.6111111111111125
2024-12-22 04:55:00,34.9,1.6111111111111103
2024-12-22 05:55:00,33.3,0.7222222222222207
2024-12-22 06:55:00,34.2,1.2222222222222239
2024-12-22 07:55:00,37.9,3.277777777777777
2024-12-22 08:55:00,36.7,2.6111111111111125
2024-12-22 09:55:00,39.2,4.000000000000002
2024-12-22 10:55:00,39.6,4.222222222222223
2024-12-22 11:55:00,50.2,10.111111111111112
2024-12-22 12:55:00,46.9,8.277777777777777
2024-12-22 13:55:00,40.6,4.777777777777779
2024-12-22 14:55:00,47.5,8.61111111111111
2024-12-22 15:55:00,46.6,8.111111111111112
2024-12-22 16:55:00,52.9,11.61111111111111
2024-12-22 17:55:00,59.5,15.277777777777777
2024-12-22 18:55:00,62.4,16.88888888888889
2024-12-22 19:55:00,61.0,16.11111111111111
2024-12-22 20:55:00,60.3,15.72222222222222
2024-12-22 21:55:00,59.4,15.222222222222221
2024-12-22 22:55:00,55.4,12.999999999999998
2024-12-22 23:55:00,52.7,11.500000000000002
2024-12-23 00:55:00,48.7,9.277777777777779
2024-12-23 01:55:00,46.2,7.88888888888889
2024-12-23 02:55:00,46.9,8.277777777777777
2024-12-23 03:55:00,46.8,8.22222222222222
2024-12-23 04:55:00,47.5,8.61111111111111
2024-12-23 05:55:00,45.7,7.6111111111111125
2024-12-23 06:55:00,43.7,6.500000000000002
2024-12-23 07:55:00,44.1,6.722222222222223
2024-12-23 08:55:00,43.5,6.388888888888888
2024-12-23 09:55:00,42.8,5.999999999999998
2024-12-23 10:55:00,41.5,5.277777777777778
2024-12-23 11:55:00,40.8,4.8888888888888875
2024-12-23 12:55:00,42.8,5.999999999999998
2024-12-23 13:55:00,45.0,7.222222222222222
2024-12-23 14:55:00,42.8,5.999999999999998
2024-12-23 15:55:00,44.4,6.8888888888888875
2024-12-23 16:55:00,45.9,7.722222222222221
2024-12-23 17:55:00,47.7,8.722222222222223
2024-12-23 18:55:00,49.5,9.722222222222221
2024-12-23 19:55:00,49.6,9.777777777777779
2024-12-23 20:55:00,49.5,9.722222222222221
2024-12-23 21:55:00,46.8,8.22222222222222
2024-12-23 22:55:00,44.8,7.111111111111109
2024-12-23 23:55:00,41.5,5.277777777777778
2024-12-24 00:55:00,40.8,4.8888888888888875
2024-12-24 01:55:00,41.2,5.1111111111111125
2024-12-24 02:55:00,39.7,4.2777777777777795
2024-12-24 03:55:00,39.0,3.888888888888889
2024-12-24 04:55:00,35.6,2.000000000000001
2024-12-24 05:55:00,36.0,2.2222222222222223
2024-12-24 06:55:00,30.4,-0.8888888888888896
2024-12-24 07:55:00,31.5,-0.2777777777777778
2024-12-24 08:55:00,31.6,-0.22222222222222143
2024-12-24 09:55:00,31.8,-0.11111111111111072
2024-12-24 10:55:00,30.0,-1.1111111111111112
2024-12-24 11:55:00,28.2,-2.1111111111111116
2024-12-24 12:55:00,28.9,-1.722222222222223
2024-12-24 13:55:00,28.4,-2.000000000000001
2024-12-24 14:55:00,33.1,0.6111111111111119
2024-12-24 15:55:00,38.3,3.4999999999999982
2024-12-24 16:55:00,44.4,6.8888888888888875
2024-12-24 17:55:00,48.2,9.000000000000002
2024-12-24 18:55:00,50.2,10.111111111111112
2024-12-24 19:55:00,52.2,11.222222222222223
2024-12-24 20:55:00,53.2,11.777777777777779
2024-12-24 21:55:00,51.4,10.777777777777777
2024-12-24 22:55:00,48.9,9.388888888888888
2024-12-24 23:55:00,42.6,5.888888888888889
2024-12-25 00:55:00,41.0,5.0
2024-12-25 01:55:00,41.2,5.1111111111111125
2024-12-25 02:55:00,38.5,3.611111111111111
2024-12-25 03:55:00,39.6,4.222222222222223
2024-12-25 04:55:00,33.4,0.777777777777777
2024-12-25 05:55:00,30.6,-0.777777777777777
2024-12-25 06:55:00,29.1,-1.6111111111111103
2024-12-25 07:55:00,32.5,0.2777777777777778
2024-12-25 08:55:00,27.5,-2.5
2024-12-25 09:55:00,29.1,-1.6111111111111103
2024-12-25 10:55:00,27.7,-2.3888888888888893
2024-12-25 11:55:00,30.7,-0.7222222222222227
2024-12-25 12:55:00,29.5,-1.3888888888888888
2024-12-25 13:55:00,31.8,-0.11111111111111072
2024-12-25 14:55:00,32.0,0.0
2024-12-25 15:55:00,38.7,3.7222222222222237
2024-12-25 16:55:00,41.0,5.0
2024-12-25 17:55:00,45.1,7.277777777777779
2024-12-25 18:55:00,47.3,8.499999999999998
2024-12-25 19:55:00,49.5,9.722222222222221
2024-12-25 20:55:00,48.9,9.388888888888888
2024-12-25 21:55:00,49.1,9.5
2024-12-25 22:55:00,46.6,8.111111111111112
2024-12-25 23:55:00,45.1,7.277777777777779
2024-12-26 00:55:00,43.5,6.388888888888888
2024-12-26 01:55:00,39.9,4.388888888888888
2024-12-26 02:55:00,40.3,4.61111111111111
2024-12-26 03:55:00,36.7,2.6111111111111125
2024-12-26 04:55:00,38.3,3.4999999999999982
2024-12-26 05:55:00,40.3,4.61111111111111
2024-12-26 06:55:00,42.4,5.777777777777777
2024-12-26 07:55:00,39.4,4.11111111111111
2024-12-26 08:55:00,37.6,3.1111111111111116
2024-12-26 09:55:00,38.8,3.777777777777776
2024-12-26 10:55:00,36.7,2.6111111111111125
2024-12-26 11:55:00,35.1,1.722222222222223
2024-12-26 12:25:00,30.2,-1.0000000000000004
2024-12-26 12:55:00,27.5,-2.5
2024-12-26 13:10:00,26.6,-2.999999999999999
2024-12-26 13:55:00,29.7,-1.2777777777777781
2024-12-26 14:55:00,29.3,-1.4999999999999996
2024-12-26 15:55:00,34.9,1.6111111111111103
2024-12-26 16:55:00,43.0,6.111111111111111
2024-12-26 17:55:00,45.7,7.6111111111111125
2024-12-26 18:55:00,48.9,9.388888888888888
2024-12-26 19:55:00,49.6,9.777777777777779
2024-12-26 20:12:00,50.0,10.0
2024-12-26 20:55:00,48.2,9.000000000000002
2024-12-26 21:55:00,46.6,8.111111111111112
2024-12-26 22:55:00,43.3,6.277777777777776
2024-12-26 23:55:00,42.6,5.888888888888889
2024-12-27 00:55:00,40.1,4.500000000000001
2024-12-27 01:55:00,37.6,3.1111111111111116
2024-12-27 02:55:00,39.9,4.388888888888888
2024-12-27 03:55:00,37.8,3.2222222222222205
2024-12-27 04:55:00,41.2,5.1111111111111125
2024-12-27 05:55:00,40.8,4.8888888888888875
2024-12-27 06:55:00,32.5,0.2777777777777778
2024-12-27 07:55:00,28.8,-1.7777777777777772
2024-12-27 08:55:00,30.4,-0.8888888888888896
2024-12-27 09:55:00,32.5,0.2777777777777778
2024-12-27 10:55:00,27.7,-2.3888888888888893
2024-12-27 11:55:00,35.1,1.722222222222223
2024-12-27 12:55:00,34.5,1.3888888888888888
2024-12-27 13:55:00,36.1,2.2777777777777786
2024-12-27 14:55:00,35.2,1.7777777777777792
2024-12-27 15:55:00,43.3,6.277777777777776
2024-12-27 16:55:00,43.9,6.61111111111111
2024-12-27 17:55:00,45.9,7.722222222222221
2024-12-27 18:55:00,48.9,9.388888888888888
2024-12-27 19:55:00,46.9,8.277777777777777
2024-12-27 20:55:00,48.2,9.000000000000002
2024-12-27 21:55:00,47.5,8.61111111111111
2024-12-27 22:55:00,45.0,7.222222222222222
2024-12-27 23:55:00,41.9,5.499999999999999
2024-12-28 00:55:00,41.4,5.222222222222221
2024-12-28 01:55:00,39.6,4.222222222222223
2024-12-28 02:55:00,42.1,5.611111111111112
2024-12-28 03:55:00,35.6,2.000000000000001
2024-12-28 04:55:00,34.3,1.2777777777777761
2024-12-28 05:55:00,32.0,0.0
2024-12-28 06:55:00,29.3,-1.4999999999999996
2024-12-28 07:55:00,28.0,-2.2222222222222223
2024-12-28 08:55:00,28.6,-1.888888888888888
2024-12-28 09:55:00,28.2,-2.1111111111111116
2024-12-28 10:55:00,28.0,-2.2222222222222223
2024-12-28 11:55:00,26.6,-2.999999999999999
2024-12-28 12:55:00,28.4,-2.000000000000001
2024-12-28 13:55:00,29.8,-1.2222222222222219
2024-12-28 14:55:00,31.5,-0.2777777777777778
2024-12-28 15:55:00,37.6,3.1111111111111116
2024-12-28 16:55:00,41.5,5.277777777777778
2024-12-28 17:55:00,45.0,7.222222222222222
2024-12-28 18:55:00,48.4,9.11111111111111
2024-12-28 19:55:00,50.9,10.499999999999998
2024-12-28 20:55:00,53.2,11.777777777777779
2024-12-28 21:55:00,52.2,11.222222222222223
2024-12-28 22:55:00,52.0,11.11111111111111
2024-12-28 23:55:00,50.0,10.0
2024-12-29 00:55:00,50.5,10.277777777777777
2024-12-29 01:55:00,47.7,8.722222222222223
2024-12-29 02:55:00,41.2,5.1111111111111125
2024-12-29 03:55:00,45.3,7.3888888888888875
2024-12-29 04:55:00,39.0,3.888888888888889
2024-12-29 05:55:00,39.0,3.888888888888889
2024-12-29 06:55:00,37.4,2.999999999999999
2024-12-29 07:55:00,34.9,1.6111111111111103
2024-12-29 08:55:00,41.5,5.277777777777778
2024-12-29 09:55:00,36.3,2.388888888888887
2024-12-29 10:55:00,38.5,3.611111111111111
2024-12-29 11:55:00,36.3,2.388888888888887
2024-12-29 12:55:00,35.1,1.722222222222223
2024-12-29 13:55:00,36.9,2.7222222222222214
2024-12-29 14:55:00,32.2,0.11111111111111269
2024-12-29 15:55:00,40.5,4.722222222222222
2024-12-29 16:55:00,41.4,5.222222222222221
2024-12-29 17:55:00,44.1,6.722222222222223
2024-12-29 18:55:00,45.0,7.222222222222222
2024-12-29 19:55:00,47.8,8.777777777777777
2024-12-29 20:55:00,49.1,9.5
2024-12-29 21:55:00,50.9,10.499999999999998
2024-12-29 22:55:00,51.3,10.72222222222222
2024-12-29 23:55:00,45.0,7.222222222222222
2024-12-30 00:55:00,47.8,8.777777777777777
2024-12-30 01:55:00,43.3,6.277777777777776
2024-12-30 02:55:00,49.6,9.777777777777779
2024-12-30 03:55:00,50.2,10.111111111111112
2024-12-30 04:55:00,50.2,10.111111111111112
2024-12-30 05:55:00,48.9,9.388888888888888
2024-12-30 06:55:00,54.0,12.222222222222221
2024-12-30 07:55:00,52.0,11.11111111111111
2024-12-30 08:55:00,50.4,10.222222222222221
2024-12-30 09:55:00,44.1,6.722222222222223
2024-12-30 10:00:00,44.6,7.000000000000001
2024-12-30 10:55:00,46.0,7.777777777777778
2024-12-30 11:55:00,39.7,4.2777777777777795
2024-12-30 12:55:00,41.0,5.0
2024-12-30 13:55:00,41.2,5.1111111111111125
2024-12-30 14:55:00,38.1,3.3888888888888897
2024-12-30 15:55:00,43.5,6.388888888888888
2024-12-30 16:55:00,43.5,6.388888888888888
2024-12-30 17:55:00,45.3,7.3888888888888875
2024-12-30 18:46:00,48.2,9.000000000000002
2024-12-30 18:55:00,47.7,8.722222222222223
2024-12-30 19:10:00,48.2,9.000000000000002
2024-12-30 19:55:00,48.0,8.88888888888889
2024-12-30 20:55:00,47.5,8.61111111111111
2024-12-30 21:55:00,46.6,8.111111111111112
2024-12-30 22:55:00,43.0,6.111111111111111
2024-12-30 23:55:00,39.4,4.11111111111111
